Model,Curve,X,Y,Threshold
Original XGBoost,ROC,0.0,0.0,inf
Original XGBoost,ROC,0.0,0.00546448087431694,0.9038967
Original XGBoost,ROC,0.0,0.07650273224043716,0.5646127
Original XGBoost,ROC,0.0029498525073746312,0.07650273224043716,0.5100693
Original XGBoost,ROC,0.0029498525073746312,0.16393442622950818,0.24757335
Original XGBoost,ROC,0.0058997050147492625,0.16393442622950818,0.24094138
Original XGBoost,ROC,0.0058997050147492625,0.17486338797814208,0.23331273
Original XGBoost,ROC,0.011799410029498525,0.17486338797814208,0.2204668
Original XGBoost,ROC,0.011799410029498525,0.18032786885245902,0.21734686
Original XGBoost,ROC,0.014749262536873156,0.18032786885245902,0.21734366
Original XGBoost,ROC,0.014749262536873156,0.18579234972677597,0.21583726
Original XGBoost,ROC,0.02064896755162242,0.18579234972677597,0.20000173
Original XGBoost,ROC,0.02064896755162242,0.20218579234972678,0.18647371
Original XGBoost,ROC,0.02654867256637168,0.20218579234972678,0.17902526
Original XGBoost,ROC,0.02654867256637168,0.20765027322404372,0.17526582
Original XGBoost,ROC,0.032448377581120944,0.20765027322404372,0.17210309
Original XGBoost,ROC,0.032448377581120944,0.2185792349726776,0.16986759
Original XGBoost,ROC,0.04129793510324484,0.2185792349726776,0.16702442
Original XGBoost,ROC,0.04129793510324484,0.2459016393442623,0.16195798
Original XGBoost,ROC,0.05014749262536873,0.2459016393442623,0.15088552
Original XGBoost,ROC,0.05014749262536873,0.25136612021857924,0.15049566
Original XGBoost,ROC,0.05309734513274336,0.25136612021857924,0.14875461
Original XGBoost,ROC,0.05309734513274336,0.26229508196721313,0.13999724
Original XGBoost,ROC,0.05604719764011799,0.26229508196721313,0.13949269
Original XGBoost,ROC,0.05604719764011799,0.2677595628415301,0.13937695
Original XGBoost,ROC,0.06784660766961652,0.2677595628415301,0.13512284
Original XGBoost,ROC,0.06784660766961652,0.2896174863387978,0.13162377
Original XGBoost,ROC,0.07964601769911504,0.2896174863387978,0.12852477
Original XGBoost,ROC,0.07964601769911504,0.29508196721311475,0.12812318
Original XGBoost,ROC,0.08259587020648967,0.29508196721311475,0.12577666
Original XGBoost,ROC,0.08259587020648967,0.31693989071038253,0.12433665
Original XGBoost,ROC,0.08849557522123894,0.31693989071038253,0.12393979
Original XGBoost,ROC,0.08849557522123894,0.32786885245901637,0.12355195
Original XGBoost,ROC,0.09734513274336283,0.32786885245901637,0.121476315
Original XGBoost,ROC,0.09734513274336283,0.34972677595628415,0.12031878
Original XGBoost,ROC,0.10324483775811209,0.34972677595628415,0.11690369
Original XGBoost,ROC,0.10324483775811209,0.3551912568306011,0.11588085
Original XGBoost,ROC,0.12094395280235988,0.3551912568306011,0.113497764
Original XGBoost,ROC,0.12094395280235988,0.366120218579235,0.11207962
Original XGBoost,ROC,0.13569321533923304,0.366120218579235,0.108965605
Original XGBoost,ROC,0.13569321533923304,0.3770491803278688,0.1049796
Original XGBoost,ROC,0.1415929203539823,0.3770491803278688,0.10432065
Original XGBoost,ROC,0.1415929203539823,0.3825136612021858,0.10416794
Original XGBoost,ROC,0.1504424778761062,0.3825136612021858,0.10076177
Original XGBoost,ROC,0.1504424778761062,0.39344262295081966,0.09740593
Original XGBoost,ROC,0.15634218289085547,0.39344262295081966,0.096738726
Original XGBoost,ROC,0.15634218289085547,0.3989071038251366,0.0963829
Original XGBoost,ROC,0.168141592920354,0.3989071038251366,0.093709566
Original XGBoost,ROC,0.168141592920354,0.4098360655737705,0.091372326
Original XGBoost,ROC,0.18584070796460178,0.4098360655737705,0.08667971
Original XGBoost,ROC,0.18584070796460178,0.41530054644808745,0.086655825
Original XGBoost,ROC,0.20353982300884957,0.41530054644808745,0.081976555
Original XGBoost,ROC,0.20353982300884957,0.4207650273224044,0.081761345
Original XGBoost,ROC,0.22713864306784662,0.4207650273224044,0.0777484
Original XGBoost,ROC,0.22713864306784662,0.4371584699453552,0.07753343
Original XGBoost,ROC,0.23303834808259588,0.4371584699453552,0.07557371
Original XGBoost,ROC,0.23303834808259588,0.44808743169398907,0.07542301
Original XGBoost,ROC,0.2448377581120944,0.44808743169398907,0.07457458
Original XGBoost,ROC,0.2448377581120944,0.453551912568306,0.07389896
Original XGBoost,ROC,0.24778761061946902,0.453551912568306,0.073844306
Original XGBoost,ROC,0.24778761061946902,0.46994535519125685,0.07276592
Original XGBoost,ROC,0.2536873156342183,0.46994535519125685,0.07244034
Original XGBoost,ROC,0.2536873156342183,0.4808743169398907,0.07223343
Original XGBoost,ROC,0.26843657817109146,0.4808743169398907,0.06978931
Original XGBoost,ROC,0.26843657817109146,0.48633879781420764,0.06972654
Original XGBoost,ROC,0.28023598820059,0.48633879781420764,0.06912275
Original XGBoost,ROC,0.28023598820059,0.4918032786885246,0.06905195
Original XGBoost,ROC,0.2861356932153392,0.4918032786885246,0.06810224
Original XGBoost,ROC,0.2861356932153392,0.5027322404371585,0.0666229
Original XGBoost,ROC,0.2949852507374631,0.5027322404371585,0.06638003
Original XGBoost,ROC,0.2949852507374631,0.5081967213114754,0.066378966
Original XGBoost,ROC,0.3008849557522124,0.5081967213114754,0.06610475
Original XGBoost,ROC,0.3008849557522124,0.5136612021857924,0.06609182
Original XGBoost,ROC,0.31563421828908556,0.5136612021857924,0.06447244
Original XGBoost,ROC,0.31563421828908556,0.5191256830601093,0.064445704
Original XGBoost,ROC,0.3185840707964602,0.5191256830601093,0.06369664
Original XGBoost,ROC,0.3185840707964602,0.5300546448087432,0.063429795
Original XGBoost,ROC,0.3215339233038348,0.5300546448087432,0.06274538
Original XGBoost,ROC,0.3215339233038348,0.546448087431694,0.06171739
Original XGBoost,ROC,0.3392330383480826,0.546448087431694,0.059500683
Original XGBoost,ROC,0.3392330383480826,0.5519125683060109,0.05946753
Original XGBoost,ROC,0.35693215339233036,0.5519125683060109,0.057329938
Original XGBoost,ROC,0.35693215339233036,0.5573770491803278,0.057291914
Original XGBoost,ROC,0.37168141592920356,0.5573770491803278,0.0568611
Original XGBoost,ROC,0.37168141592920356,0.5628415300546448,0.056754354
Original XGBoost,ROC,0.3834808259587021,0.5628415300546448,0.05612032
Original XGBoost,ROC,0.3834808259587021,0.5737704918032787,0.055829145
Original XGBoost,ROC,0.39233038348082594,0.5737704918032787,0.0544173
Original XGBoost,ROC,0.39233038348082594,0.5792349726775956,0.05426288
Original XGBoost,ROC,0.3952802359882006,0.5792349726775956,0.05369105
Original XGBoost,ROC,0.3952802359882006,0.5846994535519126,0.052807402
Original XGBoost,ROC,0.39823008849557523,0.5846994535519126,0.052782018
Original XGBoost,ROC,0.39823008849557523,0.5901639344262295,0.052004866
Original XGBoost,ROC,0.40412979351032446,0.5901639344262295,0.051099945
Original XGBoost,ROC,0.40412979351032446,0.5956284153005464,0.05087416
Original XGBoost,ROC,0.40707964601769914,0.5956284153005464,0.05080799
Original XGBoost,ROC,0.40707964601769914,0.6010928961748634,0.050554644
Original XGBoost,ROC,0.41002949852507375,0.6010928961748634,0.0497991
Original XGBoost,ROC,0.41002949852507375,0.6065573770491803,0.049667165
Original XGBoost,ROC,0.41297935103244837,0.6065573770491803,0.04960235
Original XGBoost,ROC,0.41297935103244837,0.6174863387978142,0.04931714
Original XGBoost,ROC,0.41887905604719766,0.6174863387978142,0.048972588
Original XGBoost,ROC,0.41887905604719766,0.6229508196721312,0.048746694
Original XGBoost,ROC,0.4247787610619469,0.6229508196721312,0.048330598
Original XGBoost,ROC,0.4247787610619469,0.6284153005464481,0.047981273
Original XGBoost,ROC,0.4365781710914454,0.6284153005464481,0.04659056
Original XGBoost,ROC,0.4365781710914454,0.6338797814207651,0.04655399
Original XGBoost,ROC,0.43952802359882004,0.6338797814207651,0.046486113
Original XGBoost,ROC,0.43952802359882004,0.644808743169399,0.046269517
Original XGBoost,ROC,0.4424778761061947,0.644808743169399,0.046248462
Original XGBoost,ROC,0.4424778761061947,0.6502732240437158,0.045906544
Original XGBoost,ROC,0.44837758112094395,0.6502732240437158,0.045635447
Original XGBoost,ROC,0.44837758112094395,0.6557377049180327,0.045569524
Original XGBoost,ROC,0.45427728613569324,0.6557377049180327,0.045261893
Original XGBoost,ROC,0.45427728613569324,0.6612021857923497,0.04517997
Original XGBoost,ROC,0.4690265486725664,0.6612021857923497,0.044237453
Original XGBoost,ROC,0.4690265486725664,0.6666666666666666,0.0441253
Original XGBoost,ROC,0.4778761061946903,0.6666666666666666,0.043055244
Original XGBoost,ROC,0.4778761061946903,0.6721311475409836,0.04295605
Original XGBoost,ROC,0.4808259587020649,0.6721311475409836,0.04294477
Original XGBoost,ROC,0.4808259587020649,0.6830601092896175,0.042398144
Original XGBoost,ROC,0.49852507374631266,0.6830601092896175,0.041094348
Original XGBoost,ROC,0.49852507374631266,0.6939890710382514,0.040997904
Original XGBoost,ROC,0.504424778761062,0.6939890710382514,0.040703014
Original XGBoost,ROC,0.504424778761062,0.6994535519125683,0.039874833
Original XGBoost,ROC,0.5191740412979351,0.6994535519125683,0.039349217
Original XGBoost,ROC,0.5191740412979351,0.7049180327868853,0.039166696
Original XGBoost,ROC,0.5221238938053098,0.7049180327868853,0.038803563
Original XGBoost,ROC,0.5221238938053098,0.7158469945355191,0.038767707
Original XGBoost,ROC,0.5250737463126843,0.7158469945355191,0.03841161
Original XGBoost,ROC,0.5250737463126843,0.726775956284153,0.038407505
Original XGBoost,ROC,0.5339233038348082,0.726775956284153,0.037862625
Original XGBoost,ROC,0.5339233038348082,0.7377049180327869,0.037706997
Original XGBoost,ROC,0.5368731563421829,0.7377049180327869,0.037695717
Original XGBoost,ROC,0.5368731563421829,0.7431693989071039,0.037666813
Original XGBoost,ROC,0.56047197640118,0.7431693989071039,0.037021652
Original XGBoost,ROC,0.56047197640118,0.7486338797814208,0.03656096
Original XGBoost,ROC,0.5634218289085545,0.7486338797814208,0.036534462
Original XGBoost,ROC,0.5634218289085545,0.7540983606557377,0.03647883
Original XGBoost,ROC,0.5781710914454278,0.7540983606557377,0.035235964
Original XGBoost,ROC,0.5781710914454278,0.7595628415300546,0.035167813
Original XGBoost,ROC,0.5811209439528023,0.7595628415300546,0.03504942
Original XGBoost,ROC,0.5811209439528023,0.7650273224043715,0.035034318
Original XGBoost,ROC,0.5870206489675516,0.7650273224043715,0.03449121
Original XGBoost,ROC,0.5870206489675516,0.7704918032786885,0.034369964
Original XGBoost,ROC,0.6047197640117994,0.7704918032786885,0.03349905
Original XGBoost,ROC,0.6047197640117994,0.7759562841530054,0.03336364
Original XGBoost,ROC,0.640117994100295,0.7759562841530054,0.031343214
Original XGBoost,ROC,0.640117994100295,0.7814207650273224,0.031167055
Original XGBoost,ROC,0.6489675516224189,0.7814207650273224,0.030949142
Original XGBoost,ROC,0.6489675516224189,0.7868852459016393,0.030823782
Original XGBoost,ROC,0.6548672566371682,0.7868852459016393,0.0306476
Original XGBoost,ROC,0.6548672566371682,0.7923497267759563,0.030489901
Original XGBoost,ROC,0.6696165191740413,0.7923497267759563,0.02997243
Original XGBoost,ROC,0.6696165191740413,0.7978142076502732,0.029812101
Original XGBoost,ROC,0.6843657817109144,0.7978142076502732,0.029306987
Original XGBoost,ROC,0.6843657817109144,0.8032786885245902,0.029248185
Original XGBoost,ROC,0.6902654867256637,0.8032786885245902,0.029201282
Original XGBoost,ROC,0.6902654867256637,0.8087431693989071,0.028885739
Original XGBoost,ROC,0.6932153392330384,0.8087431693989071,0.028863173
Original XGBoost,ROC,0.6932153392330384,0.8142076502732241,0.028855797
Original XGBoost,ROC,0.7079646017699115,0.8142076502732241,0.028406302
Original XGBoost,ROC,0.7079646017699115,0.819672131147541,0.028139671
Original XGBoost,ROC,0.7109144542772862,0.819672131147541,0.028071314
Original XGBoost,ROC,0.7109144542772862,0.825136612021858,0.02798942
Original XGBoost,ROC,0.7168141592920354,0.825136612021858,0.027739495
Original XGBoost,ROC,0.7168141592920354,0.8306010928961749,0.027678013
Original XGBoost,ROC,0.7345132743362832,0.8306010928961749,0.026935484
Original XGBoost,ROC,0.7345132743362832,0.8360655737704918,0.026543284
Original XGBoost,ROC,0.7551622418879056,0.8360655737704918,0.025595266
Original XGBoost,ROC,0.7551622418879056,0.8469945355191257,0.02551534
Original XGBoost,ROC,0.7581120943952803,0.8469945355191257,0.025425725
Original XGBoost,ROC,0.7581120943952803,0.8633879781420765,0.025059102
Original XGBoost,ROC,0.7610619469026548,0.8633879781420765,0.02505443
Original XGBoost,ROC,0.7610619469026548,0.8743169398907104,0.02493714
Original XGBoost,ROC,0.7669616519174042,0.8743169398907104,0.024873437
Original XGBoost,ROC,0.7669616519174042,0.8797814207650273,0.024811585
Original XGBoost,ROC,0.7787610619469026,0.8797814207650273,0.024338493
Original XGBoost,ROC,0.7787610619469026,0.8907103825136612,0.024251346
Original XGBoost,ROC,0.7876106194690266,0.8907103825136612,0.024075402
Original XGBoost,ROC,0.7876106194690266,0.8961748633879781,0.02370342
Original XGBoost,ROC,0.8053097345132744,0.8961748633879781,0.023059517
Original XGBoost,ROC,0.8053097345132744,0.9016393442622951,0.02299753
Original XGBoost,ROC,0.8141592920353983,0.9016393442622951,0.022146063
Original XGBoost,ROC,0.8141592920353983,0.912568306010929,0.022010883
Original XGBoost,ROC,0.8259587020648967,0.912568306010929,0.021362342
Original XGBoost,ROC,0.8259587020648967,0.9234972677595629,0.021265646
Original XGBoost,ROC,0.8377581120943953,0.9234972677595629,0.020359712
Original XGBoost,ROC,0.8377581120943953,0.9289617486338798,0.020249426
Original XGBoost,ROC,0.8672566371681416,0.9289617486338798,0.01945461
Original XGBoost,ROC,0.8672566371681416,0.9344262295081968,0.019379333
Original XGBoost,ROC,0.8761061946902655,0.9344262295081968,0.018862393
Original XGBoost,ROC,0.8761061946902655,0.9398907103825137,0.018591035
Original XGBoost,ROC,0.9144542772861357,0.9398907103825137,0.017050894
Original XGBoost,ROC,0.9144542772861357,0.9453551912568307,0.01699975
Original XGBoost,ROC,0.9203539823008849,0.9453551912568307,0.016883787
Original XGBoost,ROC,0.9203539823008849,0.9508196721311475,0.016838219
Original XGBoost,ROC,0.9292035398230089,0.9508196721311475,0.016511854
Original XGBoost,ROC,0.9292035398230089,0.9562841530054644,0.016359745
Original XGBoost,ROC,0.9380530973451328,0.9562841530054644,0.016034639
Original XGBoost,ROC,0.9380530973451328,0.9617486338797814,0.015883217
Original XGBoost,ROC,0.943952802359882,0.9617486338797814,0.015694322
Original XGBoost,ROC,0.943952802359882,0.9672131147540983,0.01567582
Original XGBoost,ROC,0.9823008849557522,0.9672131147540983,0.013024064
Original XGBoost,ROC,0.9823008849557522,0.9781420765027322,0.012806998
Original XGBoost,ROC,0.9852507374631269,0.9781420765027322,0.012624456
Original XGBoost,ROC,0.9852507374631269,0.9836065573770492,0.0117131295
Original XGBoost,ROC,0.9911504424778761,0.9836065573770492,0.010018639
Original XGBoost,ROC,0.9911504424778761,0.9890710382513661,0.009802534
Original XGBoost,ROC,0.9941002949852508,0.9890710382513661,0.009728237
Original XGBoost,ROC,0.9941002949852508,1.0,0.009498755
Original XGBoost,ROC,1.0,1.0,0.0070363763
Original XGBoost,PR,1.0,0.3505747126436782,0.0070363763
Original XGBoost,PR,1.0,0.3512476007677543,0.009428795
Original XGBoost,PR,1.0,0.35192307692307695,0.009498755
Original XGBoost,PR,0.994535519125683,0.35067437379576105,0.009611068
Original XGBoost,PR,0.9890710382513661,0.34942084942084944,0.009728237
Original XGBoost,PR,0.9890710382513661,0.35009671179883944,0.009802534
Original XGBoost,PR,0.9836065573770492,0.3488372093023256,0.010018639
Original XGBoost,PR,0.9836065573770492,0.34951456310679613,0.010864409
Original XGBoost,PR,0.9836065573770492,0.35019455252918286,0.0117131295
Original XGBoost,PR,0.9781420765027322,0.3489278752436647,0.012624456
Original XGBoost,PR,0.9781420765027322,0.349609375,0.012806998
Original XGBoost,PR,0.9726775956284153,0.34833659491193736,0.012913093
Original XGBoost,PR,0.9672131147540983,0.34705882352941175,0.013024064
Original XGBoost,PR,0.9672131147540983,0.3477406679764244,0.013078643
Original XGBoost,PR,0.9672131147540983,0.3484251968503937,0.013105905
Original XGBoost,PR,0.9672131147540983,0.34911242603550297,0.013304211
Original XGBoost,PR,0.9672131147540983,0.34980237154150196,0.013318554
Original XGBoost,PR,0.9672131147540983,0.3504950495049505,0.013673095
Original XGBoost,PR,0.9672131147540983,0.35119047619047616,0.013770552
Original XGBoost,PR,0.9672131147540983,0.3518886679920477,0.014288695
Original XGBoost,PR,0.9672131147540983,0.35258964143426297,0.0144479815
Original XGBoost,PR,0.9672131147540983,0.3532934131736527,0.014742065
Original XGBoost,PR,0.9672131147540983,0.354,0.015188584
Original XGBoost,PR,0.9672131147540983,0.35470941883767537,0.015480244
Original XGBoost,PR,0.9672131147540983,0.35542168674698793,0.015664626
Original XGBoost,PR,0.9672131147540983,0.3561368209255533,0.01567582
Original XGBoost,PR,0.9617486338797814,0.3548387096774194,0.015694322
Original XGBoost,PR,0.9617486338797814,0.35555555555555557,0.015869517
Original XGBoost,PR,0.9617486338797814,0.3562753036437247,0.015883217
Original XGBoost,PR,0.9562841530054644,0.35496957403651114,0.016034639
Original XGBoost,PR,0.9562841530054644,0.3556910569105691,0.016115412
Original XGBoost,PR,0.9562841530054644,0.3564154786150713,0.016343402
Original XGBoost,PR,0.9562841530054644,0.35714285714285715,0.016359745
Original XGBoost,PR,0.9508196721311475,0.3558282208588957,0.016511854
Original XGBoost,PR,0.9508196721311475,0.35655737704918034,0.016673777
Original XGBoost,PR,0.9508196721311475,0.35728952772073924,0.016765757
Original XGBoost,PR,0.9508196721311475,0.35802469135802467,0.016838219
Original XGBoost,PR,0.9453551912568307,0.35670103092783506,0.016883787
Original XGBoost,PR,0.9453551912568307,0.3574380165289256,0.016985493
Original XGBoost,PR,0.9453551912568307,0.3581780538302277,0.01699975
Original XGBoost,PR,0.9398907103825137,0.35684647302904565,0.017050894
Original XGBoost,PR,0.9398907103825137,0.3575883575883576,0.017229507
Original XGBoost,PR,0.9398907103825137,0.35833333333333334,0.017274352
Original XGBoost,PR,0.9398907103825137,0.35908141962421714,0.017357526
Original XGBoost,PR,0.9398907103825137,0.3598326359832636,0.017594397
Original XGBoost,PR,0.9398907103825137,0.36058700209643607,0.017598717
Original XGBoost,PR,0.9398907103825137,0.36134453781512604,0.017605502
Original XGBoost,PR,0.9398907103825137,0.36210526315789476,0.017612852
Original XGBoost,PR,0.9398907103825137,0.3628691983122363,0.017642051
Original XGBoost,PR,0.9398907103825137,0.36363636363636365,0.017915793
Original XGBoost,PR,0.9398907103825137,0.3644067796610169,0.018055085
Original XGBoost,PR,0.9398907103825137,0.3651804670912951,0.018228535
Original XGBoost,PR,0.9398907103825137,0.3659574468085106,0.018471912
Original XGBoost,PR,0.9398907103825137,0.36673773987206826,0.018591035
Original XGBoost,PR,0.9344262295081968,0.36538461538461536,0.018862393
Original XGBoost,PR,0.9344262295081968,0.36616702355460384,0.019214066
Original XGBoost,PR,0.9344262295081968,0.3669527896995708,0.019284142
Original XGBoost,PR,0.9344262295081968,0.36774193548387096,0.019379333
Original XGBoost,PR,0.9289617486338798,0.36637931034482757,0.01945461
Original XGBoost,PR,0.9289617486338798,0.367170626349892,0.019583127
Original XGBoost,PR,0.9289617486338798,0.36796536796536794,0.019597162
Original XGBoost,PR,0.9289617486338798,0.368763557483731,0.019696852
Original XGBoost,PR,0.9289617486338798,0.3695652173913043,0.019711714
Original XGBoost,PR,0.9289617486338798,0.37037037037037035,0.019847278
Original XGBoost,PR,0.9289617486338798,0.37117903930131,0.01986576
Original XGBoost,PR,0.9289617486338798,0.37199124726477023,0.020016761
Original XGBoost,PR,0.9289617486338798,0.37280701754385964,0.020076826
Original XGBoost,PR,0.9289617486338798,0.37362637362637363,0.020170446
Original XGBoost,PR,0.9289617486338798,0.3744493392070485,0.020249426
Original XGBoost,PR,0.9234972677595629,0.3730684326710817,0.020359712
Original XGBoost,PR,0.9234972677595629,0.37389380530973454,0.020447748
Original XGBoost,PR,0.9234972677595629,0.37472283813747226,0.020656355
Original XGBoost,PR,0.9234972677595629,0.37555555555555553,0.020758748
Original XGBoost,PR,0.9234972677595629,0.37639198218262804,0.021265646
Original XGBoost,PR,0.9180327868852459,0.375,0.021325374
Original XGBoost,PR,0.912568306010929,0.37360178970917224,0.021362342
Original XGBoost,PR,0.912568306010929,0.3744394618834081,0.021679385
Original XGBoost,PR,0.912568306010929,0.3752808988764045,0.021728935
Original XGBoost,PR,0.912568306010929,0.3761261261261261,0.021872574
Original XGBoost,PR,0.912568306010929,0.37697516930022573,0.022010883
Original XGBoost,PR,0.907103825136612,0.3755656108597285,0.022014357
Original XGBoost,PR,0.9016393442622951,0.3741496598639456,0.022146063
Original XGBoost,PR,0.9016393442622951,0.375,0.022434168
Original XGBoost,PR,0.9016393442622951,0.37585421412300685,0.022539683
Original XGBoost,PR,0.9016393442622951,0.3767123287671233,0.02299753
Original XGBoost,PR,0.8961748633879781,0.37528604118993136,0.023059517
Original XGBoost,PR,0.8961748633879781,0.3761467889908257,0.023372628
Original XGBoost,PR,0.8961748633879781,0.37701149425287356,0.023431785
Original XGBoost,PR,0.8961748633879781,0.3778801843317972,0.02343603
Original XGBoost,PR,0.8961748633879781,0.3787528868360277,0.02348618
Original XGBoost,PR,0.8961748633879781,0.37962962962962965,0.023593904
Original XGBoost,PR,0.8961748633879781,0.3805104408352668,0.02370342
Original XGBoost,PR,0.8907103825136612,0.37906976744186044,0.024075402
Original XGBoost,PR,0.8907103825136612,0.37995337995337997,0.024192465
Original XGBoost,PR,0.8907103825136612,0.3808411214953271,0.024240606
Original XGBoost,PR,0.8907103825136612,0.38173302107728335,0.024251346
Original XGBoost,PR,0.8852459016393442,0.38028169014084506,0.024255302
Original XGBoost,PR,0.8797814207650273,0.3788235294117647,0.024338493
Original XGBoost,PR,0.8797814207650273,0.37971698113207547,0.024371069
Original XGBoost,PR,0.8797814207650273,0.3806146572104019,0.024452953
Original XGBoost,PR,0.8797814207650273,0.3815165876777251,0.024612555
Original XGBoost,PR,0.8797814207650273,0.3824228028503563,0.024811585
Original XGBoost,PR,0.8743169398907104,0.38095238095238093,0.024873437
Original XGBoost,PR,0.8743169398907104,0.3818615751789976,0.024873756
Original XGBoost,PR,0.8743169398907104,0.3827751196172249,0.02493714
Original XGBoost,PR,0.8688524590163934,0.381294964028777,0.025021357
Original XGBoost,PR,0.8633879781420765,0.3798076923076923,0.02505443
Original XGBoost,PR,0.8633879781420765,0.38072289156626504,0.025059102
Original XGBoost,PR,0.8579234972677595,0.37922705314009664,0.025173686
Original XGBoost,PR,0.8524590163934426,0.37772397094430993,0.02524903
Original XGBoost,PR,0.8469945355191257,0.3762135922330097,0.025425725
Original XGBoost,PR,0.8469945355191257,0.3771289537712895,0.02551534
Original XGBoost,PR,0.8415300546448088,0.375609756097561,0.025587056
Original XGBoost,PR,0.8360655737704918,0.3740831295843521,0.025595266
Original XGBoost,PR,0.8360655737704918,0.375,0.025649337
Original XGBoost,PR,0.8360655737704918,0.3759213759213759,0.02566232
Original XGBoost,PR,0.8360655737704918,0.3768472906403941,0.025799602
Original XGBoost,PR,0.8360655737704918,0.37777777777777777,0.025849143
Original XGBoost,PR,0.8360655737704918,0.3787128712871287,0.025978005
Original XGBoost,PR,0.8360655737704918,0.37965260545905705,0.026003232
Original XGBoost,PR,0.8360655737704918,0.3805970149253731,0.026543284
Original XGBoost,PR,0.8306010928961749,0.3790523690773067,0.026935484
Original XGBoost,PR,0.8306010928961749,0.38,0.027029365
Original XGBoost,PR,0.8306010928961749,0.38095238095238093,0.027124722
Original XGBoost,PR,0.8306010928961749,0.38190954773869346,0.027586013
Original XGBoost,PR,0.8306010928961749,0.38287153652392947,0.027594762
Original XGBoost,PR,0.8306010928961749,0.3838383838383838,0.027633883
Original XGBoost,PR,0.8306010928961749,0.3848101265822785,0.027678013
Original XGBoost,PR,0.825136612021858,0.383248730964467,0.027739495
Original XGBoost,PR,0.825136612021858,0.3842239185750636,0.027935736
Original XGBoost,PR,0.825136612021858,0.3852040816326531,0.02798942
Original XGBoost,PR,0.819672131147541,0.3836317135549872,0.028071314
Original XGBoost,PR,0.819672131147541,0.38461538461538464,0.028139671
Original XGBoost,PR,0.8142076502732241,0.38303341902313626,0.028406302
Original XGBoost,PR,0.8142076502732241,0.38402061855670105,0.028430987
Original XGBoost,PR,0.8142076502732241,0.3850129198966408,0.028509036
Original XGBoost,PR,0.8142076502732241,0.3860103626943005,0.028683687
Original XGBoost,PR,0.8142076502732241,0.38701298701298703,0.028833358
Original XGBoost,PR,0.8142076502732241,0.3880208333333333,0.028855797
Original XGBoost,PR,0.8087431693989071,0.38642297650130547,0.028863173
Original XGBoost,PR,0.8087431693989071,0.387434554973822,0.028885739
Original XGBoost,PR,0.8032786885245902,0.3858267716535433,0.029201282
Original XGBoost,PR,0.8032786885245902,0.3868421052631579,0.02922517
Original XGBoost,PR,0.8032786885245902,0.38786279683377306,0.029248185
Original XGBoost,PR,0.7978142076502732,0.3862433862433862,0.029306987
Original XGBoost,PR,0.7978142076502732,0.38726790450928383,0.029459953
Original XGBoost,PR,0.7978142076502732,0.3882978723404255,0.029582905
Original XGBoost,PR,0.7978142076502732,0.3893333333333333,0.029607119
Original XGBoost,PR,0.7978142076502732,0.39037433155080214,0.02965513
Original XGBoost,PR,0.7978142076502732,0.3914209115281501,0.029812101
Original XGBoost,PR,0.7923497267759563,0.3897849462365591,0.02997243
Original XGBoost,PR,0.7923497267759563,0.3908355795148248,0.03022307
Original XGBoost,PR,0.7923497267759563,0.3918918918918919,0.030360483
Original XGBoost,PR,0.7923497267759563,0.39295392953929537,0.03040154
Original XGBoost,PR,0.7923497267759563,0.39402173913043476,0.03042267
Original XGBoost,PR,0.7923497267759563,0.39509536784741145,0.030489901
Original XGBoost,PR,0.7868852459016393,0.39344262295081966,0.0306476
Original XGBoost,PR,0.7868852459016393,0.39452054794520547,0.03067296
Original XGBoost,PR,0.7868852459016393,0.3956043956043956,0.030823782
Original XGBoost,PR,0.7814207650273224,0.3939393939393939,0.030949142
Original XGBoost,PR,0.7814207650273224,0.39502762430939226,0.030987255
Original XGBoost,PR,0.7814207650273224,0.3961218836565097,0.031108323
Original XGBoost,PR,0.7814207650273224,0.3972222222222222,0.031167055
Original XGBoost,PR,0.7759562841530054,0.3955431754874652,0.031343214
Original XGBoost,PR,0.7759562841530054,0.39664804469273746,0.031412978
Original XGBoost,PR,0.7759562841530054,0.39775910364145656,0.03177808
Original XGBoost,PR,0.7759562841530054,0.398876404494382,0.031800136
Original XGBoost,PR,0.7759562841530054,0.4,0.03221562
Original XGBoost,PR,0.7759562841530054,0.4011299435028249,0.032459956
Original XGBoost,PR,0.7759562841530054,0.40226628895184136,0.032541778
Original XGBoost,PR,0.7759562841530054,0.4034090909090909,0.032730654
Original XGBoost,PR,0.7759562841530054,0.4045584045584046,0.032924395
Original XGBoost,PR,0.7759562841530054,0.4057142857142857,0.033212055
Original XGBoost,PR,0.7759562841530054,0.4068767908309456,0.033291683
Original XGBoost,PR,0.7759562841530054,0.40804597701149425,0.033334725
Original XGBoost,PR,0.7759562841530054,0.4092219020172911,0.03336364
Original XGBoost,PR,0.7704918032786885,0.407514450867052,0.03349905
Original XGBoost,PR,0.7704918032786885,0.40869565217391307,0.03361253
Original XGBoost,PR,0.7704918032786885,0.40988372093023256,0.033639204
Original XGBoost,PR,0.7704918032786885,0.4110787172011662,0.033803754
Original XGBoost,PR,0.7704918032786885,0.41228070175438597,0.033922784
Original XGBoost,PR,0.7704918032786885,0.41348973607038125,0.034288205
Original XGBoost,PR,0.7704918032786885,0.4147058823529412,0.034369964
Original XGBoost,PR,0.7650273224043715,0.41297935103244837,0.03449121
Original XGBoost,PR,0.7650273224043715,0.41420118343195267,0.034556266
Original XGBoost,PR,0.7650273224043715,0.41543026706231456,0.035034318
Original XGBoost,PR,0.7595628415300546,0.41369047619047616,0.03504942
Original XGBoost,PR,0.7595628415300546,0.41492537313432837,0.035167813
Original XGBoost,PR,0.7540983606557377,0.41317365269461076,0.035235964
Original XGBoost,PR,0.7540983606557377,0.4144144144144144,0.03526656
Original XGBoost,PR,0.7540983606557377,0.41566265060240964,0.03536495
Original XGBoost,PR,0.7540983606557377,0.4169184290030212,0.03646152
Original XGBoost,PR,0.7540983606557377,0.41818181818181815,0.036470894
Original XGBoost,PR,0.7540983606557377,0.4194528875379939,0.03647883
Original XGBoost,PR,0.7486338797814208,0.4176829268292683,0.036534462
Original XGBoost,PR,0.7486338797814208,0.41896024464831805,0.03656096
Original XGBoost,PR,0.7431693989071039,0.4171779141104294,0.037021652
Original XGBoost,PR,0.7431693989071039,0.41846153846153844,0.037086725
Original XGBoost,PR,0.7431693989071039,0.41975308641975306,0.03729272
Original XGBoost,PR,0.7431693989071039,0.42105263157894735,0.03736757
Original XGBoost,PR,0.7431693989071039,0.422360248447205,0.037508275
Original XGBoost,PR,0.7431693989071039,0.4236760124610592,0.037531212
Original XGBoost,PR,0.7431693989071039,0.425,0.03761705
Original XGBoost,PR,0.7431693989071039,0.4263322884012539,0.037618577
Original XGBoost,PR,0.7431693989071039,0.4276729559748428,0.037666813
Original XGBoost,PR,0.7377049180327869,0.42586750788643535,0.037695717
Original XGBoost,PR,0.7377049180327869,0.4272151898734177,0.037706997
Original XGBoost,PR,0.73224043715847,0.4253968253968254,0.037749887
Original XGBoost,PR,0.726775956284153,0.42356687898089174,0.037862625
Original XGBoost,PR,0.726775956284153,0.4249201277955272,0.037882157
Original XGBoost,PR,0.726775956284153,0.42628205128205127,0.03815054
Original XGBoost,PR,0.726775956284153,0.42765273311897106,0.038407505
Original XGBoost,PR,0.7213114754098361,0.4258064516129032,0.038411353
Original XGBoost,PR,0.7158469945355191,0.42394822006472493,0.03841161
Original XGBoost,PR,0.7158469945355191,0.4253246753246753,0.038767707
Original XGBoost,PR,0.7103825136612022,0.4234527687296417,0.038802195
Original XGBoost,PR,0.7049180327868853,0.4215686274509804,0.038803563
Original XGBoost,PR,0.7049180327868853,0.42295081967213116,0.039166696
Original XGBoost,PR,0.6994535519125683,0.42105263157894735,0.039349217
Original XGBoost,PR,0.6994535519125683,0.42244224422442245,0.039543644
Original XGBoost,PR,0.6994535519125683,0.423841059602649,0.03959177
Original XGBoost,PR,0.6994535519125683,0.42524916943521596,0.039756507
Original XGBoost,PR,0.6994535519125683,0.4266666666666667,0.039811324
Original XGBoost,PR,0.6994535519125683,0.4280936454849498,0.039874833
Original XGBoost,PR,0.6939890710382514,0.4261744966442953,0.040703014
Original XGBoost,PR,0.6939890710382514,0.4276094276094276,0.040743038
Original XGBoost,PR,0.6939890710382514,0.42905405405405406,0.040997904
Original XGBoost,PR,0.6885245901639344,0.4271186440677966,0.04102481
Original XGBoost,PR,0.6830601092896175,0.42517006802721086,0.041094348
Original XGBoost,PR,0.6830601092896175,0.42662116040955633,0.04156509
Original XGBoost,PR,0.6830601092896175,0.4280821917808219,0.042067643
Original XGBoost,PR,0.6830601092896175,0.42955326460481097,0.042209413
Original XGBoost,PR,0.6830601092896175,0.43103448275862066,0.04234257
Original XGBoost,PR,0.6830601092896175,0.43252595155709345,0.042366657
Original XGBoost,PR,0.6830601092896175,0.4340277777777778,0.042398144
Original XGBoost,PR,0.6775956284153005,0.43205574912891986,0.042675946
Original XGBoost,PR,0.6721311475409836,0.43006993006993005,0.04294477
Original XGBoost,PR,0.6721311475409836,0.43157894736842106,0.04295605
Original XGBoost,PR,0.6666666666666666,0.4295774647887324,0.043055244
Original XGBoost,PR,0.6666666666666666,0.43109540636042404,0.043166965
Original XGBoost,PR,0.6666666666666666,0.4326241134751773,0.043189432
Original XGBoost,PR,0.6666666666666666,0.43416370106761565,0.0441253
Original XGBoost,PR,0.6612021857923497,0.43214285714285716,0.044237453
Original XGBoost,PR,0.6612021857923497,0.4336917562724014,0.044465292
Original XGBoost,PR,0.6612021857923497,0.4352517985611511,0.04478926
Original XGBoost,PR,0.6612021857923497,0.4368231046931408,0.044848364
Original XGBoost,PR,0.6612021857923497,0.4384057971014493,0.044921894
Original XGBoost,PR,0.6612021857923497,0.44,0.04517997
Original XGBoost,PR,0.6557377049180327,0.43795620437956206,0.045261893
Original XGBoost,PR,0.6557377049180327,0.43956043956043955,0.04534959
Original XGBoost,PR,0.6557377049180327,0.4411764705882353,0.045569524
Original XGBoost,PR,0.6502732240437158,0.43911439114391143,0.045635447
Original XGBoost,PR,0.6502732240437158,0.44074074074074077,0.04585893
Original XGBoost,PR,0.6502732240437158,0.4423791821561338,0.045906544
Original XGBoost,PR,0.644808743169399,0.44029850746268656,0.046248462
Original XGBoost,PR,0.644808743169399,0.4419475655430712,0.046269517
Original XGBoost,PR,0.639344262295082,0.4398496240601504,0.046386972
Original XGBoost,PR,0.6338797814207651,0.4377358490566038,0.046486113
Original XGBoost,PR,0.6338797814207651,0.4393939393939394,0.04655399
Original XGBoost,PR,0.6284153005464481,0.4372623574144487,0.04659056
Original XGBoost,PR,0.6284153005464481,0.4389312977099237,0.04748128
Original XGBoost,PR,0.6284153005464481,0.44061302681992337,0.0476304
Original XGBoost,PR,0.6284153005464481,0.4423076923076923,0.047842447
Original XGBoost,PR,0.6284153005464481,0.444015444015444,0.047981273
Original XGBoost,PR,0.6229508196721312,0.4418604651162791,0.048330598
Original XGBoost,PR,0.6229508196721312,0.44357976653696496,0.04843742
Original XGBoost,PR,0.6229508196721312,0.4453125,0.048746694
Original XGBoost,PR,0.6174863387978142,0.44313725490196076,0.048972588
Original XGBoost,PR,0.6174863387978142,0.4448818897637795,0.049200773
Original XGBoost,PR,0.6174863387978142,0.44664031620553357,0.04931714
Original XGBoost,PR,0.6120218579234973,0.4444444444444444,0.04935212
Original XGBoost,PR,0.6065573770491803,0.44223107569721115,0.04960235
Original XGBoost,PR,0.6065573770491803,0.444,0.049667165
Original XGBoost,PR,0.6010928961748634,0.44176706827309237,0.0497991
Original XGBoost,PR,0.6010928961748634,0.4435483870967742,0.050554644
Original XGBoost,PR,0.5956284153005464,0.44129554655870445,0.05080799
Original XGBoost,PR,0.5956284153005464,0.44308943089430897,0.05087416
Original XGBoost,PR,0.5901639344262295,0.44081632653061226,0.051099945
Original XGBoost,PR,0.5901639344262295,0.4426229508196721,0.051322553
Original XGBoost,PR,0.5901639344262295,0.4444444444444444,0.052004866
Original XGBoost,PR,0.5846994535519126,0.44214876033057854,0.052782018
Original XGBoost,PR,0.5846994535519126,0.44398340248962653,0.052807402
Original XGBoost,PR,0.5792349726775956,0.44166666666666665,0.05369105
Original XGBoost,PR,0.5792349726775956,0.4435146443514644,0.05426288
Original XGBoost,PR,0.5737704918032787,0.4411764705882353,0.0544173
Original XGBoost,PR,0.5737704918032787,0.4430379746835443,0.054852277
Original XGBoost,PR,0.5737704918032787,0.4449152542372881,0.055521604
Original XGBoost,PR,0.5737704918032787,0.44680851063829785,0.055829145
Original XGBoost,PR,0.5683060109289617,0.4444444444444444,0.055846266
Original XGBoost,PR,0.5628415300546448,0.44206008583690987,0.05612032
Original XGBoost,PR,0.5628415300546448,0.44396551724137934,0.056509
Original XGBoost,PR,0.5628415300546448,0.4458874458874459,0.056545436
Original XGBoost,PR,0.5628415300546448,0.44782608695652176,0.056625508
Original XGBoost,PR,0.5628415300546448,0.4497816593886463,0.056754354
Original XGBoost,PR,0.5573770491803278,0.4473684210526316,0.0568611
Original XGBoost,PR,0.5573770491803278,0.44933920704845814,0.05687751
Original XGBoost,PR,0.5573770491803278,0.45132743362831856,0.057104573
Original XGBoost,PR,0.5573770491803278,0.4533333333333333,0.05711416
Original XGBoost,PR,0.5573770491803278,0.45535714285714285,0.057220332
Original XGBoost,PR,0.5573770491803278,0.45739910313901344,0.057291914
Original XGBoost,PR,0.5519125683060109,0.45495495495495497,0.057329938
Original XGBoost,PR,0.5519125683060109,0.45701357466063347,0.05768615
Original XGBoost,PR,0.5519125683060109,0.4590909090909091,0.058147278
Original XGBoost,PR,0.5519125683060109,0.4611872146118721,0.058151815
Original XGBoost,PR,0.5519125683060109,0.463302752293578,0.05841175
Original XGBoost,PR,0.5519125683060109,0.46543778801843316,0.058561206
Original XGBoost,PR,0.5519125683060109,0.4675925925925926,0.05946753
Original XGBoost,PR,0.546448087431694,0.46511627906976744,0.059500683
Original XGBoost,PR,0.546448087431694,0.4672897196261682,0.060296103
Original XGBoost,PR,0.546448087431694,0.4694835680751174,0.060648482
Original XGBoost,PR,0.546448087431694,0.4716981132075472,0.060717314
Original XGBoost,PR,0.546448087431694,0.47393364928909953,0.060818125
Original XGBoost,PR,0.546448087431694,0.47619047619047616,0.061507996
Original XGBoost,PR,0.546448087431694,0.4784688995215311,0.06171739
Original XGBoost,PR,0.5409836065573771,0.47596153846153844,0.061871372
Original XGBoost,PR,0.5355191256830601,0.47342995169082125,0.062226042
Original XGBoost,PR,0.5300546448087432,0.470873786407767,0.06274538
Original XGBoost,PR,0.5300546448087432,0.47317073170731705,0.063429795
Original XGBoost,PR,0.5245901639344263,0.47058823529411764,0.0636694
Original XGBoost,PR,0.5191256830601093,0.46798029556650245,0.06369664
Original XGBoost,PR,0.5191256830601093,0.47029702970297027,0.064445704
Original XGBoost,PR,0.5136612021857924,0.46766169154228854,0.06447244
Original XGBoost,PR,0.5136612021857924,0.47,0.06518599
Original XGBoost,PR,0.5136612021857924,0.4723618090452261,0.065202795
Original XGBoost,PR,0.5136612021857924,0.47474747474747475,0.06520926
Original XGBoost,PR,0.5136612021857924,0.47715736040609136,0.06533194
Original XGBoost,PR,0.5136612021857924,0.47959183673469385,0.06609182
Original XGBoost,PR,0.5081967213114754,0.47692307692307695,0.06610475
Original XGBoost,PR,0.5081967213114754,0.4793814432989691,0.06620004
Original XGBoost,PR,0.5081967213114754,0.48186528497409326,0.066378966
Original XGBoost,PR,0.5027322404371585,0.4791666666666667,0.06638003
Original XGBoost,PR,0.5027322404371585,0.4816753926701571,0.06638414
Original XGBoost,PR,0.5027322404371585,0.4842105263157895,0.0665847
Original XGBoost,PR,0.5027322404371585,0.48677248677248675,0.0666229
Original XGBoost,PR,0.4972677595628415,0.48404255319148937,0.06671433
Original XGBoost,PR,0.4918032786885246,0.48128342245989303,0.06810224
Original XGBoost,PR,0.4918032786885246,0.4838709677419355,0.06885138
Original XGBoost,PR,0.4918032786885246,0.4864864864864865,0.06905195
Original XGBoost,PR,0.48633879781420764,0.483695652173913,0.06912275
Original XGBoost,PR,0.48633879781420764,0.48633879781420764,0.06912311
Original XGBoost,PR,0.48633879781420764,0.489010989010989,0.06918429
Original XGBoost,PR,0.48633879781420764,0.49171270718232046,0.06921401
Original XGBoost,PR,0.48633879781420764,0.49444444444444446,0.06972654
Original XGBoost,PR,0.4808743169398907,0.49162011173184356,0.06978931
Original XGBoost,PR,0.4808743169398907,0.4943820224719101,0.06993592
Original XGBoost,PR,0.4808743169398907,0.4971751412429379,0.07105666
Original XGBoost,PR,0.4808743169398907,0.5,0.0716404
Original XGBoost,PR,0.4808743169398907,0.5028571428571429,0.07172563
Original XGBoost,PR,0.4808743169398907,0.5057471264367817,0.07223343
Original XGBoost,PR,0.47540983606557374,0.5028901734104047,0.0723984
Original XGBoost,PR,0.46994535519125685,0.5,0.07244034
Original XGBoost,PR,0.46994535519125685,0.5029239766081871,0.07249162
Original XGBoost,PR,0.46994535519125685,0.5058823529411764,0.07276592
Original XGBoost,PR,0.4644808743169399,0.5029585798816568,0.07348019
Original XGBoost,PR,0.45901639344262296,0.5,0.07357291
Original XGBoost,PR,0.453551912568306,0.49700598802395207,0.073844306
Original XGBoost,PR,0.453551912568306,0.5,0.07389896
Original XGBoost,PR,0.44808743169398907,0.49696969696969695,0.07457458
Original XGBoost,PR,0.44808743169398907,0.5,0.07457955
Original XGBoost,PR,0.44808743169398907,0.5030674846625767,0.07519273
Original XGBoost,PR,0.44808743169398907,0.5061728395061729,0.07535861
Original XGBoost,PR,0.44808743169398907,0.5093167701863354,0.07542301
Original XGBoost,PR,0.4426229508196721,0.50625,0.075445026
Original XGBoost,PR,0.4371584699453552,0.5031446540880503,0.07557371
Original XGBoost,PR,0.4371584699453552,0.5063291139240507,0.07719118
Original XGBoost,PR,0.4371584699453552,0.5095541401273885,0.07753343
Original XGBoost,PR,0.43169398907103823,0.5064102564102564,0.07768369
Original XGBoost,PR,0.4262295081967213,0.5032258064516129,0.077746846
Original XGBoost,PR,0.4207650273224044,0.5,0.0777484
Original XGBoost,PR,0.4207650273224044,0.5032679738562091,0.07864642
Original XGBoost,PR,0.4207650273224044,0.506578947368421,0.078739025
Original XGBoost,PR,0.4207650273224044,0.5099337748344371,0.07905687
Original XGBoost,PR,0.4207650273224044,0.5133333333333333,0.07933588
Original XGBoost,PR,0.4207650273224044,0.5167785234899329,0.07957454
Original XGBoost,PR,0.4207650273224044,0.5202702702702703,0.08065869
Original XGBoost,PR,0.4207650273224044,0.5238095238095238,0.081637725
Original XGBoost,PR,0.4207650273224044,0.5273972602739726,0.081761345
Original XGBoost,PR,0.41530054644808745,0.5241379310344828,0.081976555
Original XGBoost,PR,0.41530054644808745,0.5277777777777778,0.08264064
Original XGBoost,PR,0.41530054644808745,0.5314685314685315,0.083233885
Original XGBoost,PR,0.41530054644808745,0.5352112676056338,0.08353781
Original XGBoost,PR,0.41530054644808745,0.5390070921985816,0.08372663
Original XGBoost,PR,0.41530054644808745,0.5428571428571428,0.08401479
Original XGBoost,PR,0.41530054644808745,0.5467625899280576,0.086655825
Original XGBoost,PR,0.4098360655737705,0.5434782608695652,0.08667971
Original XGBoost,PR,0.4098360655737705,0.5474452554744526,0.08731782
Original XGBoost,PR,0.4098360655737705,0.5514705882352942,0.08883487
Original XGBoost,PR,0.4098360655737705,0.5555555555555556,0.08886644
Original XGBoost,PR,0.4098360655737705,0.5597014925373134,0.0896293
Original XGBoost,PR,0.4098360655737705,0.5639097744360902,0.08997103
Original XGBoost,PR,0.4098360655737705,0.5681818181818182,0.091372326
Original XGBoost,PR,0.40437158469945356,0.5648854961832062,0.09334426
Original XGBoost,PR,0.3989071038251366,0.5615384615384615,0.093709566
Original XGBoost,PR,0.3989071038251366,0.5658914728682171,0.09474019
Original XGBoost,PR,0.3989071038251366,0.5703125,0.09501373
Original XGBoost,PR,0.3989071038251366,0.5748031496062992,0.09613171
Original XGBoost,PR,0.3989071038251366,0.5793650793650794,0.0963829
Original XGBoost,PR,0.39344262295081966,0.576,0.096738726
Original XGBoost,PR,0.39344262295081966,0.5806451612903226,0.09689617
Original XGBoost,PR,0.39344262295081966,0.5853658536585366,0.09740593
Original XGBoost,PR,0.3879781420765027,0.5819672131147541,0.09967709
Original XGBoost,PR,0.3825136612021858,0.5785123966942148,0.10076177
Original XGBoost,PR,0.3825136612021858,0.5833333333333334,0.103033304
Original XGBoost,PR,0.3825136612021858,0.5882352941176471,0.10380967
Original XGBoost,PR,0.3825136612021858,0.5932203389830508,0.10416794
Original XGBoost,PR,0.3770491803278688,0.5897435897435898,0.10432065
Original XGBoost,PR,0.3770491803278688,0.5948275862068966,0.1046242
Original XGBoost,PR,0.3770491803278688,0.6,0.1049796
Original XGBoost,PR,0.37158469945355194,0.5964912280701754,0.10714222
Original XGBoost,PR,0.366120218579235,0.5929203539823009,0.108965605
Original XGBoost,PR,0.366120218579235,0.5982142857142857,0.10959535
Original XGBoost,PR,0.366120218579235,0.6036036036036037,0.10997143
Original XGBoost,PR,0.366120218579235,0.6090909090909091,0.11010199
Original XGBoost,PR,0.366120218579235,0.6146788990825688,0.111248046
Original XGBoost,PR,0.366120218579235,0.6203703703703703,0.11207962
Original XGBoost,PR,0.36065573770491804,0.616822429906542,0.112892546
Original XGBoost,PR,0.3551912568306011,0.6132075471698113,0.113497764
Original XGBoost,PR,0.3551912568306011,0.6190476190476191,0.113545895
Original XGBoost,PR,0.3551912568306011,0.625,0.11399456
Original XGBoost,PR,0.3551912568306011,0.6310679611650486,0.11475017
Original XGBoost,PR,0.3551912568306011,0.6372549019607843,0.115549445
Original XGBoost,PR,0.3551912568306011,0.6435643564356436,0.1158416
Original XGBoost,PR,0.3551912568306011,0.65,0.11588085
Original XGBoost,PR,0.34972677595628415,0.6464646464646465,0.11690369
Original XGBoost,PR,0.34972677595628415,0.6530612244897959,0.11725569
Original XGBoost,PR,0.34972677595628415,0.6597938144329897,0.12031878
Original XGBoost,PR,0.3442622950819672,0.65625,0.12057978
Original XGBoost,PR,0.33879781420765026,0.6526315789473685,0.120794185
Original XGBoost,PR,0.3333333333333333,0.648936170212766,0.12131111
Original XGBoost,PR,0.32786885245901637,0.6451612903225806,0.121476315
Original XGBoost,PR,0.32786885245901637,0.6521739130434783,0.12286919
Original XGBoost,PR,0.32786885245901637,0.6593406593406593,0.12334941
Original XGBoost,PR,0.32786885245901637,0.6666666666666666,0.12355195
Original XGBoost,PR,0.3224043715846995,0.6629213483146067,0.12372526
Original XGBoost,PR,0.31693989071038253,0.6590909090909091,0.12393979
Original XGBoost,PR,0.31693989071038253,0.6666666666666666,0.124191776
Original XGBoost,PR,0.31693989071038253,0.6744186046511628,0.12433665
Original XGBoost,PR,0.3114754098360656,0.6705882352941176,0.12443729
Original XGBoost,PR,0.30601092896174864,0.6666666666666666,0.12478948
Original XGBoost,PR,0.3005464480874317,0.6626506024096386,0.12482578
Original XGBoost,PR,0.29508196721311475,0.6585365853658537,0.12577666
Original XGBoost,PR,0.29508196721311475,0.6666666666666666,0.12812318
Original XGBoost,PR,0.2896174863387978,0.6625,0.12852477
Original XGBoost,PR,0.2896174863387978,0.6708860759493671,0.13033321
Original XGBoost,PR,0.2896174863387978,0.6794871794871795,0.13127989
Original XGBoost,PR,0.2896174863387978,0.6883116883116883,0.13159698
Original XGBoost,PR,0.2896174863387978,0.6973684210526315,0.13162377
Original XGBoost,PR,0.28415300546448086,0.6933333333333334,0.13208193
Original XGBoost,PR,0.2786885245901639,0.6891891891891891,0.13237017
Original XGBoost,PR,0.273224043715847,0.684931506849315,0.13280112
Original XGBoost,PR,0.2677595628415301,0.6805555555555556,0.13512284
Original XGBoost,PR,0.2677595628415301,0.6901408450704225,0.13593277
Original XGBoost,PR,0.2677595628415301,0.7,0.13681348
Original XGBoost,PR,0.2677595628415301,0.7101449275362319,0.13851905
Original XGBoost,PR,0.2677595628415301,0.7205882352941176,0.13937695
Original XGBoost,PR,0.26229508196721313,0.7164179104477612,0.13949269
Original XGBoost,PR,0.26229508196721313,0.7272727272727273,0.13999724
Original XGBoost,PR,0.2568306010928962,0.7230769230769231,0.14231013
Original XGBoost,PR,0.25136612021857924,0.71875,0.14875461
Original XGBoost,PR,0.25136612021857924,0.7301587301587301,0.15049566
Original XGBoost,PR,0.2459016393442623,0.7258064516129032,0.15088552
Original XGBoost,PR,0.2459016393442623,0.7377049180327869,0.15582813
Original XGBoost,PR,0.2459016393442623,0.75,0.16041806
Original XGBoost,PR,0.2459016393442623,0.7627118644067796,0.16195798
Original XGBoost,PR,0.24043715846994534,0.7586206896551724,0.16482116
Original XGBoost,PR,0.23497267759562843,0.7543859649122807,0.16485988
Original XGBoost,PR,0.22950819672131148,0.75,0.16640057
Original XGBoost,PR,0.22404371584699453,0.7454545454545455,0.1667445
Original XGBoost,PR,0.2185792349726776,0.7407407407407407,0.16702442
Original XGBoost,PR,0.2185792349726776,0.7547169811320755,0.16960536
Original XGBoost,PR,0.2185792349726776,0.7692307692307693,0.16970167
Original XGBoost,PR,0.2185792349726776,0.7843137254901961,0.16986759
Original XGBoost,PR,0.21311475409836064,0.78,0.17111926
Original XGBoost,PR,0.20765027322404372,0.7755102040816326,0.17210309
Original XGBoost,PR,0.20765027322404372,0.7916666666666666,0.17482488
Original XGBoost,PR,0.20765027322404372,0.8085106382978723,0.17526582
Original XGBoost,PR,0.20218579234972678,0.8043478260869565,0.17902526
Original XGBoost,PR,0.20218579234972678,0.8222222222222222,0.18373221
Original XGBoost,PR,0.20218579234972678,0.8409090909090909,0.18647371
Original XGBoost,PR,0.19672131147540983,0.8372093023255814,0.19382253
Original XGBoost,PR,0.1912568306010929,0.8333333333333334,0.19420233
Original XGBoost,PR,0.18579234972677597,0.8292682926829268,0.20000173
Original XGBoost,PR,0.18579234972677597,0.85,0.20499784
Original XGBoost,PR,0.18579234972677597,0.8717948717948718,0.21583726
Original XGBoost,PR,0.18032786885245902,0.868421052631579,0.21734366
Original XGBoost,PR,0.18032786885245902,0.8918918918918919,0.21734686
Original XGBoost,PR,0.17486338797814208,0.8888888888888888,0.2204668
Original XGBoost,PR,0.17486338797814208,0.9142857142857143,0.23046333
Original XGBoost,PR,0.17486338797814208,0.9411764705882353,0.23331273
Original XGBoost,PR,0.16939890710382513,0.9393939393939394,0.23518904
Original XGBoost,PR,0.16393442622950818,0.9375,0.24094138
Original XGBoost,PR,0.16393442622950818,0.967741935483871,0.24757335
Original XGBoost,PR,0.15846994535519127,0.9666666666666667,0.26718235
Original XGBoost,PR,0.15300546448087432,0.9655172413793104,0.27452
Original XGBoost,PR,0.14754098360655737,0.9642857142857143,0.28447127
Original XGBoost,PR,0.14207650273224043,0.9629629629629629,0.28517658
Original XGBoost,PR,0.1366120218579235,0.9615384615384616,0.28714296
Original XGBoost,PR,0.13114754098360656,0.96,0.30711985
Original XGBoost,PR,0.12568306010928962,0.9583333333333334,0.31572664
Original XGBoost,PR,0.12021857923497267,0.9565217391304348,0.3353027
Original XGBoost,PR,0.11475409836065574,0.9545454545454546,0.35515013
Original XGBoost,PR,0.1092896174863388,0.9523809523809523,0.36622176
Original XGBoost,PR,0.10382513661202186,0.95,0.383329
Original XGBoost,PR,0.09836065573770492,0.9473684210526315,0.4564737
Original XGBoost,PR,0.09289617486338798,0.9444444444444444,0.4596779
Original XGBoost,PR,0.08743169398907104,0.9411764705882353,0.47026417
Original XGBoost,PR,0.08196721311475409,0.9375,0.48247725
Original XGBoost,PR,0.07650273224043716,0.9333333333333333,0.5100693
Original XGBoost,PR,0.07650273224043716,1.0,0.5646127
Original XGBoost,PR,0.07103825136612021,1.0,0.60602075
Original XGBoost,PR,0.06557377049180328,1.0,0.6221961
Original XGBoost,PR,0.060109289617486336,1.0,0.6423688
Original XGBoost,PR,0.0546448087431694,1.0,0.66865593
Original XGBoost,PR,0.04918032786885246,1.0,0.67131346
Original XGBoost,PR,0.04371584699453552,1.0,0.6844519
Original XGBoost,PR,0.03825136612021858,1.0,0.72155845
Original XGBoost,PR,0.03278688524590164,1.0,0.73128366
Original XGBoost,PR,0.0273224043715847,1.0,0.7382442
Original XGBoost,PR,0.02185792349726776,1.0,0.78875107
Original XGBoost,PR,0.01639344262295082,1.0,0.8309354
Original XGBoost,PR,0.01092896174863388,1.0,0.84072906
Original XGBoost,PR,0.00546448087431694,1.0,0.9038967
Original XGBoost,PR,0.0,1.0,
Enhanced XGBoost,ROC,0.0,0.0,inf
Enhanced XGBoost,ROC,0.0,0.00546448087431694,0.92377454
Enhanced XGBoost,ROC,0.0,0.0546448087431694,0.62521815
Enhanced XGBoost,ROC,0.002976190476190476,0.0546448087431694,0.47712025
Enhanced XGBoost,ROC,0.002976190476190476,0.14754098360655737,0.1438238
Enhanced XGBoost,ROC,0.005952380952380952,0.14754098360655737,0.1427047
Enhanced XGBoost,ROC,0.005952380952380952,0.1912568306010929,0.110887624
Enhanced XGBoost,ROC,0.008928571428571428,0.1912568306010929,0.10924956
Enhanced XGBoost,ROC,0.008928571428571428,0.2185792349726776,0.088973
Enhanced XGBoost,ROC,0.023809523809523808,0.2185792349726776,0.053051256
Enhanced XGBoost,ROC,0.023809523809523808,0.22404371584699453,0.04775187
Enhanced XGBoost,ROC,0.02976190476190476,0.22404371584699453,0.04300598
Enhanced XGBoost,ROC,0.02976190476190476,0.22950819672131148,0.041259453
Enhanced XGBoost,ROC,0.03273809523809524,0.22950819672131148,0.04075995
Enhanced XGBoost,ROC,0.03273809523809524,0.2459016393442623,0.029712487
Enhanced XGBoost,ROC,0.03571428571428571,0.2459016393442623,0.029703923
Enhanced XGBoost,ROC,0.03571428571428571,0.25136612021857924,0.02967695
Enhanced XGBoost,ROC,0.047619047619047616,0.25136612021857924,0.027145246
Enhanced XGBoost,ROC,0.047619047619047616,0.2568306010928962,0.02647276
Enhanced XGBoost,ROC,0.050595238095238096,0.2568306010928962,0.025516544
Enhanced XGBoost,ROC,0.050595238095238096,0.273224043715847,0.024194447
Enhanced XGBoost,ROC,0.05654761904761905,0.273224043715847,0.023577824
Enhanced XGBoost,ROC,0.05654761904761905,0.2786885245901639,0.023093523
Enhanced XGBoost,ROC,0.0625,0.2786885245901639,0.022254398
Enhanced XGBoost,ROC,0.0625,0.28415300546448086,0.021861125
Enhanced XGBoost,ROC,0.06845238095238096,0.28415300546448086,0.021383118
Enhanced XGBoost,ROC,0.06845238095238096,0.2896174863387978,0.02062173
Enhanced XGBoost,ROC,0.07142857142857142,0.2896174863387978,0.020600867
Enhanced XGBoost,ROC,0.07142857142857142,0.3005464480874317,0.019748507
Enhanced XGBoost,ROC,0.07738095238095238,0.3005464480874317,0.019371478
Enhanced XGBoost,ROC,0.07738095238095238,0.3224043715846995,0.018119987
Enhanced XGBoost,ROC,0.08035714285714286,0.3224043715846995,0.018110326
Enhanced XGBoost,ROC,0.08035714285714286,0.3333333333333333,0.017486423
Enhanced XGBoost,ROC,0.08333333333333333,0.3333333333333333,0.017301222
Enhanced XGBoost,ROC,0.08333333333333333,0.34972677595628415,0.01571263
Enhanced XGBoost,ROC,0.08630952380952381,0.34972677595628415,0.015561996
Enhanced XGBoost,ROC,0.08630952380952381,0.36065573770491804,0.014989634
Enhanced XGBoost,ROC,0.09821428571428571,0.36065573770491804,0.01427533
Enhanced XGBoost,ROC,0.09821428571428571,0.37158469945355194,0.014092291
Enhanced XGBoost,ROC,0.10119047619047619,0.37158469945355194,0.013530321
Enhanced XGBoost,ROC,0.10119047619047619,0.3825136612021858,0.012862264
Enhanced XGBoost,ROC,0.10416666666666667,0.3825136612021858,0.012504435
Enhanced XGBoost,ROC,0.10416666666666667,0.3879781420765027,0.012395478
Enhanced XGBoost,ROC,0.10714285714285714,0.3879781420765027,0.012294641
Enhanced XGBoost,ROC,0.10714285714285714,0.40437158469945356,0.012031336
Enhanced XGBoost,ROC,0.1130952380952381,0.40437158469945356,0.011509549
Enhanced XGBoost,ROC,0.1130952380952381,0.4098360655737705,0.011509153
Enhanced XGBoost,ROC,0.11904761904761904,0.4098360655737705,0.011451969
Enhanced XGBoost,ROC,0.11904761904761904,0.4207650273224044,0.011216693
Enhanced XGBoost,ROC,0.13392857142857142,0.4207650273224044,0.010531203
Enhanced XGBoost,ROC,0.13392857142857142,0.4262295081967213,0.010509943
Enhanced XGBoost,ROC,0.14285714285714285,0.4262295081967213,0.010010598
Enhanced XGBoost,ROC,0.14285714285714285,0.4371584699453552,0.009869962
Enhanced XGBoost,ROC,0.15476190476190477,0.4371584699453552,0.009523538
Enhanced XGBoost,ROC,0.15476190476190477,0.44808743169398907,0.009381611
Enhanced XGBoost,ROC,0.16071428571428573,0.44808743169398907,0.00911154
Enhanced XGBoost,ROC,0.16071428571428573,0.4644808743169399,0.008956978
Enhanced XGBoost,ROC,0.1636904761904762,0.4644808743169399,0.00885373
Enhanced XGBoost,ROC,0.1636904761904762,0.46994535519125685,0.0088356715
Enhanced XGBoost,ROC,0.16666666666666666,0.46994535519125685,0.008759359
Enhanced XGBoost,ROC,0.16666666666666666,0.47540983606557374,0.008596345
Enhanced XGBoost,ROC,0.17857142857142858,0.47540983606557374,0.007983953
Enhanced XGBoost,ROC,0.17857142857142858,0.4918032786885246,0.0077133826
Enhanced XGBoost,ROC,0.19642857142857142,0.4918032786885246,0.0071257865
Enhanced XGBoost,ROC,0.19642857142857142,0.5027322404371585,0.0068981294
Enhanced XGBoost,ROC,0.2261904761904762,0.5027322404371585,0.006253936
Enhanced XGBoost,ROC,0.2261904761904762,0.5081967213114754,0.0061555146
Enhanced XGBoost,ROC,0.25297619047619047,0.5081967213114754,0.0057537425
Enhanced XGBoost,ROC,0.25297619047619047,0.5191256830601093,0.0056259977
Enhanced XGBoost,ROC,0.2619047619047619,0.5191256830601093,0.00550455
Enhanced XGBoost,ROC,0.2619047619047619,0.5245901639344263,0.005498737
Enhanced XGBoost,ROC,0.2648809523809524,0.5245901639344263,0.005498096
Enhanced XGBoost,ROC,0.2648809523809524,0.5300546448087432,0.005479703
Enhanced XGBoost,ROC,0.28869047619047616,0.5300546448087432,0.005071794
Enhanced XGBoost,ROC,0.28869047619047616,0.5355191256830601,0.005045905
Enhanced XGBoost,ROC,0.30952380952380953,0.5355191256830601,0.0049443576
Enhanced XGBoost,ROC,0.30952380952380953,0.5409836065573771,0.0048325164
Enhanced XGBoost,ROC,0.3333333333333333,0.5409836065573771,0.004384582
Enhanced XGBoost,ROC,0.3333333333333333,0.546448087431694,0.0043775127
Enhanced XGBoost,ROC,0.36904761904761907,0.546448087431694,0.0040881573
Enhanced XGBoost,ROC,0.36904761904761907,0.5519125683060109,0.004049206
Enhanced XGBoost,ROC,0.3898809523809524,0.5519125683060109,0.0039229295
Enhanced XGBoost,ROC,0.3898809523809524,0.5628415300546448,0.0038924632
Enhanced XGBoost,ROC,0.40476190476190477,0.5628415300546448,0.0037385216
Enhanced XGBoost,ROC,0.40476190476190477,0.5683060109289617,0.0037170984
Enhanced XGBoost,ROC,0.41964285714285715,0.5683060109289617,0.003550474
Enhanced XGBoost,ROC,0.41964285714285715,0.5737704918032787,0.0035328048
Enhanced XGBoost,ROC,0.42857142857142855,0.5737704918032787,0.0034788835
Enhanced XGBoost,ROC,0.42857142857142855,0.5846994535519126,0.003403434
Enhanced XGBoost,ROC,0.43154761904761907,0.5846994535519126,0.003375672
Enhanced XGBoost,ROC,0.43154761904761907,0.5901639344262295,0.003371419
Enhanced XGBoost,ROC,0.4494047619047619,0.5901639344262295,0.0032410133
Enhanced XGBoost,ROC,0.4494047619047619,0.5956284153005464,0.0032377539
Enhanced XGBoost,ROC,0.4523809523809524,0.5956284153005464,0.0032332283
Enhanced XGBoost,ROC,0.4523809523809524,0.6010928961748634,0.0032173316
Enhanced XGBoost,ROC,0.45535714285714285,0.6010928961748634,0.0032172564
Enhanced XGBoost,ROC,0.45535714285714285,0.6120218579234973,0.0032078733
Enhanced XGBoost,ROC,0.46130952380952384,0.6120218579234973,0.0031907947
Enhanced XGBoost,ROC,0.46130952380952384,0.6174863387978142,0.0031617729
Enhanced XGBoost,ROC,0.46726190476190477,0.6174863387978142,0.003138532
Enhanced XGBoost,ROC,0.46726190476190477,0.6229508196721312,0.003130248
Enhanced XGBoost,ROC,0.48214285714285715,0.6229508196721312,0.0029727437
Enhanced XGBoost,ROC,0.48214285714285715,0.6338797814207651,0.002932561
Enhanced XGBoost,ROC,0.5,0.6338797814207651,0.0028421353
Enhanced XGBoost,ROC,0.5,0.639344262295082,0.0028342379
Enhanced XGBoost,ROC,0.5029761904761905,0.639344262295082,0.0028068065
Enhanced XGBoost,ROC,0.5029761904761905,0.6502732240437158,0.0027859292
Enhanced XGBoost,ROC,0.5148809523809523,0.6502732240437158,0.002759716
Enhanced XGBoost,ROC,0.5148809523809523,0.6557377049180327,0.0026801086
Enhanced XGBoost,ROC,0.5208333333333334,0.6557377049180327,0.002668261
Enhanced XGBoost,ROC,0.5208333333333334,0.6612021857923497,0.0026413552
Enhanced XGBoost,ROC,0.5267857142857143,0.6612021857923497,0.0026098494
Enhanced XGBoost,ROC,0.5267857142857143,0.6721311475409836,0.0025828811
Enhanced XGBoost,ROC,0.5535714285714286,0.6721311475409836,0.0023643654
Enhanced XGBoost,ROC,0.5535714285714286,0.6775956284153005,0.0023587078
Enhanced XGBoost,ROC,0.5595238095238095,0.6775956284153005,0.002310748
Enhanced XGBoost,ROC,0.5595238095238095,0.6939890710382514,0.002279828
Enhanced XGBoost,ROC,0.5625,0.6939890710382514,0.0022688792
Enhanced XGBoost,ROC,0.5625,0.6994535519125683,0.0022598
Enhanced XGBoost,ROC,0.5684523809523809,0.6994535519125683,0.0022265615
Enhanced XGBoost,ROC,0.5684523809523809,0.7049180327868853,0.0022241953
Enhanced XGBoost,ROC,0.5714285714285714,0.7049180327868853,0.002221414
Enhanced XGBoost,ROC,0.5714285714285714,0.7158469945355191,0.0022200975
Enhanced XGBoost,ROC,0.5892857142857143,0.7158469945355191,0.0021742792
Enhanced XGBoost,ROC,0.5892857142857143,0.7213114754098361,0.0020880387
Enhanced XGBoost,ROC,0.6011904761904762,0.7213114754098361,0.002003276
Enhanced XGBoost,ROC,0.6011904761904762,0.726775956284153,0.0020003992
Enhanced XGBoost,ROC,0.6071428571428571,0.726775956284153,0.0019783126
Enhanced XGBoost,ROC,0.6071428571428571,0.73224043715847,0.0019530654
Enhanced XGBoost,ROC,0.6130952380952381,0.73224043715847,0.0019223987
Enhanced XGBoost,ROC,0.6130952380952381,0.7377049180327869,0.0019184602
Enhanced XGBoost,ROC,0.625,0.7377049180327869,0.0018900549
Enhanced XGBoost,ROC,0.625,0.7431693989071039,0.001882409
Enhanced XGBoost,ROC,0.6398809523809523,0.7431693989071039,0.0018051888
Enhanced XGBoost,ROC,0.6398809523809523,0.7486338797814208,0.0017905666
Enhanced XGBoost,ROC,0.6428571428571429,0.7486338797814208,0.0017893448
Enhanced XGBoost,ROC,0.6428571428571429,0.7650273224043715,0.0017377596
Enhanced XGBoost,ROC,0.6696428571428571,0.7650273224043715,0.0016525413
Enhanced XGBoost,ROC,0.6696428571428571,0.7704918032786885,0.0016408695
Enhanced XGBoost,ROC,0.6726190476190477,0.7704918032786885,0.0016039977
Enhanced XGBoost,ROC,0.6726190476190477,0.7759562841530054,0.0016029679
Enhanced XGBoost,ROC,0.6875,0.7759562841530054,0.0015391111
Enhanced XGBoost,ROC,0.6875,0.7814207650273224,0.001529476
Enhanced XGBoost,ROC,0.7023809523809523,0.7814207650273224,0.0014809846
Enhanced XGBoost,ROC,0.7023809523809523,0.7868852459016393,0.0014789207
Enhanced XGBoost,ROC,0.7172619047619048,0.7868852459016393,0.0014274891
Enhanced XGBoost,ROC,0.7172619047619048,0.7923497267759563,0.0014242112
Enhanced XGBoost,ROC,0.7202380952380952,0.7923497267759563,0.0013838968
Enhanced XGBoost,ROC,0.7202380952380952,0.7978142076502732,0.001379371
Enhanced XGBoost,ROC,0.7232142857142857,0.7978142076502732,0.0013787406
Enhanced XGBoost,ROC,0.7232142857142857,0.8087431693989071,0.001355596
Enhanced XGBoost,ROC,0.7380952380952381,0.8087431693989071,0.0013175424
Enhanced XGBoost,ROC,0.7380952380952381,0.8142076502732241,0.001312842
Enhanced XGBoost,ROC,0.7410714285714286,0.8142076502732241,0.0013049012
Enhanced XGBoost,ROC,0.7410714285714286,0.825136612021858,0.0012881095
Enhanced XGBoost,ROC,0.7559523809523809,0.825136612021858,0.0012087018
Enhanced XGBoost,ROC,0.7559523809523809,0.8306010928961749,0.001200715
Enhanced XGBoost,ROC,0.7589285714285714,0.8306010928961749,0.0011997953
Enhanced XGBoost,ROC,0.7589285714285714,0.8415300546448088,0.0011847009
Enhanced XGBoost,ROC,0.7678571428571429,0.8415300546448088,0.0011555073
Enhanced XGBoost,ROC,0.7678571428571429,0.8469945355191257,0.0011420627
Enhanced XGBoost,ROC,0.7738095238095238,0.8469945355191257,0.0011402072
Enhanced XGBoost,ROC,0.7738095238095238,0.8633879781420765,0.0011237132
Enhanced XGBoost,ROC,0.7797619047619048,0.8633879781420765,0.001101566
Enhanced XGBoost,ROC,0.7797619047619048,0.8688524590163934,0.0010898759
Enhanced XGBoost,ROC,0.8095238095238095,0.8688524590163934,0.000976408
Enhanced XGBoost,ROC,0.8095238095238095,0.8743169398907104,0.0009748803
Enhanced XGBoost,ROC,0.8244047619047619,0.8743169398907104,0.0009554056
Enhanced XGBoost,ROC,0.8244047619047619,0.8797814207650273,0.0009416995
Enhanced XGBoost,ROC,0.8273809523809523,0.8797814207650273,0.0009162159
Enhanced XGBoost,ROC,0.8273809523809523,0.8907103825136612,0.00090709236
Enhanced XGBoost,ROC,0.8422619047619048,0.8907103825136612,0.00084199663
Enhanced XGBoost,ROC,0.8422619047619048,0.9016393442622951,0.00083445554
Enhanced XGBoost,ROC,0.8482142857142857,0.9016393442622951,0.00083166565
Enhanced XGBoost,ROC,0.8482142857142857,0.907103825136612,0.0008173313
Enhanced XGBoost,ROC,0.8601190476190477,0.907103825136612,0.0007806977
Enhanced XGBoost,ROC,0.8601190476190477,0.9180327868852459,0.00076107593
Enhanced XGBoost,ROC,0.8869047619047619,0.9180327868852459,0.0006960061
Enhanced XGBoost,ROC,0.8869047619047619,0.9234972677595629,0.00068832265
Enhanced XGBoost,ROC,0.8988095238095238,0.9234972677595629,0.00064915325
Enhanced XGBoost,ROC,0.8988095238095238,0.9289617486338798,0.00064846594
Enhanced XGBoost,ROC,0.9166666666666666,0.9289617486338798,0.00059102266
Enhanced XGBoost,ROC,0.9166666666666666,0.9344262295081968,0.00058755896
Enhanced XGBoost,ROC,0.9226190476190477,0.9344262295081968,0.00057532056
Enhanced XGBoost,ROC,0.9226190476190477,0.9398907103825137,0.00057169044
Enhanced XGBoost,ROC,0.9255952380952381,0.9398907103825137,0.0005702162
Enhanced XGBoost,ROC,0.9255952380952381,0.9453551912568307,0.0005614887
Enhanced XGBoost,ROC,0.9285714285714286,0.9453551912568307,0.0005465692
Enhanced XGBoost,ROC,0.9285714285714286,0.9562841530054644,0.00053534406
Enhanced XGBoost,ROC,0.9345238095238095,0.9562841530054644,0.00051727146
Enhanced XGBoost,ROC,0.9345238095238095,0.9672131147540983,0.0005075575
Enhanced XGBoost,ROC,0.9375,0.9672131147540983,0.0004994053
Enhanced XGBoost,ROC,0.9375,0.9726775956284153,0.00049603474
Enhanced XGBoost,ROC,0.9761904761904762,0.9726775956284153,0.00039686792
Enhanced XGBoost,ROC,0.9761904761904762,0.9781420765027322,0.00039141142
Enhanced XGBoost,ROC,0.9880952380952381,0.9781420765027322,0.00037330578
Enhanced XGBoost,ROC,0.9880952380952381,0.994535519125683,0.00035043425
Enhanced XGBoost,ROC,1.0,0.994535519125683,0.00023542586
Enhanced XGBoost,ROC,1.0,1.0,0.00021291069
Enhanced XGBoost,PR,1.0,0.35260115606936415,0.00021291069
Enhanced XGBoost,PR,0.994535519125683,0.35135135135135137,0.00023542586
Enhanced XGBoost,PR,0.994535519125683,0.3520309477756286,0.00024834136
Enhanced XGBoost,PR,0.994535519125683,0.35271317829457366,0.00027021318
Enhanced XGBoost,PR,0.994535519125683,0.3533980582524272,0.00028308632
Enhanced XGBoost,PR,0.994535519125683,0.3540856031128405,0.00035043425
Enhanced XGBoost,PR,0.9890710382513661,0.35282651072124754,0.00035830375
Enhanced XGBoost,PR,0.9836065573770492,0.3515625,0.00037140952
Enhanced XGBoost,PR,0.9781420765027322,0.350293542074364,0.00037330578
Enhanced XGBoost,PR,0.9781420765027322,0.3509803921568627,0.0003744649
Enhanced XGBoost,PR,0.9781420765027322,0.3516699410609037,0.0003759975
Enhanced XGBoost,PR,0.9781420765027322,0.35236220472440943,0.0003818978
Enhanced XGBoost,PR,0.9781420765027322,0.3530571992110454,0.00039141142
Enhanced XGBoost,PR,0.9726775956284153,0.35177865612648224,0.00039686792
Enhanced XGBoost,PR,0.9726775956284153,0.35247524752475246,0.00043369533
Enhanced XGBoost,PR,0.9726775956284153,0.3531746031746032,0.00043756687
Enhanced XGBoost,PR,0.9726775956284153,0.3538767395626243,0.00044069908
Enhanced XGBoost,PR,0.9726775956284153,0.3545816733067729,0.00044095964
Enhanced XGBoost,PR,0.9726775956284153,0.35528942115768464,0.00044677104
Enhanced XGBoost,PR,0.9726775956284153,0.356,0.00044849108
Enhanced XGBoost,PR,0.9726775956284153,0.35671342685370744,0.00045295595
Enhanced XGBoost,PR,0.9726775956284153,0.357429718875502,0.00047297953
Enhanced XGBoost,PR,0.9726775956284153,0.358148893360161,0.00047729004
Enhanced XGBoost,PR,0.9726775956284153,0.3588709677419355,0.00047743614
Enhanced XGBoost,PR,0.9726775956284153,0.3595959595959596,0.00048969
Enhanced XGBoost,PR,0.9726775956284153,0.3603238866396761,0.0004915944
Enhanced XGBoost,PR,0.9726775956284153,0.36105476673427994,0.00049603474
Enhanced XGBoost,PR,0.9672131147540983,0.3597560975609756,0.0004994053
Enhanced XGBoost,PR,0.9672131147540983,0.3604887983706721,0.0005075575
Enhanced XGBoost,PR,0.9617486338797814,0.35918367346938773,0.0005078512
Enhanced XGBoost,PR,0.9562841530054644,0.35787321063394684,0.00051727146
Enhanced XGBoost,PR,0.9562841530054644,0.35860655737704916,0.0005270899
Enhanced XGBoost,PR,0.9562841530054644,0.3593429158110883,0.00053534406
Enhanced XGBoost,PR,0.9508196721311475,0.35802469135802467,0.0005414457
Enhanced XGBoost,PR,0.9453551912568307,0.35670103092783506,0.0005465692
Enhanced XGBoost,PR,0.9453551912568307,0.3574380165289256,0.0005614887
Enhanced XGBoost,PR,0.9398907103825137,0.35610766045548653,0.0005702162
Enhanced XGBoost,PR,0.9398907103825137,0.35684647302904565,0.00057169044
Enhanced XGBoost,PR,0.9344262295081968,0.35550935550935553,0.00057532056
Enhanced XGBoost,PR,0.9344262295081968,0.35625,0.00058600336
Enhanced XGBoost,PR,0.9344262295081968,0.3569937369519833,0.00058755896
Enhanced XGBoost,PR,0.9289617486338798,0.35564853556485354,0.00059102266
Enhanced XGBoost,PR,0.9289617486338798,0.35639412997903563,0.00060623896
Enhanced XGBoost,PR,0.9289617486338798,0.35714285714285715,0.0006098194
Enhanced XGBoost,PR,0.9289617486338798,0.35789473684210527,0.00061786897
Enhanced XGBoost,PR,0.9289617486338798,0.35864978902953587,0.00063565024
Enhanced XGBoost,PR,0.9289617486338798,0.3594080338266385,0.0006403792
Enhanced XGBoost,PR,0.9289617486338798,0.3601694915254237,0.00064846594
Enhanced XGBoost,PR,0.9234972677595629,0.35881104033970274,0.00064915325
Enhanced XGBoost,PR,0.9234972677595629,0.3595744680851064,0.00065909466
Enhanced XGBoost,PR,0.9234972677595629,0.3603411513859275,0.0006610369
Enhanced XGBoost,PR,0.9234972677595629,0.3611111111111111,0.00067864824
Enhanced XGBoost,PR,0.9234972677595629,0.3618843683083512,0.00068832265
Enhanced XGBoost,PR,0.9180327868852459,0.3605150214592275,0.0006960061
Enhanced XGBoost,PR,0.9180327868852459,0.36129032258064514,0.0006969725
Enhanced XGBoost,PR,0.9180327868852459,0.3620689655172414,0.00070399727
Enhanced XGBoost,PR,0.9180327868852459,0.36285097192224625,0.0007098578
Enhanced XGBoost,PR,0.9180327868852459,0.36363636363636365,0.00073151523
Enhanced XGBoost,PR,0.9180327868852459,0.3644251626898048,0.000739931
Enhanced XGBoost,PR,0.9180327868852459,0.3652173913043478,0.00074484054
Enhanced XGBoost,PR,0.9180327868852459,0.3660130718954248,0.00074536237
Enhanced XGBoost,PR,0.9180327868852459,0.36681222707423583,0.0007601167
Enhanced XGBoost,PR,0.9180327868852459,0.3676148796498906,0.00076107593
Enhanced XGBoost,PR,0.912568306010929,0.36622807017543857,0.0007753589
Enhanced XGBoost,PR,0.907103825136612,0.3648351648351648,0.0007806977
Enhanced XGBoost,PR,0.907103825136612,0.3656387665198238,0.00079102936
Enhanced XGBoost,PR,0.907103825136612,0.36644591611479027,0.00080095016
Enhanced XGBoost,PR,0.907103825136612,0.3672566371681416,0.00080687174
Enhanced XGBoost,PR,0.907103825136612,0.36807095343680707,0.0008173313
Enhanced XGBoost,PR,0.9016393442622951,0.36666666666666664,0.00083166565
Enhanced XGBoost,PR,0.9016393442622951,0.3674832962138085,0.0008316732
Enhanced XGBoost,PR,0.9016393442622951,0.36830357142857145,0.00083445554
Enhanced XGBoost,PR,0.8961748633879781,0.3668903803131991,0.0008409775
Enhanced XGBoost,PR,0.8907103825136612,0.3654708520179372,0.00084199663
Enhanced XGBoost,PR,0.8907103825136612,0.36629213483146067,0.00084899156
Enhanced XGBoost,PR,0.8907103825136612,0.36711711711711714,0.0008601242
Enhanced XGBoost,PR,0.8907103825136612,0.36794582392776526,0.00088117155
Enhanced XGBoost,PR,0.8907103825136612,0.36877828054298645,0.00090650184
Enhanced XGBoost,PR,0.8907103825136612,0.36961451247165533,0.00090709236
Enhanced XGBoost,PR,0.8852459016393442,0.36818181818181817,0.0009138863
Enhanced XGBoost,PR,0.8797814207650273,0.36674259681093396,0.0009162159
Enhanced XGBoost,PR,0.8797814207650273,0.3675799086757991,0.0009416995
Enhanced XGBoost,PR,0.8743169398907104,0.36613272311212813,0.0009554056
Enhanced XGBoost,PR,0.8743169398907104,0.3669724770642202,0.0009573632
Enhanced XGBoost,PR,0.8743169398907104,0.367816091954023,0.00095956813
Enhanced XGBoost,PR,0.8743169398907104,0.3686635944700461,0.0009729786
Enhanced XGBoost,PR,0.8743169398907104,0.3695150115473441,0.0009732929
Enhanced XGBoost,PR,0.8743169398907104,0.37037037037037035,0.0009748803
Enhanced XGBoost,PR,0.8688524590163934,0.3689095127610209,0.000976408
Enhanced XGBoost,PR,0.8688524590163934,0.3697674418604651,0.001005948
Enhanced XGBoost,PR,0.8688524590163934,0.3706293706293706,0.0010068791
Enhanced XGBoost,PR,0.8688524590163934,0.37149532710280375,0.0010395651
Enhanced XGBoost,PR,0.8688524590163934,0.37236533957845436,0.0010446575
Enhanced XGBoost,PR,0.8688524590163934,0.3732394366197183,0.0010770634
Enhanced XGBoost,PR,0.8688524590163934,0.37411764705882355,0.0010785891
Enhanced XGBoost,PR,0.8688524590163934,0.375,0.0010824488
Enhanced XGBoost,PR,0.8688524590163934,0.375886524822695,0.001086249
Enhanced XGBoost,PR,0.8688524590163934,0.3767772511848341,0.0010865664
Enhanced XGBoost,PR,0.8688524590163934,0.37767220902612825,0.0010898759
Enhanced XGBoost,PR,0.8633879781420765,0.3761904761904762,0.001101566
Enhanced XGBoost,PR,0.8633879781420765,0.37708830548926014,0.0011201943
Enhanced XGBoost,PR,0.8633879781420765,0.37799043062200954,0.0011237132
Enhanced XGBoost,PR,0.8579234972677595,0.3764988009592326,0.0011266785
Enhanced XGBoost,PR,0.8524590163934426,0.375,0.0011383253
Enhanced XGBoost,PR,0.8469945355191257,0.37349397590361444,0.0011402072
Enhanced XGBoost,PR,0.8469945355191257,0.3743961352657005,0.0011407465
Enhanced XGBoost,PR,0.8469945355191257,0.37530266343825663,0.0011420627
Enhanced XGBoost,PR,0.8415300546448088,0.3737864077669903,0.0011555073
Enhanced XGBoost,PR,0.8415300546448088,0.3746958637469586,0.0011598809
Enhanced XGBoost,PR,0.8415300546448088,0.375609756097561,0.00117527
Enhanced XGBoost,PR,0.8415300546448088,0.3765281173594132,0.0011847009
Enhanced XGBoost,PR,0.8360655737704918,0.375,0.0011935522
Enhanced XGBoost,PR,0.8306010928961749,0.37346437346437344,0.0011997953
Enhanced XGBoost,PR,0.8306010928961749,0.37438423645320196,0.001200715
Enhanced XGBoost,PR,0.825136612021858,0.3728395061728395,0.0012087018
Enhanced XGBoost,PR,0.825136612021858,0.37376237623762376,0.0012128946
Enhanced XGBoost,PR,0.825136612021858,0.3746898263027295,0.0012324073
Enhanced XGBoost,PR,0.825136612021858,0.3756218905472637,0.001249294
Enhanced XGBoost,PR,0.825136612021858,0.3765586034912718,0.001252468
Enhanced XGBoost,PR,0.825136612021858,0.3775,0.0012881095
Enhanced XGBoost,PR,0.819672131147541,0.37593984962406013,0.0013028403
Enhanced XGBoost,PR,0.8142076502732241,0.3743718592964824,0.0013049012
Enhanced XGBoost,PR,0.8142076502732241,0.37531486146095716,0.001312842
Enhanced XGBoost,PR,0.8087431693989071,0.37373737373737376,0.0013175424
Enhanced XGBoost,PR,0.8087431693989071,0.37468354430379747,0.0013485876
Enhanced XGBoost,PR,0.8087431693989071,0.3756345177664975,0.0013494465
Enhanced XGBoost,PR,0.8087431693989071,0.37659033078880405,0.0013522111
Enhanced XGBoost,PR,0.8087431693989071,0.37755102040816324,0.00135419
Enhanced XGBoost,PR,0.8087431693989071,0.37851662404092073,0.001355596
Enhanced XGBoost,PR,0.8032786885245902,0.3769230769230769,0.0013739871
Enhanced XGBoost,PR,0.7978142076502732,0.37532133676092544,0.0013787406
Enhanced XGBoost,PR,0.7978142076502732,0.37628865979381443,0.001379371
Enhanced XGBoost,PR,0.7923497267759563,0.37467700258397935,0.0013838968
Enhanced XGBoost,PR,0.7923497267759563,0.3756476683937824,0.0014242112
Enhanced XGBoost,PR,0.7868852459016393,0.37402597402597404,0.0014274891
Enhanced XGBoost,PR,0.7868852459016393,0.375,0.0014334708
Enhanced XGBoost,PR,0.7868852459016393,0.37597911227154046,0.0014339464
Enhanced XGBoost,PR,0.7868852459016393,0.3769633507853403,0.001443639
Enhanced XGBoost,PR,0.7868852459016393,0.3779527559055118,0.0014583583
Enhanced XGBoost,PR,0.7868852459016393,0.37894736842105264,0.0014789207
Enhanced XGBoost,PR,0.7814207650273224,0.37730870712401055,0.0014809846
Enhanced XGBoost,PR,0.7814207650273224,0.3783068783068783,0.0014980714
Enhanced XGBoost,PR,0.7814207650273224,0.3793103448275862,0.0015051184
Enhanced XGBoost,PR,0.7814207650273224,0.3803191489361702,0.0015154724
Enhanced XGBoost,PR,0.7814207650273224,0.38133333333333336,0.0015228109
Enhanced XGBoost,PR,0.7814207650273224,0.38235294117647056,0.001529476
Enhanced XGBoost,PR,0.7759562841530054,0.3806970509383378,0.0015391111
Enhanced XGBoost,PR,0.7759562841530054,0.3817204301075269,0.0015503716
Enhanced XGBoost,PR,0.7759562841530054,0.38274932614555257,0.0015516904
Enhanced XGBoost,PR,0.7759562841530054,0.3837837837837838,0.0015850541
Enhanced XGBoost,PR,0.7759562841530054,0.38482384823848237,0.0016000073
Enhanced XGBoost,PR,0.7759562841530054,0.3858695652173913,0.0016029679
Enhanced XGBoost,PR,0.7704918032786885,0.38419618528610355,0.0016039977
Enhanced XGBoost,PR,0.7704918032786885,0.38524590163934425,0.0016408695
Enhanced XGBoost,PR,0.7650273224043715,0.3835616438356164,0.0016525413
Enhanced XGBoost,PR,0.7650273224043715,0.38461538461538464,0.0016545611
Enhanced XGBoost,PR,0.7650273224043715,0.3856749311294766,0.0016549203
Enhanced XGBoost,PR,0.7650273224043715,0.3867403314917127,0.0016628086
Enhanced XGBoost,PR,0.7650273224043715,0.3878116343490305,0.0016648655
Enhanced XGBoost,PR,0.7650273224043715,0.3888888888888889,0.0016765161
Enhanced XGBoost,PR,0.7650273224043715,0.38997214484679665,0.0016867346
Enhanced XGBoost,PR,0.7650273224043715,0.39106145251396646,0.0017122232
Enhanced XGBoost,PR,0.7650273224043715,0.39215686274509803,0.0017212655
Enhanced XGBoost,PR,0.7650273224043715,0.39325842696629215,0.0017377596
Enhanced XGBoost,PR,0.7595628415300546,0.39154929577464787,0.0017703072
Enhanced XGBoost,PR,0.7540983606557377,0.3898305084745763,0.0017742603
Enhanced XGBoost,PR,0.7486338797814208,0.3881019830028329,0.0017893448
Enhanced XGBoost,PR,0.7486338797814208,0.38920454545454547,0.0017905666
Enhanced XGBoost,PR,0.7431693989071039,0.38746438746438744,0.0018051888
Enhanced XGBoost,PR,0.7431693989071039,0.38857142857142857,0.0018362324
Enhanced XGBoost,PR,0.7431693989071039,0.38968481375358166,0.001837367
Enhanced XGBoost,PR,0.7431693989071039,0.39080459770114945,0.0018448506
Enhanced XGBoost,PR,0.7431693989071039,0.3919308357348703,0.0018493237
Enhanced XGBoost,PR,0.7431693989071039,0.3930635838150289,0.001882409
Enhanced XGBoost,PR,0.7377049180327869,0.391304347826087,0.0018900549
Enhanced XGBoost,PR,0.7377049180327869,0.39244186046511625,0.0019021074
Enhanced XGBoost,PR,0.7377049180327869,0.3935860058309038,0.0019078527
Enhanced XGBoost,PR,0.7377049180327869,0.39473684210526316,0.0019099215
Enhanced XGBoost,PR,0.7377049180327869,0.39589442815249265,0.0019184602
Enhanced XGBoost,PR,0.73224043715847,0.3941176470588235,0.0019223987
Enhanced XGBoost,PR,0.73224043715847,0.3952802359882006,0.001927861
Enhanced XGBoost,PR,0.73224043715847,0.39644970414201186,0.0019530654
Enhanced XGBoost,PR,0.726775956284153,0.39465875370919884,0.0019783126
Enhanced XGBoost,PR,0.726775956284153,0.3958333333333333,0.0019921428
Enhanced XGBoost,PR,0.726775956284153,0.3970149253731343,0.0020003992
Enhanced XGBoost,PR,0.7213114754098361,0.39520958083832336,0.002003276
Enhanced XGBoost,PR,0.7213114754098361,0.3963963963963964,0.0020342497
Enhanced XGBoost,PR,0.7213114754098361,0.39759036144578314,0.0020764768
Enhanced XGBoost,PR,0.7213114754098361,0.3987915407854985,0.002087571
Enhanced XGBoost,PR,0.7213114754098361,0.4,0.0020880387
Enhanced XGBoost,PR,0.7158469945355191,0.3981762917933131,0.0021742792
Enhanced XGBoost,PR,0.7158469945355191,0.39939024390243905,0.0021750552
Enhanced XGBoost,PR,0.7158469945355191,0.40061162079510704,0.0021776552
Enhanced XGBoost,PR,0.7158469945355191,0.401840490797546,0.0021912698
Enhanced XGBoost,PR,0.7158469945355191,0.40307692307692305,0.0021969425
Enhanced XGBoost,PR,0.7158469945355191,0.404320987654321,0.0022108688
Enhanced XGBoost,PR,0.7158469945355191,0.4055727554179567,0.0022200975
Enhanced XGBoost,PR,0.7103825136612022,0.40372670807453415,0.0022213461
Enhanced XGBoost,PR,0.7049180327868853,0.40186915887850466,0.002221414
Enhanced XGBoost,PR,0.7049180327868853,0.403125,0.0022241953
Enhanced XGBoost,PR,0.6994535519125683,0.4012539184952978,0.0022265615
Enhanced XGBoost,PR,0.6994535519125683,0.4025157232704403,0.0022317276
Enhanced XGBoost,PR,0.6994535519125683,0.4037854889589905,0.0022598
Enhanced XGBoost,PR,0.6939890710382514,0.40189873417721517,0.0022688792
Enhanced XGBoost,PR,0.6939890710382514,0.4031746031746032,0.002279828
Enhanced XGBoost,PR,0.6885245901639344,0.4012738853503185,0.002281484
Enhanced XGBoost,PR,0.6830601092896175,0.3993610223642173,0.0022829399
Enhanced XGBoost,PR,0.6775956284153005,0.3974358974358974,0.002310748
Enhanced XGBoost,PR,0.6775956284153005,0.3987138263665595,0.0023169916
Enhanced XGBoost,PR,0.6775956284153005,0.4,0.0023587078
Enhanced XGBoost,PR,0.6721311475409836,0.39805825242718446,0.0023643654
Enhanced XGBoost,PR,0.6721311475409836,0.39935064935064934,0.0024532322
Enhanced XGBoost,PR,0.6721311475409836,0.4006514657980456,0.002461426
Enhanced XGBoost,PR,0.6721311475409836,0.4019607843137255,0.0024680428
Enhanced XGBoost,PR,0.6721311475409836,0.40327868852459015,0.0024755076
Enhanced XGBoost,PR,0.6721311475409836,0.40460526315789475,0.0024800568
Enhanced XGBoost,PR,0.6721311475409836,0.40594059405940597,0.0025498243
Enhanced XGBoost,PR,0.6721311475409836,0.40728476821192056,0.0025551333
Enhanced XGBoost,PR,0.6721311475409836,0.40863787375415284,0.0025783314
Enhanced XGBoost,PR,0.6721311475409836,0.41,0.0025828811
Enhanced XGBoost,PR,0.6666666666666666,0.4080267558528428,0.0026003553
Enhanced XGBoost,PR,0.6612021857923497,0.40604026845637586,0.0026098494
Enhanced XGBoost,PR,0.6612021857923497,0.4074074074074074,0.0026360506
Enhanced XGBoost,PR,0.6612021857923497,0.40878378378378377,0.0026413552
Enhanced XGBoost,PR,0.6557377049180327,0.4067796610169492,0.002668261
Enhanced XGBoost,PR,0.6557377049180327,0.40816326530612246,0.0026728357
Enhanced XGBoost,PR,0.6557377049180327,0.40955631399317405,0.0026801086
Enhanced XGBoost,PR,0.6502732240437158,0.4075342465753425,0.002759716
Enhanced XGBoost,PR,0.6502732240437158,0.40893470790378006,0.002769518
Enhanced XGBoost,PR,0.6502732240437158,0.4103448275862069,0.0027788247
Enhanced XGBoost,PR,0.6502732240437158,0.4117647058823529,0.002785467
Enhanced XGBoost,PR,0.6502732240437158,0.4131944444444444,0.0027859292
Enhanced XGBoost,PR,0.644808743169399,0.41114982578397213,0.0028017927
Enhanced XGBoost,PR,0.639344262295082,0.4090909090909091,0.0028068065
Enhanced XGBoost,PR,0.639344262295082,0.4105263157894737,0.0028342379
Enhanced XGBoost,PR,0.6338797814207651,0.4084507042253521,0.0028421353
Enhanced XGBoost,PR,0.6338797814207651,0.4098939929328622,0.002846092
Enhanced XGBoost,PR,0.6338797814207651,0.41134751773049644,0.002873226
Enhanced XGBoost,PR,0.6338797814207651,0.4128113879003559,0.002883031
Enhanced XGBoost,PR,0.6338797814207651,0.4142857142857143,0.002911637
Enhanced XGBoost,PR,0.6338797814207651,0.4157706093189964,0.0029319574
Enhanced XGBoost,PR,0.6338797814207651,0.4172661870503597,0.002932561
Enhanced XGBoost,PR,0.6284153005464481,0.4151624548736462,0.00293599
Enhanced XGBoost,PR,0.6229508196721312,0.41304347826086957,0.0029727437
Enhanced XGBoost,PR,0.6229508196721312,0.41454545454545455,0.002972923
Enhanced XGBoost,PR,0.6229508196721312,0.41605839416058393,0.0030061174
Enhanced XGBoost,PR,0.6229508196721312,0.4175824175824176,0.003017321
Enhanced XGBoost,PR,0.6229508196721312,0.41911764705882354,0.003069402
Enhanced XGBoost,PR,0.6229508196721312,0.42066420664206644,0.003130248
Enhanced XGBoost,PR,0.6174863387978142,0.4185185185185185,0.003138532
Enhanced XGBoost,PR,0.6174863387978142,0.4200743494423792,0.0031548415
Enhanced XGBoost,PR,0.6174863387978142,0.4216417910447761,0.0031617729
Enhanced XGBoost,PR,0.6120218579234973,0.41947565543071164,0.0031907947
Enhanced XGBoost,PR,0.6120218579234973,0.42105263157894735,0.0032041583
Enhanced XGBoost,PR,0.6120218579234973,0.4226415094339623,0.0032078733
Enhanced XGBoost,PR,0.6065573770491803,0.42045454545454547,0.003216278
Enhanced XGBoost,PR,0.6010928961748634,0.41825095057034223,0.0032172564
Enhanced XGBoost,PR,0.6010928961748634,0.4198473282442748,0.0032173316
Enhanced XGBoost,PR,0.5956284153005464,0.41762452107279696,0.0032332283
Enhanced XGBoost,PR,0.5956284153005464,0.41923076923076924,0.0032377539
Enhanced XGBoost,PR,0.5901639344262295,0.416988416988417,0.0032410133
Enhanced XGBoost,PR,0.5901639344262295,0.4186046511627907,0.0032775716
Enhanced XGBoost,PR,0.5901639344262295,0.42023346303501946,0.0033087975
Enhanced XGBoost,PR,0.5901639344262295,0.421875,0.0033161824
Enhanced XGBoost,PR,0.5901639344262295,0.4235294117647059,0.0033263017
Enhanced XGBoost,PR,0.5901639344262295,0.4251968503937008,0.0033535364
Enhanced XGBoost,PR,0.5901639344262295,0.4268774703557312,0.003371419
Enhanced XGBoost,PR,0.5846994535519126,0.4246031746031746,0.003375672
Enhanced XGBoost,PR,0.5846994535519126,0.4262948207171315,0.003403434
Enhanced XGBoost,PR,0.5792349726775956,0.424,0.0034647584
Enhanced XGBoost,PR,0.5737704918032787,0.42168674698795183,0.0034788835
Enhanced XGBoost,PR,0.5737704918032787,0.42338709677419356,0.0035283256
Enhanced XGBoost,PR,0.5737704918032787,0.4251012145748988,0.0035292257
Enhanced XGBoost,PR,0.5737704918032787,0.4268292682926829,0.0035328048
Enhanced XGBoost,PR,0.5683060109289617,0.42448979591836733,0.003550474
Enhanced XGBoost,PR,0.5683060109289617,0.4262295081967213,0.0035732344
Enhanced XGBoost,PR,0.5683060109289617,0.4279835390946502,0.0035751604
Enhanced XGBoost,PR,0.5683060109289617,0.4297520661157025,0.003603995
Enhanced XGBoost,PR,0.5683060109289617,0.4315352697095436,0.003713276
Enhanced XGBoost,PR,0.5683060109289617,0.43333333333333335,0.0037170984
Enhanced XGBoost,PR,0.5628415300546448,0.4309623430962343,0.0037385216
Enhanced XGBoost,PR,0.5628415300546448,0.4327731092436975,0.0037644908
Enhanced XGBoost,PR,0.5628415300546448,0.4345991561181435,0.003782578
Enhanced XGBoost,PR,0.5628415300546448,0.4364406779661017,0.0037970862
Enhanced XGBoost,PR,0.5628415300546448,0.43829787234042555,0.003822295
Enhanced XGBoost,PR,0.5628415300546448,0.44017094017094016,0.0038924632
Enhanced XGBoost,PR,0.5573770491803278,0.43776824034334766,0.00391567
Enhanced XGBoost,PR,0.5519125683060109,0.4353448275862069,0.0039229295
Enhanced XGBoost,PR,0.5519125683060109,0.43722943722943725,0.0039238874
Enhanced XGBoost,PR,0.5519125683060109,0.4391304347826087,0.003927402
Enhanced XGBoost,PR,0.5519125683060109,0.4410480349344978,0.0039780396
Enhanced XGBoost,PR,0.5519125683060109,0.44298245614035087,0.004002855
Enhanced XGBoost,PR,0.5519125683060109,0.44493392070484583,0.0040257326
Enhanced XGBoost,PR,0.5519125683060109,0.4469026548672566,0.0040359166
Enhanced XGBoost,PR,0.5519125683060109,0.4488888888888889,0.004049206
Enhanced XGBoost,PR,0.546448087431694,0.44642857142857145,0.0040881573
Enhanced XGBoost,PR,0.546448087431694,0.4484304932735426,0.004117726
Enhanced XGBoost,PR,0.546448087431694,0.45045045045045046,0.0041279695
Enhanced XGBoost,PR,0.546448087431694,0.45248868778280543,0.0041681677
Enhanced XGBoost,PR,0.546448087431694,0.45454545454545453,0.0042319614
Enhanced XGBoost,PR,0.546448087431694,0.45662100456621,0.004255175
Enhanced XGBoost,PR,0.546448087431694,0.45871559633027525,0.004273716
Enhanced XGBoost,PR,0.546448087431694,0.4608294930875576,0.004294271
Enhanced XGBoost,PR,0.546448087431694,0.46296296296296297,0.0043019056
Enhanced XGBoost,PR,0.546448087431694,0.46511627906976744,0.0043104435
Enhanced XGBoost,PR,0.546448087431694,0.4672897196261682,0.004350789
Enhanced XGBoost,PR,0.546448087431694,0.4694835680751174,0.0043615415
Enhanced XGBoost,PR,0.546448087431694,0.4716981132075472,0.0043775127
Enhanced XGBoost,PR,0.5409836065573771,0.46919431279620855,0.004384582
Enhanced XGBoost,PR,0.5409836065573771,0.4714285714285714,0.0043968596
Enhanced XGBoost,PR,0.5409836065573771,0.47368421052631576,0.0045300657
Enhanced XGBoost,PR,0.5409836065573771,0.47596153846153844,0.0045500644
Enhanced XGBoost,PR,0.5409836065573771,0.4782608695652174,0.004597395
Enhanced XGBoost,PR,0.5409836065573771,0.48058252427184467,0.0046517663
Enhanced XGBoost,PR,0.5409836065573771,0.48292682926829267,0.004787586
Enhanced XGBoost,PR,0.5409836065573771,0.4852941176470588,0.0047904383
Enhanced XGBoost,PR,0.5409836065573771,0.4876847290640394,0.0048325164
Enhanced XGBoost,PR,0.5355191256830601,0.48514851485148514,0.0049443576
Enhanced XGBoost,PR,0.5355191256830601,0.48756218905472637,0.004950642
Enhanced XGBoost,PR,0.5355191256830601,0.49,0.004962346
Enhanced XGBoost,PR,0.5355191256830601,0.49246231155778897,0.0049965135
Enhanced XGBoost,PR,0.5355191256830601,0.494949494949495,0.005014784
Enhanced XGBoost,PR,0.5355191256830601,0.49746192893401014,0.0050195754
Enhanced XGBoost,PR,0.5355191256830601,0.5,0.005040249
Enhanced XGBoost,PR,0.5355191256830601,0.5025641025641026,0.005045905
Enhanced XGBoost,PR,0.5300546448087432,0.5,0.005071794
Enhanced XGBoost,PR,0.5300546448087432,0.5025906735751295,0.0050875405
Enhanced XGBoost,PR,0.5300546448087432,0.5052083333333334,0.0051739714
Enhanced XGBoost,PR,0.5300546448087432,0.5078534031413613,0.0052054827
Enhanced XGBoost,PR,0.5300546448087432,0.5105263157894737,0.0052941376
Enhanced XGBoost,PR,0.5300546448087432,0.5132275132275133,0.005302509
Enhanced XGBoost,PR,0.5300546448087432,0.5159574468085106,0.0053539635
Enhanced XGBoost,PR,0.5300546448087432,0.5187165775401069,0.005370617
Enhanced XGBoost,PR,0.5300546448087432,0.521505376344086,0.005479703
Enhanced XGBoost,PR,0.5245901639344263,0.518918918918919,0.005498096
Enhanced XGBoost,PR,0.5245901639344263,0.5217391304347826,0.005498737
Enhanced XGBoost,PR,0.5191256830601093,0.5191256830601093,0.00550455
Enhanced XGBoost,PR,0.5191256830601093,0.521978021978022,0.005505725
Enhanced XGBoost,PR,0.5191256830601093,0.5248618784530387,0.0055065807
Enhanced XGBoost,PR,0.5191256830601093,0.5277777777777778,0.0056259977
Enhanced XGBoost,PR,0.5136612021857924,0.5251396648044693,0.0057315775
Enhanced XGBoost,PR,0.5081967213114754,0.5224719101123596,0.0057537425
Enhanced XGBoost,PR,0.5081967213114754,0.5254237288135594,0.005885531
Enhanced XGBoost,PR,0.5081967213114754,0.5284090909090909,0.0058954377
Enhanced XGBoost,PR,0.5081967213114754,0.5314285714285715,0.0060146297
Enhanced XGBoost,PR,0.5081967213114754,0.5344827586206896,0.0060391612
Enhanced XGBoost,PR,0.5081967213114754,0.5375722543352601,0.0060752155
Enhanced XGBoost,PR,0.5081967213114754,0.5406976744186046,0.0060935267
Enhanced XGBoost,PR,0.5081967213114754,0.543859649122807,0.006144053
Enhanced XGBoost,PR,0.5081967213114754,0.5470588235294118,0.0061552906
Enhanced XGBoost,PR,0.5081967213114754,0.5502958579881657,0.0061555146
Enhanced XGBoost,PR,0.5027322404371585,0.5476190476190477,0.006253936
Enhanced XGBoost,PR,0.5027322404371585,0.5508982035928144,0.0063344
Enhanced XGBoost,PR,0.5027322404371585,0.5542168674698795,0.006342193
Enhanced XGBoost,PR,0.5027322404371585,0.5575757575757576,0.0063868957
Enhanced XGBoost,PR,0.5027322404371585,0.5609756097560976,0.006415613
Enhanced XGBoost,PR,0.5027322404371585,0.5644171779141104,0.0064575216
Enhanced XGBoost,PR,0.5027322404371585,0.5679012345679012,0.0064702453
Enhanced XGBoost,PR,0.5027322404371585,0.5714285714285714,0.0065116785
Enhanced XGBoost,PR,0.5027322404371585,0.575,0.006654026
Enhanced XGBoost,PR,0.5027322404371585,0.5786163522012578,0.0068656434
Enhanced XGBoost,PR,0.5027322404371585,0.5822784810126582,0.0068981294
Enhanced XGBoost,PR,0.4972677595628415,0.5796178343949044,0.0070600705
Enhanced XGBoost,PR,0.4918032786885246,0.5769230769230769,0.0071257865
Enhanced XGBoost,PR,0.4918032786885246,0.5806451612903226,0.007225061
Enhanced XGBoost,PR,0.4918032786885246,0.5844155844155844,0.0072695157
Enhanced XGBoost,PR,0.4918032786885246,0.5882352941176471,0.0072954185
Enhanced XGBoost,PR,0.4918032786885246,0.5921052631578947,0.0072974525
Enhanced XGBoost,PR,0.4918032786885246,0.5960264900662252,0.0073180175
Enhanced XGBoost,PR,0.4918032786885246,0.6,0.0077133826
Enhanced XGBoost,PR,0.48633879781420764,0.5973154362416108,0.0077928705
Enhanced XGBoost,PR,0.4808743169398907,0.5945945945945946,0.007941855
Enhanced XGBoost,PR,0.47540983606557374,0.5918367346938775,0.007983953
Enhanced XGBoost,PR,0.47540983606557374,0.5958904109589042,0.007990466
Enhanced XGBoost,PR,0.47540983606557374,0.6,0.008126173
Enhanced XGBoost,PR,0.47540983606557374,0.6041666666666666,0.008243649
Enhanced XGBoost,PR,0.47540983606557374,0.6083916083916084,0.008596345
Enhanced XGBoost,PR,0.46994535519125685,0.6056338028169014,0.008759359
Enhanced XGBoost,PR,0.46994535519125685,0.6099290780141844,0.0088356715
Enhanced XGBoost,PR,0.4644808743169399,0.6071428571428571,0.00885373
Enhanced XGBoost,PR,0.4644808743169399,0.6115107913669064,0.008956978
Enhanced XGBoost,PR,0.45901639344262296,0.6086956521739131,0.008986363
Enhanced XGBoost,PR,0.453551912568306,0.6058394160583942,0.00906446
Enhanced XGBoost,PR,0.44808743169398907,0.6029411764705882,0.00911154
Enhanced XGBoost,PR,0.44808743169398907,0.6074074074074074,0.009262267
Enhanced XGBoost,PR,0.44808743169398907,0.6119402985074627,0.009381611
Enhanced XGBoost,PR,0.4426229508196721,0.6090225563909775,0.009404243
Enhanced XGBoost,PR,0.4371584699453552,0.6060606060606061,0.009523538
Enhanced XGBoost,PR,0.4371584699453552,0.6106870229007634,0.009533736
Enhanced XGBoost,PR,0.4371584699453552,0.6153846153846154,0.009867689
Enhanced XGBoost,PR,0.4371584699453552,0.6201550387596899,0.009869086
Enhanced XGBoost,PR,0.4371584699453552,0.625,0.009869962
Enhanced XGBoost,PR,0.43169398907103823,0.6220472440944882,0.009972935
Enhanced XGBoost,PR,0.4262295081967213,0.6190476190476191,0.010010598
Enhanced XGBoost,PR,0.4262295081967213,0.624,0.010072756
Enhanced XGBoost,PR,0.4262295081967213,0.6290322580645161,0.010381978
Enhanced XGBoost,PR,0.4262295081967213,0.6341463414634146,0.010509943
Enhanced XGBoost,PR,0.4207650273224044,0.6311475409836066,0.010531203
Enhanced XGBoost,PR,0.4207650273224044,0.6363636363636364,0.010555891
Enhanced XGBoost,PR,0.4207650273224044,0.6416666666666667,0.010628276
Enhanced XGBoost,PR,0.4207650273224044,0.6470588235294118,0.0107190255
Enhanced XGBoost,PR,0.4207650273224044,0.652542372881356,0.01096258
Enhanced XGBoost,PR,0.4207650273224044,0.6581196581196581,0.011216693
Enhanced XGBoost,PR,0.41530054644808745,0.6551724137931034,0.011371986
Enhanced XGBoost,PR,0.4098360655737705,0.6521739130434783,0.011451969
Enhanced XGBoost,PR,0.4098360655737705,0.6578947368421053,0.011452526
Enhanced XGBoost,PR,0.4098360655737705,0.6637168141592921,0.011509153
Enhanced XGBoost,PR,0.40437158469945356,0.6607142857142857,0.011509549
Enhanced XGBoost,PR,0.40437158469945356,0.6666666666666666,0.011529524
Enhanced XGBoost,PR,0.40437158469945356,0.6727272727272727,0.012031336
Enhanced XGBoost,PR,0.3989071038251366,0.6697247706422018,0.01210233
Enhanced XGBoost,PR,0.39344262295081966,0.6666666666666666,0.012237753
Enhanced XGBoost,PR,0.3879781420765027,0.6635514018691588,0.012294641
Enhanced XGBoost,PR,0.3879781420765027,0.6698113207547169,0.012395478
Enhanced XGBoost,PR,0.3825136612021858,0.6666666666666666,0.012504435
Enhanced XGBoost,PR,0.3825136612021858,0.6730769230769231,0.012862264
Enhanced XGBoost,PR,0.3770491803278688,0.6699029126213593,0.013383797
Enhanced XGBoost,PR,0.37158469945355194,0.6666666666666666,0.013530321
Enhanced XGBoost,PR,0.37158469945355194,0.6732673267326733,0.014092291
Enhanced XGBoost,PR,0.366120218579235,0.67,0.01416769
Enhanced XGBoost,PR,0.36065573770491804,0.6666666666666666,0.01427533
Enhanced XGBoost,PR,0.36065573770491804,0.673469387755102,0.014314191
Enhanced XGBoost,PR,0.36065573770491804,0.6804123711340206,0.0144559825
Enhanced XGBoost,PR,0.36065573770491804,0.6875,0.014917703
Enhanced XGBoost,PR,0.36065573770491804,0.6947368421052632,0.014989634
Enhanced XGBoost,PR,0.3551912568306011,0.6914893617021277,0.014993796
Enhanced XGBoost,PR,0.34972677595628415,0.6881720430107527,0.015561996
Enhanced XGBoost,PR,0.34972677595628415,0.6956521739130435,0.01571263
Enhanced XGBoost,PR,0.3442622950819672,0.6923076923076923,0.01595183
Enhanced XGBoost,PR,0.33879781420765026,0.6888888888888889,0.016062258
Enhanced XGBoost,PR,0.3333333333333333,0.6853932584269663,0.017301222
Enhanced XGBoost,PR,0.3333333333333333,0.6931818181818182,0.017486423
Enhanced XGBoost,PR,0.32786885245901637,0.6896551724137931,0.017580919
Enhanced XGBoost,PR,0.3224043715846995,0.686046511627907,0.018110326
Enhanced XGBoost,PR,0.3224043715846995,0.6941176470588235,0.018119987
Enhanced XGBoost,PR,0.31693989071038253,0.6904761904761905,0.01845754
Enhanced XGBoost,PR,0.3114754098360656,0.6867469879518072,0.0189078
Enhanced XGBoost,PR,0.30601092896174864,0.6829268292682927,0.01893025
Enhanced XGBoost,PR,0.3005464480874317,0.6790123456790124,0.019371478
Enhanced XGBoost,PR,0.3005464480874317,0.6875,0.019444965
Enhanced XGBoost,PR,0.3005464480874317,0.6962025316455697,0.019748507
Enhanced XGBoost,PR,0.29508196721311475,0.6923076923076923,0.020038651
Enhanced XGBoost,PR,0.2896174863387978,0.6883116883116883,0.020600867
Enhanced XGBoost,PR,0.2896174863387978,0.6973684210526315,0.02062173
Enhanced XGBoost,PR,0.28415300546448086,0.6933333333333334,0.021383118
Enhanced XGBoost,PR,0.28415300546448086,0.7027027027027027,0.02163744
Enhanced XGBoost,PR,0.28415300546448086,0.7123287671232876,0.021861125
Enhanced XGBoost,PR,0.2786885245901639,0.7083333333333334,0.022254398
Enhanced XGBoost,PR,0.2786885245901639,0.7183098591549296,0.022715487
Enhanced XGBoost,PR,0.2786885245901639,0.7285714285714285,0.023093523
Enhanced XGBoost,PR,0.273224043715847,0.7246376811594203,0.023577824
Enhanced XGBoost,PR,0.273224043715847,0.7352941176470589,0.024087213
Enhanced XGBoost,PR,0.273224043715847,0.746268656716418,0.024194447
Enhanced XGBoost,PR,0.2677595628415301,0.7424242424242424,0.024927525
Enhanced XGBoost,PR,0.26229508196721313,0.7384615384615385,0.02503075
Enhanced XGBoost,PR,0.2568306010928962,0.734375,0.025516544
Enhanced XGBoost,PR,0.2568306010928962,0.746031746031746,0.02647276
Enhanced XGBoost,PR,0.25136612021857924,0.7419354838709677,0.027145246
Enhanced XGBoost,PR,0.25136612021857924,0.7540983606557377,0.027715053
Enhanced XGBoost,PR,0.25136612021857924,0.7666666666666667,0.028127657
Enhanced XGBoost,PR,0.25136612021857924,0.7796610169491526,0.02933297
Enhanced XGBoost,PR,0.25136612021857924,0.7931034482758621,0.02967695
Enhanced XGBoost,PR,0.2459016393442623,0.7894736842105263,0.029703923
Enhanced XGBoost,PR,0.2459016393442623,0.8035714285714286,0.029712487
Enhanced XGBoost,PR,0.24043715846994534,0.8,0.03389231
Enhanced XGBoost,PR,0.23497267759562843,0.7962962962962963,0.037773233
Enhanced XGBoost,PR,0.22950819672131148,0.7924528301886793,0.04075995
Enhanced XGBoost,PR,0.22950819672131148,0.8076923076923077,0.041259453
Enhanced XGBoost,PR,0.22404371584699453,0.803921568627451,0.04300598
Enhanced XGBoost,PR,0.22404371584699453,0.82,0.047524318
Enhanced XGBoost,PR,0.22404371584699453,0.8367346938775511,0.04775187
Enhanced XGBoost,PR,0.2185792349726776,0.8333333333333334,0.053051256
Enhanced XGBoost,PR,0.2185792349726776,0.851063829787234,0.06514372
Enhanced XGBoost,PR,0.2185792349726776,0.8695652173913043,0.07099485
Enhanced XGBoost,PR,0.2185792349726776,0.8888888888888888,0.07502921
Enhanced XGBoost,PR,0.2185792349726776,0.9090909090909091,0.07736759
Enhanced XGBoost,PR,0.2185792349726776,0.9302325581395349,0.088973
Enhanced XGBoost,PR,0.21311475409836064,0.9285714285714286,0.09547752
Enhanced XGBoost,PR,0.20765027322404372,0.926829268292683,0.09797454
Enhanced XGBoost,PR,0.20218579234972678,0.925,0.10463384
Enhanced XGBoost,PR,0.19672131147540983,0.9230769230769231,0.10677332
Enhanced XGBoost,PR,0.1912568306010929,0.9210526315789473,0.10924956
Enhanced XGBoost,PR,0.1912568306010929,0.9459459459459459,0.110887624
Enhanced XGBoost,PR,0.18579234972677597,0.9444444444444444,0.11284855
Enhanced XGBoost,PR,0.18032786885245902,0.9428571428571428,0.11803394
Enhanced XGBoost,PR,0.17486338797814208,0.9411764705882353,0.120357975
Enhanced XGBoost,PR,0.16939890710382513,0.9393939393939394,0.122337446
Enhanced XGBoost,PR,0.16393442622950818,0.9375,0.12732054
Enhanced XGBoost,PR,0.15846994535519127,0.9354838709677419,0.1294062
Enhanced XGBoost,PR,0.15300546448087432,0.9333333333333333,0.13736762
Enhanced XGBoost,PR,0.14754098360655737,0.9310344827586207,0.1427047
Enhanced XGBoost,PR,0.14754098360655737,0.9642857142857143,0.1438238
Enhanced XGBoost,PR,0.14207650273224043,0.9629629629629629,0.14545691
Enhanced XGBoost,PR,0.1366120218579235,0.9615384615384616,0.14588295
Enhanced XGBoost,PR,0.13114754098360656,0.96,0.1585775
Enhanced XGBoost,PR,0.12568306010928962,0.9583333333333334,0.179281
Enhanced XGBoost,PR,0.12021857923497267,0.9565217391304348,0.17928416
Enhanced XGBoost,PR,0.11475409836065574,0.9545454545454546,0.18816194
Enhanced XGBoost,PR,0.1092896174863388,0.9523809523809523,0.19669682
Enhanced XGBoost,PR,0.10382513661202186,0.95,0.22570495
Enhanced XGBoost,PR,0.09836065573770492,0.9473684210526315,0.23330432
Enhanced XGBoost,PR,0.09289617486338798,0.9444444444444444,0.2562763
Enhanced XGBoost,PR,0.08743169398907104,0.9411764705882353,0.25742137
Enhanced XGBoost,PR,0.08196721311475409,0.9375,0.28115186
Enhanced XGBoost,PR,0.07650273224043716,0.9333333333333333,0.3168037
Enhanced XGBoost,PR,0.07103825136612021,0.9285714285714286,0.31923774
Enhanced XGBoost,PR,0.06557377049180328,0.9230769230769231,0.33031422
Enhanced XGBoost,PR,0.060109289617486336,0.9166666666666666,0.36108443
Enhanced XGBoost,PR,0.0546448087431694,0.9090909090909091,0.47712025
Enhanced XGBoost,PR,0.0546448087431694,1.0,0.62521815
Enhanced XGBoost,PR,0.04918032786885246,1.0,0.69311243
Enhanced XGBoost,PR,0.04371584699453552,1.0,0.77570814
Enhanced XGBoost,PR,0.03825136612021858,1.0,0.79588807
Enhanced XGBoost,PR,0.03278688524590164,1.0,0.85228175
Enhanced XGBoost,PR,0.0273224043715847,1.0,0.87052166
Enhanced XGBoost,PR,0.02185792349726776,1.0,0.89687115
Enhanced XGBoost,PR,0.01639344262295082,1.0,0.90719664
Enhanced XGBoost,PR,0.01092896174863388,1.0,0.9110274
Enhanced XGBoost,PR,0.00546448087431694,1.0,0.92377454
Enhanced XGBoost,PR,0.0,1.0,
