Feature,Timestep,Feature_Index,Real_Feature,Feature_Family,Temporal_or_Base,Importance
timestep_10_feature_31,10,31,Avg_Flow_Duration_RollingMean5,Rolling Mean,Temporal / Behaviour,0.01682352
timestep_7_feature_31,7,31,Avg_Flow_Duration_RollingMean5,Rolling Mean,Temporal / Behaviour,0.011584193
timestep_10_feature_135,10,135,PSH_Count_RollingMean5,Rolling Mean,Temporal / Behaviour,0.01134013
timestep_10_feature_14,10,14,RST_Count,Base Traffic,Base Traffic,0.010687498
timestep_7_feature_14,7,14,RST_Count,Base Traffic,Base Traffic,0.009987479
timestep_8_feature_127,8,127,RST_Count_RollingMean5,Rolling Mean,Temporal / Behaviour,0.009248446
timestep_9_feature_14,9,14,RST_Count,Base Traffic,Base Traffic,0.009065204
timestep_10_feature_55,10,55,Avg_Fwd_Bytes_RollingMean5,Rolling Mean,Temporal / Behaviour,0.009058272
timestep_8_feature_23,8,23,Flow_Count_RollingMean5,Rolling Mean,Temporal / Behaviour,0.008534232
timestep_8_feature_14,8,14,RST_Count,Base Traffic,Base Traffic,0.008169761
timestep_9_feature_155,9,155,SYN_Per_Flow,Base Traffic,Base Traffic,0.0080888
timestep_9_feature_3,9,3,Avg_Fwd_Packets,Base Traffic,Base Traffic,0.0075360206
timestep_9_feature_31,9,31,Avg_Flow_Duration_RollingMean5,Rolling Mean,Temporal / Behaviour,0.007481941
timestep_8_feature_31,8,31,Avg_Flow_Duration_RollingMean5,Rolling Mean,Temporal / Behaviour,0.007316307
timestep_10_feature_23,10,23,Flow_Count_RollingMean5,Rolling Mean,Temporal / Behaviour,0.007173347
timestep_2_feature_155,2,155,SYN_Per_Flow,Base Traffic,Base Traffic,0.0071457634
timestep_6_feature_23,6,23,Flow_Count_RollingMean5,Rolling Mean,Temporal / Behaviour,0.007052295
timestep_5_feature_23,5,23,Flow_Count_RollingMean5,Rolling Mean,Temporal / Behaviour,0.0068666246
timestep_5_feature_13,5,13,SYN_Count,Base Traffic,Base Traffic,0.006518599
timestep_6_feature_31,6,31,Avg_Flow_Duration_RollingMean5,Rolling Mean,Temporal / Behaviour,0.0062353085
timestep_7_feature_119,7,119,SYN_Count_RollingMean5,Rolling Mean,Temporal / Behaviour,0.006062434
timestep_3_feature_130,3,130,RST_Count_Slope5,Slope,Temporal / Behaviour,0.0058835065
timestep_4_feature_135,4,135,PSH_Count_RollingMean5,Rolling Mean,Temporal / Behaviour,0.0057190647
timestep_2_feature_128,2,128,RST_Count_RollingStd5,Rolling Std,Temporal / Behaviour,0.005576007
timestep_4_feature_155,4,155,SYN_Per_Flow,Base Traffic,Base Traffic,0.0055012
timestep_9_feature_55,9,55,Avg_Fwd_Bytes_RollingMean5,Rolling Mean,Temporal / Behaviour,0.005355211
timestep_10_feature_22,10,22,Flow_Count_PctChange5,Percentage Change,Temporal / Behaviour,0.0053483066
timestep_8_feature_158,8,158,ACK_Per_Flow,Base Traffic,Base Traffic,0.0052730744
timestep_9_feature_23,9,23,Flow_Count_RollingMean5,Rolling Mean,Temporal / Behaviour,0.005106031
timestep_2_feature_135,2,135,PSH_Count_RollingMean5,Rolling Mean,Temporal / Behaviour,0.004931111
timestep_4_feature_147,4,147,Unique_Destination_Ports_Diff1,Difference,Temporal / Behaviour,0.0049073873
timestep_7_feature_85,7,85,Avg_Packet_Length_PctChange1,Percentage Change,Temporal / Behaviour,0.0048201657
timestep_10_feature_69,10,69,Avg_Bytes_Per_Second_PctChange1,Percentage Change,Temporal / Behaviour,0.0047434084
timestep_5_feature_31,5,31,Avg_Flow_Duration_RollingMean5,Rolling Mean,Temporal / Behaviour,0.0047062654
timestep_10_feature_127,10,127,RST_Count_RollingMean5,Rolling Mean,Temporal / Behaviour,0.0046749488
timestep_10_feature_155,10,155,SYN_Per_Flow,Base Traffic,Base Traffic,0.0045582885
timestep_10_feature_15,10,15,PSH_Count,Base Traffic,Base Traffic,0.0044957614
timestep_9_feature_56,9,56,Avg_Fwd_Bytes_RollingStd5,Rolling Std,Temporal / Behaviour,0.004293162
timestep_4_feature_119,4,119,SYN_Count_RollingMean5,Rolling Mean,Temporal / Behaviour,0.004233964
timestep_1_feature_127,1,127,RST_Count_RollingMean5,Rolling Mean,Temporal / Behaviour,0.004192833
timestep_8_feature_155,8,155,SYN_Per_Flow,Base Traffic,Base Traffic,0.004109519
timestep_9_feature_157,9,157,PSH_Per_Flow,Base Traffic,Base Traffic,0.004074163
timestep_3_feature_104,3,104,Avg_Fwd_Packets_Per_Second_RollingStd5,Rolling Std,Temporal / Behaviour,0.0039029294
timestep_6_feature_79,6,79,Avg_Packets_Per_Second_RollingMean5,Rolling Mean,Temporal / Behaviour,0.0038756358
timestep_1_feature_156,1,156,RST_Per_Flow,Base Traffic,Base Traffic,0.003830909
timestep_2_feature_147,2,147,Unique_Destination_Ports_Diff1,Difference,Temporal / Behaviour,0.0037763556
timestep_3_feature_147,3,147,Unique_Destination_Ports_Diff1,Difference,Temporal / Behaviour,0.003760069
timestep_1_feature_136,1,136,PSH_Count_RollingStd5,Rolling Std,Temporal / Behaviour,0.0037568216
timestep_3_feature_15,3,15,PSH_Count,Base Traffic,Base Traffic,0.00375294
timestep_6_feature_15,6,15,PSH_Count,Base Traffic,Base Traffic,0.0037479247
timestep_2_feature_119,2,119,SYN_Count_RollingMean5,Rolling Mean,Temporal / Behaviour,0.0035854692
timestep_1_feature_23,1,23,Flow_Count_RollingMean5,Rolling Mean,Temporal / Behaviour,0.003445219
timestep_6_feature_119,6,119,SYN_Count_RollingMean5,Rolling Mean,Temporal / Behaviour,0.0033957702
timestep_7_feature_155,7,155,SYN_Per_Flow,Base Traffic,Base Traffic,0.003336644
timestep_10_feature_16,10,16,ACK_Count,Base Traffic,Base Traffic,0.0033051309
timestep_9_feature_12,9,12,Avg_Bwd_Packets_Per_Second,Base Traffic,Base Traffic,0.0032952083
timestep_2_feature_88,2,88,Avg_Packet_Length_RollingStd5,Rolling Std,Temporal / Behaviour,0.003274068
timestep_5_feature_95,5,95,Avg_Packet_Length_Std_RollingMean5,Rolling Mean,Temporal / Behaviour,0.0032290854
timestep_1_feature_135,1,135,PSH_Count_RollingMean5,Rolling Mean,Temporal / Behaviour,0.0031712723
timestep_6_feature_156,6,156,RST_Per_Flow,Base Traffic,Base Traffic,0.0031631852
timestep_3_feature_120,3,120,SYN_Count_RollingStd5,Rolling Std,Temporal / Behaviour,0.0031530876
timestep_10_feature_147,10,147,Unique_Destination_Ports_Diff1,Difference,Temporal / Behaviour,0.0031142612
timestep_9_feature_135,9,135,PSH_Count_RollingMean5,Rolling Mean,Temporal / Behaviour,0.0031075524
timestep_9_feature_87,9,87,Avg_Packet_Length_RollingMean5,Rolling Mean,Temporal / Behaviour,0.0031035875
timestep_9_feature_119,9,119,SYN_Count_RollingMean5,Rolling Mean,Temporal / Behaviour,0.0030980343
timestep_1_feature_24,1,24,Flow_Count_RollingStd5,Rolling Std,Temporal / Behaviour,0.0030660776
timestep_2_feature_120,2,120,SYN_Count_RollingStd5,Rolling Std,Temporal / Behaviour,0.0030501492
timestep_2_feature_127,2,127,RST_Count_RollingMean5,Rolling Mean,Temporal / Behaviour,0.0030439158
timestep_9_feature_47,9,47,Avg_Bwd_Packets_RollingMean5,Rolling Mean,Temporal / Behaviour,0.0030217425
timestep_9_feature_152,9,152,Unique_Destination_Ports_RollingStd5,Rolling Std,Temporal / Behaviour,0.003015346
timestep_9_feature_21,9,21,Flow_Count_PctChange1,Percentage Change,Temporal / Behaviour,0.0030130288
timestep_4_feature_12,4,12,Avg_Bwd_Packets_Per_Second,Base Traffic,Base Traffic,0.0030069938
timestep_4_feature_156,4,156,RST_Per_Flow,Base Traffic,Base Traffic,0.0029932254
timestep_6_feature_155,6,155,SYN_Per_Flow,Base Traffic,Base Traffic,0.0029854516
timestep_10_feature_142,10,142,ACK_Count_PctChange5,Percentage Change,Temporal / Behaviour,0.0029850656
timestep_5_feature_119,5,119,SYN_Count_RollingMean5,Rolling Mean,Temporal / Behaviour,0.0028914257
timestep_8_feature_15,8,15,PSH_Count,Base Traffic,Base Traffic,0.0028819898
timestep_10_feature_111,10,111,Avg_Bwd_Packets_Per_Second_RollingMean5,Rolling Mean,Temporal / Behaviour,0.0028803612
timestep_4_feature_120,4,120,SYN_Count_RollingStd5,Rolling Std,Temporal / Behaviour,0.0028610516
timestep_2_feature_60,2,60,Avg_Bwd_Bytes_Diff5,Difference,Temporal / Behaviour,0.0028557049
timestep_6_feature_111,6,111,Avg_Bwd_Packets_Per_Second_RollingMean5,Rolling Mean,Temporal / Behaviour,0.0027706595
timestep_4_feature_128,4,128,RST_Count_RollingStd5,Rolling Std,Temporal / Behaviour,0.0027587346
timestep_4_feature_152,4,152,Unique_Destination_Ports_RollingStd5,Rolling Std,Temporal / Behaviour,0.0027383645
timestep_1_feature_103,1,103,Avg_Fwd_Packets_Per_Second_RollingMean5,Rolling Mean,Temporal / Behaviour,0.0027214591
timestep_6_feature_24,6,24,Flow_Count_RollingStd5,Rolling Std,Temporal / Behaviour,0.0026779012
timestep_5_feature_142,5,142,ACK_Count_PctChange5,Percentage Change,Temporal / Behaviour,0.0026548328
timestep_4_feature_31,4,31,Avg_Flow_Duration_RollingMean5,Rolling Mean,Temporal / Behaviour,0.0026467543
timestep_6_feature_157,6,157,PSH_Per_Flow,Base Traffic,Base Traffic,0.0026332394
timestep_1_feature_120,1,120,SYN_Count_RollingStd5,Rolling Std,Temporal / Behaviour,0.00261356
timestep_8_feature_136,8,136,PSH_Count_RollingStd5,Rolling Std,Temporal / Behaviour,0.0026039532
timestep_8_feature_104,8,104,Avg_Fwd_Packets_Per_Second_RollingStd5,Rolling Std,Temporal / Behaviour,0.002590647
timestep_4_feature_143,4,143,ACK_Count_RollingMean5,Rolling Mean,Temporal / Behaviour,0.0025896716
timestep_8_feature_56,8,56,Avg_Fwd_Bytes_RollingStd5,Rolling Std,Temporal / Behaviour,0.0025785943
timestep_2_feature_96,2,96,Avg_Packet_Length_Std_RollingStd5,Rolling Std,Temporal / Behaviour,0.0025739705
timestep_2_feature_156,2,156,RST_Per_Flow,Base Traffic,Base Traffic,0.0025595163
timestep_4_feature_55,4,55,Avg_Fwd_Bytes_RollingMean5,Rolling Mean,Temporal / Behaviour,0.0025516485
timestep_10_feature_112,10,112,Avg_Bwd_Packets_Per_Second_RollingStd5,Rolling Std,Temporal / Behaviour,0.0025493943
timestep_2_feature_143,2,143,ACK_Count_RollingMean5,Rolling Mean,Temporal / Behaviour,0.0025176308
timestep_7_feature_33,7,33,Avg_Flow_Duration_ZScore5,Z-Score,Temporal / Behaviour,0.002512159
timestep_7_feature_15,7,15,PSH_Count,Base Traffic,Base Traffic,0.0025005233
timestep_4_feature_112,4,112,Avg_Bwd_Packets_Per_Second_RollingStd5,Rolling Std,Temporal / Behaviour,0.0024687392
timestep_8_feature_111,8,111,Avg_Bwd_Packets_Per_Second_RollingMean5,Rolling Mean,Temporal / Behaviour,0.0024436999
timestep_10_feature_134,10,134,PSH_Count_PctChange5,Percentage Change,Temporal / Behaviour,0.0024309768
timestep_10_feature_158,10,158,ACK_Per_Flow,Base Traffic,Base Traffic,0.0024180363
timestep_1_feature_36,1,36,Avg_Fwd_Packets_Diff5,Difference,Temporal / Behaviour,0.0024109096
timestep_8_feature_48,8,48,Avg_Bwd_Packets_RollingStd5,Rolling Std,Temporal / Behaviour,0.002399833
timestep_8_feature_47,8,47,Avg_Bwd_Packets_RollingMean5,Rolling Mean,Temporal / Behaviour,0.0023953984
timestep_8_feature_96,8,96,Avg_Packet_Length_Std_RollingStd5,Rolling Std,Temporal / Behaviour,0.0023101084
timestep_2_feature_144,2,144,ACK_Count_RollingStd5,Rolling Std,Temporal / Behaviour,0.0023057607
timestep_9_feature_79,9,79,Avg_Packets_Per_Second_RollingMean5,Rolling Mean,Temporal / Behaviour,0.002305677
timestep_4_feature_151,4,151,Unique_Destination_Ports_RollingMean5,Rolling Mean,Temporal / Behaviour,0.0022835785
timestep_10_feature_95,10,95,Avg_Packet_Length_Std_RollingMean5,Rolling Mean,Temporal / Behaviour,0.0022780285
timestep_8_feature_51,8,51,Avg_Fwd_Bytes_Diff1,Difference,Temporal / Behaviour,0.0022752658
timestep_6_feature_8,6,8,Avg_Packets_Per_Second,Base Traffic,Base Traffic,0.0022588223
timestep_5_feature_14,5,14,RST_Count,Base Traffic,Base Traffic,0.00224449
timestep_2_feature_23,2,23,Flow_Count_RollingMean5,Rolling Mean,Temporal / Behaviour,0.0022396643
timestep_9_feature_39,9,39,Avg_Fwd_Packets_RollingMean5,Rolling Mean,Temporal / Behaviour,0.002237518
timestep_8_feature_157,8,157,PSH_Per_Flow,Base Traffic,Base Traffic,0.0022323404
timestep_1_feature_119,1,119,SYN_Count_RollingMean5,Rolling Mean,Temporal / Behaviour,0.0022198118
timestep_5_feature_143,5,143,ACK_Count_RollingMean5,Rolling Mean,Temporal / Behaviour,0.0022129626
timestep_9_feature_76,9,76,Avg_Packets_Per_Second_Diff5,Difference,Temporal / Behaviour,0.0021958128
timestep_6_feature_64,6,64,Avg_Bwd_Bytes_RollingStd5,Rolling Std,Temporal / Behaviour,0.0021786517
timestep_9_feature_52,9,52,Avg_Fwd_Bytes_Diff5,Difference,Temporal / Behaviour,0.0021340486
timestep_10_feature_133,10,133,PSH_Count_PctChange1,Percentage Change,Temporal / Behaviour,0.0021298502
timestep_7_feature_157,7,157,PSH_Per_Flow,Base Traffic,Base Traffic,0.002124333
timestep_4_feature_48,4,48,Avg_Bwd_Packets_RollingStd5,Rolling Std,Temporal / Behaviour,0.0021226706
timestep_10_feature_5,10,5,Avg_Fwd_Bytes,Base Traffic,Base Traffic,0.0021207691
timestep_1_feature_121,1,121,SYN_Count_ZScore5,Z-Score,Temporal / Behaviour,0.0021062607
timestep_6_feature_115,6,115,SYN_Count_Diff1,Difference,Temporal / Behaviour,0.0021053907
timestep_5_feature_96,5,96,Avg_Packet_Length_Std_RollingStd5,Rolling Std,Temporal / Behaviour,0.002086345
timestep_10_feature_8,10,8,Avg_Packets_Per_Second,Base Traffic,Base Traffic,0.0020768337
timestep_1_feature_32,1,32,Avg_Flow_Duration_RollingStd5,Rolling Std,Temporal / Behaviour,0.0020686872
timestep_10_feature_119,10,119,SYN_Count_RollingMean5,Rolling Mean,Temporal / Behaviour,0.002066855
timestep_6_feature_39,6,39,Avg_Fwd_Packets_RollingMean5,Rolling Mean,Temporal / Behaviour,0.0020579812
timestep_9_feature_158,9,158,ACK_Per_Flow,Base Traffic,Base Traffic,0.0020546997
timestep_3_feature_151,3,151,Unique_Destination_Ports_RollingMean5,Rolling Mean,Temporal / Behaviour,0.0020520505
timestep_9_feature_127,9,127,RST_Count_RollingMean5,Rolling Mean,Temporal / Behaviour,0.0020395399
timestep_4_feature_23,4,23,Flow_Count_RollingMean5,Rolling Mean,Temporal / Behaviour,0.0020287756
timestep_7_feature_24,7,24,Flow_Count_RollingStd5,Rolling Std,Temporal / Behaviour,0.0020257807
timestep_3_feature_54,3,54,Avg_Fwd_Bytes_PctChange5,Percentage Change,Temporal / Behaviour,0.0020228855
timestep_7_feature_39,7,39,Avg_Fwd_Packets_RollingMean5,Rolling Mean,Temporal / Behaviour,0.0020202517
timestep_4_feature_49,4,49,Avg_Bwd_Packets_ZScore5,Z-Score,Temporal / Behaviour,0.002016732
timestep_6_feature_22,6,22,Flow_Count_PctChange5,Percentage Change,Temporal / Behaviour,0.0020155623
timestep_3_feature_88,3,88,Avg_Packet_Length_RollingStd5,Rolling Std,Temporal / Behaviour,0.0020028776
timestep_3_feature_72,3,72,Avg_Bytes_Per_Second_RollingStd5,Rolling Std,Temporal / Behaviour,0.0019926243
timestep_4_feature_96,4,96,Avg_Packet_Length_Std_RollingStd5,Rolling Std,Temporal / Behaviour,0.001985906
timestep_10_feature_38,10,38,Avg_Fwd_Packets_PctChange5,Percentage Change,Temporal / Behaviour,0.0019760597
timestep_10_feature_28,10,28,Avg_Flow_Duration_Diff5,Difference,Temporal / Behaviour,0.0019738534
timestep_10_feature_156,10,156,RST_Per_Flow,Base Traffic,Base Traffic,0.0019708206
timestep_8_feature_71,8,71,Avg_Bytes_Per_Second_RollingMean5,Rolling Mean,Temporal / Behaviour,0.0019688904
timestep_9_feature_2,9,2,Avg_Flow_Duration,Base Traffic,Base Traffic,0.00196458
timestep_4_feature_92,4,92,Avg_Packet_Length_Std_Diff5,Difference,Temporal / Behaviour,0.0019622731
timestep_6_feature_129,6,129,RST_Count_ZScore5,Z-Score,Temporal / Behaviour,0.0019461088
timestep_1_feature_31,1,31,Avg_Flow_Duration_RollingMean5,Rolling Mean,Temporal / Behaviour,0.0019376985
timestep_7_feature_143,7,143,ACK_Count_RollingMean5,Rolling Mean,Temporal / Behaviour,0.0019291785
timestep_8_feature_135,8,135,PSH_Count_RollingMean5,Rolling Mean,Temporal / Behaviour,0.0019278653
timestep_1_feature_88,1,88,Avg_Packet_Length_RollingStd5,Rolling Std,Temporal / Behaviour,0.0019187188
timestep_2_feature_31,2,31,Avg_Flow_Duration_RollingMean5,Rolling Mean,Temporal / Behaviour,0.0019157268
timestep_6_feature_54,6,54,Avg_Fwd_Bytes_PctChange5,Percentage Change,Temporal / Behaviour,0.0019131136
timestep_1_feature_125,1,125,RST_Count_PctChange1,Percentage Change,Temporal / Behaviour,0.001902487
timestep_10_feature_50,10,50,Avg_Bwd_Packets_Slope5,Slope,Temporal / Behaviour,0.0018971587
timestep_8_feature_25,8,25,Flow_Count_ZScore5,Z-Score,Temporal / Behaviour,0.0018909666
timestep_5_feature_157,5,157,PSH_Per_Flow,Base Traffic,Base Traffic,0.0018795711
timestep_6_feature_120,6,120,SYN_Count_RollingStd5,Rolling Std,Temporal / Behaviour,0.0018673122
timestep_6_feature_135,6,135,PSH_Count_RollingMean5,Rolling Mean,Temporal / Behaviour,0.0018630145
timestep_8_feature_2,8,2,Avg_Flow_Duration,Base Traffic,Base Traffic,0.0018475354
timestep_4_feature_39,4,39,Avg_Fwd_Packets_RollingMean5,Rolling Mean,Temporal / Behaviour,0.001817791
timestep_9_feature_111,9,111,Avg_Bwd_Packets_Per_Second_RollingMean5,Rolling Mean,Temporal / Behaviour,0.0018170101
timestep_10_feature_12,10,12,Avg_Bwd_Packets_Per_Second,Base Traffic,Base Traffic,0.0018080965
timestep_10_feature_88,10,88,Avg_Packet_Length_RollingStd5,Rolling Std,Temporal / Behaviour,0.0017795436
timestep_9_feature_150,9,150,Unique_Destination_Ports_PctChange5,Percentage Change,Temporal / Behaviour,0.0017692642
timestep_6_feature_150,6,150,Unique_Destination_Ports_PctChange5,Percentage Change,Temporal / Behaviour,0.0017009304
timestep_8_feature_54,8,54,Avg_Fwd_Bytes_PctChange5,Percentage Change,Temporal / Behaviour,0.0016993183
timestep_5_feature_39,5,39,Avg_Fwd_Packets_RollingMean5,Rolling Mean,Temporal / Behaviour,0.0016832051
timestep_4_feature_141,4,141,ACK_Count_PctChange1,Percentage Change,Temporal / Behaviour,0.0016790304
timestep_4_feature_159,4,159,Bwd_Fwd_Packet_Ratio,Behaviour Ratio,Temporal / Behaviour,0.0016730671
timestep_2_feature_104,2,104,Avg_Fwd_Packets_Per_Second_RollingStd5,Rolling Std,Temporal / Behaviour,0.0016616062
timestep_5_feature_104,5,104,Avg_Fwd_Packets_Per_Second_RollingStd5,Rolling Std,Temporal / Behaviour,0.0016496001
timestep_7_feature_156,7,156,RST_Per_Flow,Base Traffic,Base Traffic,0.0016411489
timestep_7_feature_120,7,120,SYN_Count_RollingStd5,Rolling Std,Temporal / Behaviour,0.0016380274
timestep_10_feature_24,10,24,Flow_Count_RollingStd5,Rolling Std,Temporal / Behaviour,0.0016195732
timestep_3_feature_156,3,156,RST_Per_Flow,Base Traffic,Base Traffic,0.0016168428
timestep_3_feature_48,3,48,Avg_Bwd_Packets_RollingStd5,Rolling Std,Temporal / Behaviour,0.0016168199
timestep_6_feature_47,6,47,Avg_Bwd_Packets_RollingMean5,Rolling Mean,Temporal / Behaviour,0.0016159603
timestep_2_feature_1,2,1,Flow_Count,Base Traffic,Base Traffic,0.0016045395
timestep_10_feature_36,10,36,Avg_Fwd_Packets_Diff5,Difference,Temporal / Behaviour,0.0015899349
timestep_10_feature_159,10,159,Bwd_Fwd_Packet_Ratio,Behaviour Ratio,Temporal / Behaviour,0.0015598378
timestep_10_feature_87,10,87,Avg_Packet_Length_RollingMean5,Rolling Mean,Temporal / Behaviour,0.0015495272
timestep_8_feature_10,8,10,Avg_Packet_Length_Std,Base Traffic,Base Traffic,0.0015485287
timestep_6_feature_48,6,48,Avg_Bwd_Packets_RollingStd5,Rolling Std,Temporal / Behaviour,0.001539441
timestep_1_feature_63,1,63,Avg_Bwd_Bytes_RollingMean5,Rolling Mean,Temporal / Behaviour,0.0015386216
timestep_2_feature_15,2,15,PSH_Count,Base Traffic,Base Traffic,0.0015346963
timestep_4_feature_144,4,144,ACK_Count_RollingStd5,Rolling Std,Temporal / Behaviour,0.0015298801
timestep_3_feature_96,3,96,Avg_Packet_Length_Std_RollingStd5,Rolling Std,Temporal / Behaviour,0.0015251518
timestep_7_feature_152,7,152,Unique_Destination_Ports_RollingStd5,Rolling Std,Temporal / Behaviour,0.0015211094
timestep_1_feature_15,1,15,PSH_Count,Base Traffic,Base Traffic,0.0015197509
timestep_2_feature_54,2,54,Avg_Fwd_Bytes_PctChange5,Percentage Change,Temporal / Behaviour,0.0015190446
timestep_9_feature_24,9,24,Flow_Count_RollingStd5,Rolling Std,Temporal / Behaviour,0.0015166131
timestep_4_feature_14,4,14,RST_Count,Base Traffic,Base Traffic,0.0015087647
timestep_7_feature_135,7,135,PSH_Count_RollingMean5,Rolling Mean,Temporal / Behaviour,0.0015059338
timestep_9_feature_120,9,120,SYN_Count_RollingStd5,Rolling Std,Temporal / Behaviour,0.0015049266
timestep_1_feature_48,1,48,Avg_Bwd_Packets_RollingStd5,Rolling Std,Temporal / Behaviour,0.0015035865
timestep_10_feature_103,10,103,Avg_Fwd_Packets_Per_Second_RollingMean5,Rolling Mean,Temporal / Behaviour,0.0015020893
timestep_2_feature_32,2,32,Avg_Flow_Duration_RollingStd5,Rolling Std,Temporal / Behaviour,0.0014998099
timestep_9_feature_147,9,147,Unique_Destination_Ports_Diff1,Difference,Temporal / Behaviour,0.0014911387
timestep_10_feature_48,10,48,Avg_Bwd_Packets_RollingStd5,Rolling Std,Temporal / Behaviour,0.0014886423
timestep_5_feature_24,5,24,Flow_Count_RollingStd5,Rolling Std,Temporal / Behaviour,0.0014839327
timestep_3_feature_119,3,119,SYN_Count_RollingMean5,Rolling Mean,Temporal / Behaviour,0.0014830641
timestep_10_feature_64,10,64,Avg_Bwd_Bytes_RollingStd5,Rolling Std,Temporal / Behaviour,0.0014803039
timestep_3_feature_5,3,5,Avg_Fwd_Bytes,Base Traffic,Base Traffic,0.001478289
timestep_5_feature_155,5,155,SYN_Per_Flow,Base Traffic,Base Traffic,0.0014749045
timestep_4_feature_109,4,109,Avg_Bwd_Packets_Per_Second_PctChange1,Percentage Change,Temporal / Behaviour,0.0014713022
timestep_7_feature_96,7,96,Avg_Packet_Length_Std_RollingStd5,Rolling Std,Temporal / Behaviour,0.0014639792
timestep_6_feature_126,6,126,RST_Count_PctChange5,Percentage Change,Temporal / Behaviour,0.001463959
timestep_9_feature_159,9,159,Bwd_Fwd_Packet_Ratio,Behaviour Ratio,Temporal / Behaviour,0.0014523466
timestep_7_feature_55,7,55,Avg_Fwd_Bytes_RollingMean5,Rolling Mean,Temporal / Behaviour,0.0014503909
timestep_3_feature_118,3,118,SYN_Count_PctChange5,Percentage Change,Temporal / Behaviour,0.0014371964
timestep_4_feature_87,4,87,Avg_Packet_Length_RollingMean5,Rolling Mean,Temporal / Behaviour,0.001431314
timestep_8_feature_80,8,80,Avg_Packets_Per_Second_RollingStd5,Rolling Std,Temporal / Behaviour,0.0014283137
timestep_9_feature_95,9,95,Avg_Packet_Length_Std_RollingMean5,Rolling Mean,Temporal / Behaviour,0.0014241228
timestep_4_feature_71,4,71,Avg_Bytes_Per_Second_RollingMean5,Rolling Mean,Temporal / Behaviour,0.0014237278
timestep_5_feature_87,5,87,Avg_Packet_Length_RollingMean5,Rolling Mean,Temporal / Behaviour,0.0013991853
timestep_7_feature_124,7,124,RST_Count_Diff5,Difference,Temporal / Behaviour,0.0013976644
timestep_10_feature_71,10,71,Avg_Bytes_Per_Second_RollingMean5,Rolling Mean,Temporal / Behaviour,0.0013934408
timestep_2_feature_80,2,80,Avg_Packets_Per_Second_RollingStd5,Rolling Std,Temporal / Behaviour,0.0013848472
timestep_9_feature_9,9,9,Avg_Packet_Length,Base Traffic,Base Traffic,0.0013827744
timestep_5_feature_32,5,32,Avg_Flow_Duration_RollingStd5,Rolling Std,Temporal / Behaviour,0.0013781588
timestep_10_feature_72,10,72,Avg_Bytes_Per_Second_RollingStd5,Rolling Std,Temporal / Behaviour,0.0013654989
timestep_2_feature_87,2,87,Avg_Packet_Length_RollingMean5,Rolling Mean,Temporal / Behaviour,0.0013654841
timestep_9_feature_156,9,156,RST_Per_Flow,Base Traffic,Base Traffic,0.0013638877
timestep_6_feature_154,6,154,Unique_Destination_Ports_Slope5,Slope,Temporal / Behaviour,0.0013603898
timestep_9_feature_1,9,1,Flow_Count,Base Traffic,Base Traffic,0.0013582743
timestep_8_feature_119,8,119,SYN_Count_RollingMean5,Rolling Mean,Temporal / Behaviour,0.0013553847
timestep_8_feature_40,8,40,Avg_Fwd_Packets_RollingStd5,Rolling Std,Temporal / Behaviour,0.0013487537
timestep_9_feature_32,9,32,Avg_Flow_Duration_RollingStd5,Rolling Std,Temporal / Behaviour,0.0013478415
timestep_8_feature_95,8,95,Avg_Packet_Length_Std_RollingMean5,Rolling Mean,Temporal / Behaviour,0.0013463238
timestep_7_feature_95,7,95,Avg_Packet_Length_Std_RollingMean5,Rolling Mean,Temporal / Behaviour,0.0013449617
timestep_10_feature_136,10,136,PSH_Count_RollingStd5,Rolling Std,Temporal / Behaviour,0.0013366088
timestep_1_feature_47,1,47,Avg_Bwd_Packets_RollingMean5,Rolling Mean,Temporal / Behaviour,0.0013334044
timestep_1_feature_95,1,95,Avg_Packet_Length_Std_RollingMean5,Rolling Mean,Temporal / Behaviour,0.0013328012
timestep_5_feature_112,5,112,Avg_Bwd_Packets_Per_Second_RollingStd5,Rolling Std,Temporal / Behaviour,0.0013256854
timestep_10_feature_120,10,120,SYN_Count_RollingStd5,Rolling Std,Temporal / Behaviour,0.0013226693
timestep_4_feature_90,4,90,Avg_Packet_Length_Slope5,Slope,Temporal / Behaviour,0.0013226256
timestep_10_feature_121,10,121,SYN_Count_ZScore5,Z-Score,Temporal / Behaviour,0.0013194241
timestep_9_feature_124,9,124,RST_Count_Diff5,Difference,Temporal / Behaviour,0.0013145852
timestep_10_feature_151,10,151,Unique_Destination_Ports_RollingMean5,Rolling Mean,Temporal / Behaviour,0.0013144497
timestep_4_feature_65,4,65,Avg_Bwd_Bytes_ZScore5,Z-Score,Temporal / Behaviour,0.0013055517
timestep_1_feature_139,1,139,ACK_Count_Diff1,Difference,Temporal / Behaviour,0.001302966
timestep_9_feature_72,9,72,Avg_Bytes_Per_Second_RollingStd5,Rolling Std,Temporal / Behaviour,0.0013029646
timestep_3_feature_23,3,23,Flow_Count_RollingMean5,Rolling Mean,Temporal / Behaviour,0.0012953068
timestep_3_feature_80,3,80,Avg_Packets_Per_Second_RollingStd5,Rolling Std,Temporal / Behaviour,0.0012905021
timestep_5_feature_64,5,64,Avg_Bwd_Bytes_RollingStd5,Rolling Std,Temporal / Behaviour,0.0012899553
timestep_10_feature_25,10,25,Flow_Count_ZScore5,Z-Score,Temporal / Behaviour,0.0012859158
timestep_5_feature_146,5,146,ACK_Count_Slope5,Slope,Temporal / Behaviour,0.0012847082
timestep_7_feature_42,7,42,Avg_Fwd_Packets_Slope5,Slope,Temporal / Behaviour,0.0012779627
timestep_1_feature_86,1,86,Avg_Packet_Length_PctChange5,Percentage Change,Temporal / Behaviour,0.0012775932
timestep_9_feature_136,9,136,PSH_Count_RollingStd5,Rolling Std,Temporal / Behaviour,0.001277108
timestep_3_feature_47,3,47,Avg_Bwd_Packets_RollingMean5,Rolling Mean,Temporal / Behaviour,0.0012648052
timestep_3_feature_87,3,87,Avg_Packet_Length_RollingMean5,Rolling Mean,Temporal / Behaviour,0.001261691
timestep_2_feature_47,2,47,Avg_Bwd_Packets_RollingMean5,Rolling Mean,Temporal / Behaviour,0.0012531151
timestep_5_feature_100,5,100,Avg_Fwd_Packets_Per_Second_Diff5,Difference,Temporal / Behaviour,0.0012530461
timestep_1_feature_87,1,87,Avg_Packet_Length_RollingMean5,Rolling Mean,Temporal / Behaviour,0.0012490764
timestep_5_feature_116,5,116,SYN_Count_Diff5,Difference,Temporal / Behaviour,0.0012464789
timestep_1_feature_124,1,124,RST_Count_Diff5,Difference,Temporal / Behaviour,0.0012455462
timestep_8_feature_143,8,143,ACK_Count_RollingMean5,Rolling Mean,Temporal / Behaviour,0.0012425035
timestep_10_feature_104,10,104,Avg_Fwd_Packets_Per_Second_RollingStd5,Rolling Std,Temporal / Behaviour,0.0012422567
timestep_9_feature_13,9,13,SYN_Count,Base Traffic,Base Traffic,0.0012422329
timestep_10_feature_40,10,40,Avg_Fwd_Packets_RollingStd5,Rolling Std,Temporal / Behaviour,0.00124186
timestep_3_feature_95,3,95,Avg_Packet_Length_Std_RollingMean5,Rolling Mean,Temporal / Behaviour,0.0012379794
timestep_7_feature_72,7,72,Avg_Bytes_Per_Second_RollingStd5,Rolling Std,Temporal / Behaviour,0.0012361337
timestep_6_feature_2,6,2,Avg_Flow_Duration,Base Traffic,Base Traffic,0.0012312455
timestep_4_feature_80,4,80,Avg_Packets_Per_Second_RollingStd5,Rolling Std,Temporal / Behaviour,0.0012172667
timestep_7_feature_47,7,47,Avg_Bwd_Packets_RollingMean5,Rolling Mean,Temporal / Behaviour,0.0012166555
timestep_7_feature_2,7,2,Avg_Flow_Duration,Base Traffic,Base Traffic,0.0012162236
timestep_3_feature_31,3,31,Avg_Flow_Duration_RollingMean5,Rolling Mean,Temporal / Behaviour,0.0012001466
timestep_2_feature_40,2,40,Avg_Fwd_Packets_RollingStd5,Rolling Std,Temporal / Behaviour,0.001193907
timestep_7_feature_48,7,48,Avg_Bwd_Packets_RollingStd5,Rolling Std,Temporal / Behaviour,0.0011931122
timestep_3_feature_39,3,39,Avg_Fwd_Packets_RollingMean5,Rolling Mean,Temporal / Behaviour,0.001190539
timestep_10_feature_2,10,2,Avg_Flow_Duration,Base Traffic,Base Traffic,0.0011903775
timestep_10_feature_96,10,96,Avg_Packet_Length_Std_RollingStd5,Rolling Std,Temporal / Behaviour,0.0011862552
timestep_1_feature_64,1,64,Avg_Bwd_Bytes_RollingStd5,Rolling Std,Temporal / Behaviour,0.0011749844
timestep_1_feature_155,1,155,SYN_Per_Flow,Base Traffic,Base Traffic,0.0011528792
timestep_10_feature_140,10,140,ACK_Count_Diff5,Difference,Temporal / Behaviour,0.0011521325
timestep_9_feature_40,9,40,Avg_Fwd_Packets_RollingStd5,Rolling Std,Temporal / Behaviour,0.0011481625
timestep_9_feature_104,9,104,Avg_Fwd_Packets_Per_Second_RollingStd5,Rolling Std,Temporal / Behaviour,0.0011422944
timestep_7_feature_87,7,87,Avg_Packet_Length_RollingMean5,Rolling Mean,Temporal / Behaviour,0.0011406387
timestep_7_feature_54,7,54,Avg_Fwd_Bytes_PctChange5,Percentage Change,Temporal / Behaviour,0.0011345127
timestep_1_feature_148,1,148,Unique_Destination_Ports_Diff5,Difference,Temporal / Behaviour,0.0011333643
timestep_10_feature_10,10,10,Avg_Packet_Length_Std,Base Traffic,Base Traffic,0.0011296078
timestep_5_feature_120,5,120,SYN_Count_RollingStd5,Rolling Std,Temporal / Behaviour,0.0011275805
timestep_5_feature_71,5,71,Avg_Bytes_Per_Second_RollingMean5,Rolling Mean,Temporal / Behaviour,0.0011237842
timestep_8_feature_98,8,98,Avg_Packet_Length_Std_Slope5,Slope,Temporal / Behaviour,0.0011198247
timestep_10_feature_39,10,39,Avg_Fwd_Packets_RollingMean5,Rolling Mean,Temporal / Behaviour,0.0011163581
timestep_8_feature_161,8,161,Ports_Per_Flow,Base Traffic,Base Traffic,0.0011142723
timestep_9_feature_71,9,71,Avg_Bytes_Per_Second_RollingMean5,Rolling Mean,Temporal / Behaviour,0.0011118073
timestep_3_feature_126,3,126,RST_Count_PctChange5,Percentage Change,Temporal / Behaviour,0.0010995382
timestep_6_feature_71,6,71,Avg_Bytes_Per_Second_RollingMean5,Rolling Mean,Temporal / Behaviour,0.0010932847
timestep_6_feature_144,6,144,ACK_Count_RollingStd5,Rolling Std,Temporal / Behaviour,0.0010824656
timestep_8_feature_5,8,5,Avg_Fwd_Bytes,Base Traffic,Base Traffic,0.0010808223
timestep_5_feature_2,5,2,Avg_Flow_Duration,Base Traffic,Base Traffic,0.0010799024
timestep_8_feature_24,8,24,Flow_Count_RollingStd5,Rolling Std,Temporal / Behaviour,0.0010729617
timestep_9_feature_112,9,112,Avg_Bwd_Packets_Per_Second_RollingStd5,Rolling Std,Temporal / Behaviour,0.0010710034
timestep_5_feature_156,5,156,RST_Per_Flow,Base Traffic,Base Traffic,0.0010657765
timestep_2_feature_63,2,63,Avg_Bwd_Bytes_RollingMean5,Rolling Mean,Temporal / Behaviour,0.0010625866
timestep_2_feature_151,2,151,Unique_Destination_Ports_RollingMean5,Rolling Mean,Temporal / Behaviour,0.0010612844
timestep_5_feature_135,5,135,PSH_Count_RollingMean5,Rolling Mean,Temporal / Behaviour,0.0010570702
timestep_2_feature_95,2,95,Avg_Packet_Length_Std_RollingMean5,Rolling Mean,Temporal / Behaviour,0.0010512902
timestep_4_feature_47,4,47,Avg_Bwd_Packets_RollingMean5,Rolling Mean,Temporal / Behaviour,0.0010473389
timestep_10_feature_47,10,47,Avg_Bwd_Packets_RollingMean5,Rolling Mean,Temporal / Behaviour,0.0010440347
timestep_5_feature_36,5,36,Avg_Fwd_Packets_Diff5,Difference,Temporal / Behaviour,0.0010438934
timestep_5_feature_47,5,47,Avg_Bwd_Packets_RollingMean5,Rolling Mean,Temporal / Behaviour,0.0010424339
timestep_6_feature_80,6,80,Avg_Packets_Per_Second_RollingStd5,Rolling Std,Temporal / Behaviour,0.0010323166
timestep_1_feature_157,1,157,PSH_Per_Flow,Base Traffic,Base Traffic,0.0010272107
timestep_10_feature_13,10,13,SYN_Count,Base Traffic,Base Traffic,0.0010268876
timestep_7_feature_112,7,112,Avg_Bwd_Packets_Per_Second_RollingStd5,Rolling Std,Temporal / Behaviour,0.0010130333
timestep_4_feature_52,4,52,Avg_Fwd_Bytes_Diff5,Difference,Temporal / Behaviour,0.0010121606
timestep_5_feature_72,5,72,Avg_Bytes_Per_Second_RollingStd5,Rolling Std,Temporal / Behaviour,0.0010107439
timestep_2_feature_14,2,14,RST_Count,Base Traffic,Base Traffic,0.0010093242
timestep_2_feature_157,2,157,PSH_Per_Flow,Base Traffic,Base Traffic,0.0010050887
timestep_10_feature_1,10,1,Flow_Count,Base Traffic,Base Traffic,0.001003217
timestep_9_feature_126,9,126,RST_Count_PctChange5,Percentage Change,Temporal / Behaviour,0.0009974414
timestep_1_feature_39,1,39,Avg_Fwd_Packets_RollingMean5,Rolling Mean,Temporal / Behaviour,0.0009954587
timestep_1_feature_56,1,56,Avg_Fwd_Bytes_RollingStd5,Rolling Std,Temporal / Behaviour,0.0009927903
timestep_5_feature_48,5,48,Avg_Bwd_Packets_RollingStd5,Rolling Std,Temporal / Behaviour,0.0009869032
timestep_5_feature_73,5,73,Avg_Bytes_Per_Second_ZScore5,Z-Score,Temporal / Behaviour,0.0009846799
timestep_3_feature_12,3,12,Avg_Bwd_Packets_Per_Second,Base Traffic,Base Traffic,0.0009846558
timestep_4_feature_54,4,54,Avg_Fwd_Bytes_PctChange5,Percentage Change,Temporal / Behaviour,0.00098076
timestep_9_feature_48,9,48,Avg_Bwd_Packets_RollingStd5,Rolling Std,Temporal / Behaviour,0.0009780112
timestep_4_feature_103,4,103,Avg_Fwd_Packets_Per_Second_RollingMean5,Rolling Mean,Temporal / Behaviour,0.0009754988
timestep_3_feature_82,3,82,Avg_Packets_Per_Second_Slope5,Slope,Temporal / Behaviour,0.0009750587
timestep_1_feature_161,1,161,Ports_Per_Flow,Base Traffic,Base Traffic,0.00097484863
timestep_6_feature_12,6,12,Avg_Bwd_Packets_Per_Second,Base Traffic,Base Traffic,0.0009733352
timestep_2_feature_140,2,140,ACK_Count_Diff5,Difference,Temporal / Behaviour,0.00097154983
timestep_3_feature_135,3,135,PSH_Count_RollingMean5,Rolling Mean,Temporal / Behaviour,0.000962093
timestep_8_feature_128,8,128,RST_Count_RollingStd5,Rolling Std,Temporal / Behaviour,0.0009420825
timestep_2_feature_52,2,52,Avg_Fwd_Bytes_Diff5,Difference,Temporal / Behaviour,0.0009390131
timestep_8_feature_156,8,156,RST_Per_Flow,Base Traffic,Base Traffic,0.00093360496
timestep_10_feature_4,10,4,Avg_Bwd_Packets,Base Traffic,Base Traffic,0.0009274214
timestep_6_feature_1,6,1,Flow_Count,Base Traffic,Base Traffic,0.0009270944
timestep_2_feature_71,2,71,Avg_Bytes_Per_Second_RollingMean5,Rolling Mean,Temporal / Behaviour,0.0009217064
timestep_4_feature_64,4,64,Avg_Bwd_Bytes_RollingStd5,Rolling Std,Temporal / Behaviour,0.0009173386
timestep_7_feature_148,7,148,Unique_Destination_Ports_Diff5,Difference,Temporal / Behaviour,0.0009168314
timestep_3_feature_58,3,58,Avg_Fwd_Bytes_Slope5,Slope,Temporal / Behaviour,0.0009162533
timestep_3_feature_143,3,143,ACK_Count_RollingMean5,Rolling Mean,Temporal / Behaviour,0.00091062527
timestep_2_feature_84,2,84,Avg_Packet_Length_Diff5,Difference,Temporal / Behaviour,0.0009088443
timestep_5_feature_91,5,91,Avg_Packet_Length_Std_Diff1,Difference,Temporal / Behaviour,0.00090791204
timestep_5_feature_122,5,122,SYN_Count_Slope5,Slope,Temporal / Behaviour,0.0009078182
timestep_7_feature_10,7,10,Avg_Packet_Length_Std,Base Traffic,Base Traffic,0.0009047366
timestep_9_feature_96,9,96,Avg_Packet_Length_Std_RollingStd5,Rolling Std,Temporal / Behaviour,0.0008998214
timestep_4_feature_153,4,153,Unique_Destination_Ports_ZScore5,Z-Score,Temporal / Behaviour,0.0008898707
timestep_8_feature_100,8,100,Avg_Fwd_Packets_Per_Second_Diff5,Difference,Temporal / Behaviour,0.00088508724
timestep_5_feature_53,5,53,Avg_Fwd_Bytes_PctChange1,Percentage Change,Temporal / Behaviour,0.0008795137
timestep_8_feature_124,8,124,RST_Count_Diff5,Difference,Temporal / Behaviour,0.00087723584
timestep_3_feature_115,3,115,SYN_Count_Diff1,Difference,Temporal / Behaviour,0.0008743464
timestep_2_feature_12,2,12,Avg_Bwd_Packets_Per_Second,Base Traffic,Base Traffic,0.0008715619
timestep_1_feature_69,1,69,Avg_Bytes_Per_Second_PctChange1,Percentage Change,Temporal / Behaviour,0.0008712151
timestep_7_feature_80,7,80,Avg_Packets_Per_Second_RollingStd5,Rolling Std,Temporal / Behaviour,0.00086985086
timestep_1_feature_12,1,12,Avg_Bwd_Packets_Per_Second,Base Traffic,Base Traffic,0.00086874753
timestep_10_feature_128,10,128,RST_Count_RollingStd5,Rolling Std,Temporal / Behaviour,0.0008672718
timestep_10_feature_125,10,125,RST_Count_PctChange1,Percentage Change,Temporal / Behaviour,0.00086223654
timestep_10_feature_84,10,84,Avg_Packet_Length_Diff5,Difference,Temporal / Behaviour,0.0008595589
timestep_4_feature_40,4,40,Avg_Fwd_Packets_RollingStd5,Rolling Std,Temporal / Behaviour,0.00085080054
timestep_5_feature_15,5,15,PSH_Count,Base Traffic,Base Traffic,0.00084268645
timestep_8_feature_152,8,152,Unique_Destination_Ports_RollingStd5,Rolling Std,Temporal / Behaviour,0.0008405132
timestep_2_feature_45,2,45,Avg_Bwd_Packets_PctChange1,Percentage Change,Temporal / Behaviour,0.0008404726
timestep_1_feature_96,1,96,Avg_Packet_Length_Std_RollingStd5,Rolling Std,Temporal / Behaviour,0.0008394871
timestep_9_feature_114,9,114,Avg_Bwd_Packets_Per_Second_Slope5,Slope,Temporal / Behaviour,0.0008391228
timestep_8_feature_87,8,87,Avg_Packet_Length_RollingMean5,Rolling Mean,Temporal / Behaviour,0.00083895435
timestep_1_feature_140,1,140,ACK_Count_Diff5,Difference,Temporal / Behaviour,0.00083770044
timestep_4_feature_98,4,98,Avg_Packet_Length_Std_Slope5,Slope,Temporal / Behaviour,0.00083614414
timestep_2_feature_48,2,48,Avg_Bwd_Packets_RollingStd5,Rolling Std,Temporal / Behaviour,0.00083414663
timestep_9_feature_128,9,128,RST_Count_RollingStd5,Rolling Std,Temporal / Behaviour,0.0008322738
timestep_10_feature_157,10,157,PSH_Per_Flow,Base Traffic,Base Traffic,0.0008308502
timestep_10_feature_137,10,137,PSH_Count_ZScore5,Z-Score,Temporal / Behaviour,0.0008303675
timestep_3_feature_40,3,40,Avg_Fwd_Packets_RollingStd5,Rolling Std,Temporal / Behaviour,0.00082855026
timestep_5_feature_111,5,111,Avg_Bwd_Packets_Per_Second_RollingMean5,Rolling Mean,Temporal / Behaviour,0.0008157479
timestep_6_feature_112,6,112,Avg_Bwd_Packets_Per_Second_RollingStd5,Rolling Std,Temporal / Behaviour,0.00081526896
timestep_2_feature_110,2,110,Avg_Bwd_Packets_Per_Second_PctChange5,Percentage Change,Temporal / Behaviour,0.0008073751
timestep_5_feature_40,5,40,Avg_Fwd_Packets_RollingStd5,Rolling Std,Temporal / Behaviour,0.0007904321
timestep_3_feature_157,3,157,PSH_Per_Flow,Base Traffic,Base Traffic,0.0007894684
timestep_1_feature_112,1,112,Avg_Bwd_Packets_Per_Second_RollingStd5,Rolling Std,Temporal / Behaviour,0.00078930287
timestep_4_feature_124,4,124,RST_Count_Diff5,Difference,Temporal / Behaviour,0.00077374163
timestep_3_feature_97,3,97,Avg_Packet_Length_Std_ZScore5,Z-Score,Temporal / Behaviour,0.0007719438
timestep_6_feature_128,6,128,RST_Count_RollingStd5,Rolling Std,Temporal / Behaviour,0.0007711069
timestep_6_feature_88,6,88,Avg_Packet_Length_RollingStd5,Rolling Std,Temporal / Behaviour,0.0007653503
timestep_10_feature_32,10,32,Avg_Flow_Duration_RollingStd5,Rolling Std,Temporal / Behaviour,0.0007630533
timestep_8_feature_39,8,39,Avg_Fwd_Packets_RollingMean5,Rolling Mean,Temporal / Behaviour,0.0007582274
timestep_6_feature_87,6,87,Avg_Packet_Length_RollingMean5,Rolling Mean,Temporal / Behaviour,0.00075737684
timestep_6_feature_106,6,106,Avg_Fwd_Packets_Per_Second_Slope5,Slope,Temporal / Behaviour,0.00075506064
timestep_5_feature_124,5,124,RST_Count_Diff5,Difference,Temporal / Behaviour,0.0007543372
timestep_8_feature_72,8,72,Avg_Bytes_Per_Second_RollingStd5,Rolling Std,Temporal / Behaviour,0.0007505502
timestep_3_feature_145,3,145,ACK_Count_ZScore5,Z-Score,Temporal / Behaviour,0.0007482011
timestep_2_feature_111,2,111,Avg_Bwd_Packets_Per_Second_RollingMean5,Rolling Mean,Temporal / Behaviour,0.00073822046
timestep_2_feature_64,2,64,Avg_Bwd_Bytes_RollingStd5,Rolling Std,Temporal / Behaviour,0.00073519093
timestep_1_feature_152,1,152,Unique_Destination_Ports_RollingStd5,Rolling Std,Temporal / Behaviour,0.00072706764
timestep_6_feature_72,6,72,Avg_Bytes_Per_Second_RollingStd5,Rolling Std,Temporal / Behaviour,0.00072568335
timestep_9_feature_15,9,15,PSH_Count,Base Traffic,Base Traffic,0.00072413625
timestep_10_feature_34,10,34,Avg_Flow_Duration_Slope5,Slope,Temporal / Behaviour,0.0007215805
timestep_8_feature_108,8,108,Avg_Bwd_Packets_Per_Second_Diff5,Difference,Temporal / Behaviour,0.0007189726
timestep_8_feature_9,8,9,Avg_Packet_Length,Base Traffic,Base Traffic,0.0007135471
timestep_10_feature_35,10,35,Avg_Fwd_Packets_Diff1,Difference,Temporal / Behaviour,0.00071099127
timestep_3_feature_4,3,4,Avg_Bwd_Packets,Base Traffic,Base Traffic,0.0007081061
timestep_7_feature_128,7,128,RST_Count_RollingStd5,Rolling Std,Temporal / Behaviour,0.0007058331
timestep_7_feature_7,7,7,Avg_Bytes_Per_Second,Base Traffic,Base Traffic,0.0007055993
timestep_2_feature_56,2,56,Avg_Fwd_Bytes_RollingStd5,Rolling Std,Temporal / Behaviour,0.0006994031
timestep_5_feature_136,5,136,PSH_Count_RollingStd5,Rolling Std,Temporal / Behaviour,0.0006986469
timestep_1_feature_123,1,123,RST_Count_Diff1,Difference,Temporal / Behaviour,0.0006950574
timestep_3_feature_71,3,71,Avg_Bytes_Per_Second_RollingMean5,Rolling Mean,Temporal / Behaviour,0.0006905952
timestep_10_feature_73,10,73,Avg_Bytes_Per_Second_ZScore5,Z-Score,Temporal / Behaviour,0.0006896871
timestep_1_feature_159,1,159,Bwd_Fwd_Packet_Ratio,Behaviour Ratio,Temporal / Behaviour,0.0006830865
timestep_1_feature_71,1,71,Avg_Bytes_Per_Second_RollingMean5,Rolling Mean,Temporal / Behaviour,0.00067716214
timestep_10_feature_63,10,63,Avg_Bwd_Bytes_RollingMean5,Rolling Mean,Temporal / Behaviour,0.00067678606
timestep_7_feature_88,7,88,Avg_Packet_Length_RollingStd5,Rolling Std,Temporal / Behaviour,0.0006716045
timestep_6_feature_152,6,152,Unique_Destination_Ports_RollingStd5,Rolling Std,Temporal / Behaviour,0.0006705598
timestep_4_feature_157,4,157,PSH_Per_Flow,Base Traffic,Base Traffic,0.0006681573
timestep_1_feature_91,1,91,Avg_Packet_Length_Std_Diff1,Difference,Temporal / Behaviour,0.0006641532
timestep_7_feature_32,7,32,Avg_Flow_Duration_RollingStd5,Rolling Std,Temporal / Behaviour,0.00065985817
timestep_7_feature_159,7,159,Bwd_Fwd_Packet_Ratio,Behaviour Ratio,Temporal / Behaviour,0.00065958675
timestep_7_feature_40,7,40,Avg_Fwd_Packets_RollingStd5,Rolling Std,Temporal / Behaviour,0.00065650616
timestep_4_feature_72,4,72,Avg_Bytes_Per_Second_RollingStd5,Rolling Std,Temporal / Behaviour,0.0006543201
timestep_3_feature_32,3,32,Avg_Flow_Duration_RollingStd5,Rolling Std,Temporal / Behaviour,0.0006487127
timestep_9_feature_63,9,63,Avg_Bwd_Bytes_RollingMean5,Rolling Mean,Temporal / Behaviour,0.00064573676
timestep_1_feature_66,1,66,Avg_Bwd_Bytes_Slope5,Slope,Temporal / Behaviour,0.0006455347
timestep_9_feature_16,9,16,ACK_Count,Base Traffic,Base Traffic,0.0006449689
timestep_9_feature_144,9,144,ACK_Count_RollingStd5,Rolling Std,Temporal / Behaviour,0.00064424076
timestep_9_feature_64,9,64,Avg_Bwd_Bytes_RollingStd5,Rolling Std,Temporal / Behaviour,0.0006416681
timestep_5_feature_103,5,103,Avg_Fwd_Packets_Per_Second_RollingMean5,Rolling Mean,Temporal / Behaviour,0.00063676643
timestep_10_feature_152,10,152,Unique_Destination_Ports_RollingStd5,Rolling Std,Temporal / Behaviour,0.0006365571
timestep_9_feature_88,9,88,Avg_Packet_Length_RollingStd5,Rolling Std,Temporal / Behaviour,0.0006357125
timestep_1_feature_126,1,126,RST_Count_PctChange5,Percentage Change,Temporal / Behaviour,0.0006323434
timestep_5_feature_34,5,34,Avg_Flow_Duration_Slope5,Slope,Temporal / Behaviour,0.00062453485
timestep_9_feature_54,9,54,Avg_Fwd_Bytes_PctChange5,Percentage Change,Temporal / Behaviour,0.00062452443
timestep_5_feature_55,5,55,Avg_Fwd_Bytes_RollingMean5,Rolling Mean,Temporal / Behaviour,0.0006234404
timestep_1_feature_151,1,151,Unique_Destination_Ports_RollingMean5,Rolling Mean,Temporal / Behaviour,0.00062286964
timestep_9_feature_57,9,57,Avg_Fwd_Bytes_ZScore5,Z-Score,Temporal / Behaviour,0.00062252313
timestep_6_feature_161,6,161,Ports_Per_Flow,Base Traffic,Base Traffic,0.0006223006
timestep_8_feature_130,8,130,RST_Count_Slope5,Slope,Temporal / Behaviour,0.00061937014
timestep_5_feature_102,5,102,Avg_Fwd_Packets_Per_Second_PctChange5,Percentage Change,Temporal / Behaviour,0.00061669416
timestep_1_feature_128,1,128,RST_Count_RollingStd5,Rolling Std,Temporal / Behaviour,0.00061662693
timestep_6_feature_5,6,5,Avg_Fwd_Bytes,Base Traffic,Base Traffic,0.0006154327
timestep_5_feature_84,5,84,Avg_Packet_Length_Diff5,Difference,Temporal / Behaviour,0.00061143644
timestep_1_feature_144,1,144,ACK_Count_RollingStd5,Rolling Std,Temporal / Behaviour,0.00061009603
timestep_3_feature_124,3,124,RST_Count_Diff5,Difference,Temporal / Behaviour,0.0006099288
timestep_8_feature_99,8,99,Avg_Fwd_Packets_Per_Second_Diff1,Difference,Temporal / Behaviour,0.0006092756
timestep_5_feature_128,5,128,RST_Count_RollingStd5,Rolling Std,Temporal / Behaviour,0.00060821505
timestep_9_feature_66,9,66,Avg_Bwd_Bytes_Slope5,Slope,Temporal / Behaviour,0.0006021595
timestep_5_feature_88,5,88,Avg_Packet_Length_RollingStd5,Rolling Std,Temporal / Behaviour,0.0005936633
timestep_9_feature_80,9,80,Avg_Packets_Per_Second_RollingStd5,Rolling Std,Temporal / Behaviour,0.0005898274
timestep_6_feature_97,6,97,Avg_Packet_Length_Std_ZScore5,Z-Score,Temporal / Behaviour,0.0005895047
timestep_2_feature_126,2,126,RST_Count_PctChange5,Percentage Change,Temporal / Behaviour,0.0005886081
timestep_4_feature_32,4,32,Avg_Flow_Duration_RollingStd5,Rolling Std,Temporal / Behaviour,0.00058741716
timestep_3_feature_161,3,161,Ports_Per_Flow,Base Traffic,Base Traffic,0.00058735796
timestep_6_feature_16,6,16,ACK_Count,Base Traffic,Base Traffic,0.00058491266
timestep_1_feature_5,1,5,Avg_Fwd_Bytes,Base Traffic,Base Traffic,0.0005840657
timestep_8_feature_126,8,126,RST_Count_PctChange5,Percentage Change,Temporal / Behaviour,0.00058080896
timestep_8_feature_67,8,67,Avg_Bytes_Per_Second_Diff1,Difference,Temporal / Behaviour,0.00057985634
timestep_7_feature_126,7,126,RST_Count_PctChange5,Percentage Change,Temporal / Behaviour,0.00057898107
timestep_1_feature_110,1,110,Avg_Bwd_Packets_Per_Second_PctChange5,Percentage Change,Temporal / Behaviour,0.0005738692
timestep_3_feature_128,3,128,RST_Count_RollingStd5,Rolling Std,Temporal / Behaviour,0.0005725167
timestep_1_feature_55,1,55,Avg_Fwd_Bytes_RollingMean5,Rolling Mean,Temporal / Behaviour,0.0005718914
timestep_6_feature_132,6,132,PSH_Count_Diff5,Difference,Temporal / Behaviour,0.00056178425
timestep_8_feature_81,8,81,Avg_Packets_Per_Second_ZScore5,Z-Score,Temporal / Behaviour,0.0005551504
timestep_2_feature_160,2,160,Bwd_Fwd_Byte_Ratio,Behaviour Ratio,Temporal / Behaviour,0.0005535234
timestep_3_feature_110,3,110,Avg_Bwd_Packets_Per_Second_PctChange5,Percentage Change,Temporal / Behaviour,0.00055258087
timestep_2_feature_39,2,39,Avg_Fwd_Packets_RollingMean5,Rolling Mean,Temporal / Behaviour,0.00055133057
timestep_4_feature_2,4,2,Avg_Flow_Duration,Base Traffic,Base Traffic,0.0005457335
timestep_1_feature_54,1,54,Avg_Fwd_Bytes_PctChange5,Percentage Change,Temporal / Behaviour,0.0005452124
timestep_5_feature_130,5,130,RST_Count_Slope5,Slope,Temporal / Behaviour,0.0005443137
timestep_3_feature_159,3,159,Bwd_Fwd_Packet_Ratio,Behaviour Ratio,Temporal / Behaviour,0.0005420847
timestep_7_feature_161,7,161,Ports_Per_Flow,Base Traffic,Base Traffic,0.00054091186
timestep_10_feature_56,10,56,Avg_Fwd_Bytes_RollingStd5,Rolling Std,Temporal / Behaviour,0.0005407572
timestep_2_feature_9,2,9,Avg_Packet_Length,Base Traffic,Base Traffic,0.00054043566
timestep_7_feature_64,7,64,Avg_Bwd_Bytes_RollingStd5,Rolling Std,Temporal / Behaviour,0.0005383083
timestep_7_feature_94,7,94,Avg_Packet_Length_Std_PctChange5,Percentage Change,Temporal / Behaviour,0.0005353785
timestep_7_feature_69,7,69,Avg_Bytes_Per_Second_PctChange1,Percentage Change,Temporal / Behaviour,0.00053066347
timestep_1_feature_78,1,78,Avg_Packets_Per_Second_PctChange5,Percentage Change,Temporal / Behaviour,0.0005304284
timestep_7_feature_71,7,71,Avg_Bytes_Per_Second_RollingMean5,Rolling Mean,Temporal / Behaviour,0.0005296108
timestep_8_feature_151,8,151,Unique_Destination_Ports_RollingMean5,Rolling Mean,Temporal / Behaviour,0.0005288765
timestep_2_feature_106,2,106,Avg_Fwd_Packets_Per_Second_Slope5,Slope,Temporal / Behaviour,0.0005286789
timestep_10_feature_41,10,41,Avg_Fwd_Packets_ZScore5,Z-Score,Temporal / Behaviour,0.00052265206
timestep_3_feature_10,3,10,Avg_Packet_Length_Std,Base Traffic,Base Traffic,0.00052253704
timestep_9_feature_121,9,121,SYN_Count_ZScore5,Z-Score,Temporal / Behaviour,0.00052086316
timestep_5_feature_159,5,159,Bwd_Fwd_Packet_Ratio,Behaviour Ratio,Temporal / Behaviour,0.0005190394
timestep_2_feature_112,2,112,Avg_Bwd_Packets_Per_Second_RollingStd5,Rolling Std,Temporal / Behaviour,0.0005179241
timestep_8_feature_131,8,131,PSH_Count_Diff1,Difference,Temporal / Behaviour,0.0005140761
timestep_9_feature_140,9,140,ACK_Count_Diff5,Difference,Temporal / Behaviour,0.0005135432
timestep_10_feature_138,10,138,PSH_Count_Slope5,Slope,Temporal / Behaviour,0.0005128691
timestep_5_feature_80,5,80,Avg_Packets_Per_Second_RollingStd5,Rolling Std,Temporal / Behaviour,0.0005061984
timestep_7_feature_133,7,133,PSH_Count_PctChange1,Percentage Change,Temporal / Behaviour,0.0005039796
timestep_10_feature_7,10,7,Avg_Bytes_Per_Second,Base Traffic,Base Traffic,0.0004990571
timestep_6_feature_96,6,96,Avg_Packet_Length_Std_RollingStd5,Rolling Std,Temporal / Behaviour,0.0004929788
timestep_4_feature_15,4,15,PSH_Count,Base Traffic,Base Traffic,0.00049250893
timestep_10_feature_21,10,21,Flow_Count_PctChange1,Percentage Change,Temporal / Behaviour,0.00049218646
timestep_10_feature_113,10,113,Avg_Bwd_Packets_Per_Second_ZScore5,Z-Score,Temporal / Behaviour,0.0004895841
timestep_3_feature_56,3,56,Avg_Fwd_Bytes_RollingStd5,Rolling Std,Temporal / Behaviour,0.000488161
timestep_2_feature_142,2,142,ACK_Count_PctChange5,Percentage Change,Temporal / Behaviour,0.00048543583
timestep_8_feature_92,8,92,Avg_Packet_Length_Std_Diff5,Difference,Temporal / Behaviour,0.0004748686
timestep_4_feature_126,4,126,RST_Count_PctChange5,Percentage Change,Temporal / Behaviour,0.00047481182
timestep_1_feature_52,1,52,Avg_Fwd_Bytes_Diff5,Difference,Temporal / Behaviour,0.00047303777
timestep_9_feature_17,9,17,Unique_Destination_Ports,Base Traffic,Base Traffic,0.00047198145
timestep_6_feature_11,6,11,Avg_Fwd_Packets_Per_Second,Base Traffic,Base Traffic,0.0004714928
timestep_2_feature_92,2,92,Avg_Packet_Length_Std_Diff5,Difference,Temporal / Behaviour,0.00046810473
timestep_6_feature_103,6,103,Avg_Fwd_Packets_Per_Second_RollingMean5,Rolling Mean,Temporal / Behaviour,0.00046602625
timestep_7_feature_83,7,83,Avg_Packet_Length_Diff1,Difference,Temporal / Behaviour,0.00046497973
timestep_10_feature_132,10,132,PSH_Count_Diff5,Difference,Temporal / Behaviour,0.00046424364
timestep_10_feature_146,10,146,ACK_Count_Slope5,Slope,Temporal / Behaviour,0.00046281732
timestep_3_feature_33,3,33,Avg_Flow_Duration_ZScore5,Z-Score,Temporal / Behaviour,0.00046217284
timestep_10_feature_150,10,150,Unique_Destination_Ports_PctChange5,Percentage Change,Temporal / Behaviour,0.0004612009
timestep_8_feature_13,8,13,SYN_Count,Base Traffic,Base Traffic,0.00046076067
timestep_2_feature_159,2,159,Bwd_Fwd_Packet_Ratio,Behaviour Ratio,Temporal / Behaviour,0.00045898542
timestep_9_feature_106,9,106,Avg_Fwd_Packets_Per_Second_Slope5,Slope,Temporal / Behaviour,0.0004583494
timestep_5_feature_127,5,127,RST_Count_RollingMean5,Rolling Mean,Temporal / Behaviour,0.00045792907
timestep_10_feature_114,10,114,Avg_Bwd_Packets_Per_Second_Slope5,Slope,Temporal / Behaviour,0.00045582108
timestep_6_feature_159,6,159,Bwd_Fwd_Packet_Ratio,Behaviour Ratio,Temporal / Behaviour,0.00045472392
timestep_3_feature_100,3,100,Avg_Fwd_Packets_Per_Second_Diff5,Difference,Temporal / Behaviour,0.0004542498
timestep_4_feature_94,4,94,Avg_Packet_Length_Std_PctChange5,Percentage Change,Temporal / Behaviour,0.00045337842
timestep_2_feature_58,2,58,Avg_Fwd_Bytes_Slope5,Slope,Temporal / Behaviour,0.00045287996
timestep_3_feature_155,3,155,SYN_Per_Flow,Base Traffic,Base Traffic,0.00045197966
timestep_3_feature_121,3,121,SYN_Count_ZScore5,Z-Score,Temporal / Behaviour,0.00045068306
timestep_9_feature_145,9,145,ACK_Count_ZScore5,Z-Score,Temporal / Behaviour,0.000449567
timestep_5_feature_6,5,6,Avg_Bwd_Bytes,Base Traffic,Base Traffic,0.00044877746
timestep_2_feature_13,2,13,SYN_Count,Base Traffic,Base Traffic,0.0004478805
timestep_10_feature_109,10,109,Avg_Bwd_Packets_Per_Second_PctChange1,Percentage Change,Temporal / Behaviour,0.00044610092
timestep_2_feature_24,2,24,Flow_Count_RollingStd5,Rolling Std,Temporal / Behaviour,0.00044607345
timestep_6_feature_143,6,143,ACK_Count_RollingMean5,Rolling Mean,Temporal / Behaviour,0.00044558235
timestep_2_feature_136,2,136,PSH_Count_RollingStd5,Rolling Std,Temporal / Behaviour,0.0004449896
timestep_1_feature_94,1,94,Avg_Packet_Length_Std_PctChange5,Percentage Change,Temporal / Behaviour,0.0004449824
timestep_10_feature_29,10,29,Avg_Flow_Duration_PctChange1,Percentage Change,Temporal / Behaviour,0.00043890916
timestep_8_feature_63,8,63,Avg_Bwd_Bytes_RollingMean5,Rolling Mean,Temporal / Behaviour,0.0004382172
timestep_3_feature_63,3,63,Avg_Bwd_Bytes_RollingMean5,Rolling Mean,Temporal / Behaviour,0.0004379328
timestep_9_feature_42,9,42,Avg_Fwd_Packets_Slope5,Slope,Temporal / Behaviour,0.00043374984
timestep_8_feature_77,8,77,Avg_Packets_Per_Second_PctChange1,Percentage Change,Temporal / Behaviour,0.00043174234
timestep_9_feature_151,9,151,Unique_Destination_Ports_RollingMean5,Rolling Mean,Temporal / Behaviour,0.00042839695
timestep_4_feature_134,4,134,PSH_Count_PctChange5,Percentage Change,Temporal / Behaviour,0.00042818967
timestep_6_feature_137,6,137,PSH_Count_ZScore5,Z-Score,Temporal / Behaviour,0.00042766778
timestep_3_feature_60,3,60,Avg_Bwd_Bytes_Diff5,Difference,Temporal / Behaviour,0.0004273269
timestep_3_feature_24,3,24,Flow_Count_RollingStd5,Rolling Std,Temporal / Behaviour,0.00042516267
timestep_3_feature_92,3,92,Avg_Packet_Length_Std_Diff5,Difference,Temporal / Behaviour,0.00042154887
timestep_4_feature_111,4,111,Avg_Bwd_Packets_Per_Second_RollingMean5,Rolling Mean,Temporal / Behaviour,0.0004187631
timestep_3_feature_74,3,74,Avg_Bytes_Per_Second_Slope5,Slope,Temporal / Behaviour,0.00041333956
timestep_7_feature_108,7,108,Avg_Bwd_Packets_Per_Second_Diff5,Difference,Temporal / Behaviour,0.00041184752
timestep_3_feature_13,3,13,SYN_Count,Base Traffic,Base Traffic,0.00041110537
timestep_7_feature_145,7,145,ACK_Count_ZScore5,Z-Score,Temporal / Behaviour,0.00040916528
timestep_1_feature_2,1,2,Avg_Flow_Duration,Base Traffic,Base Traffic,0.0004087616
timestep_10_feature_124,10,124,RST_Count_Diff5,Difference,Temporal / Behaviour,0.00040707362
timestep_2_feature_161,2,161,Ports_Per_Flow,Base Traffic,Base Traffic,0.0004064893
timestep_8_feature_159,8,159,Bwd_Fwd_Packet_Ratio,Behaviour Ratio,Temporal / Behaviour,0.0004046054
timestep_6_feature_40,6,40,Avg_Fwd_Packets_RollingStd5,Rolling Std,Temporal / Behaviour,0.00040451894
timestep_7_feature_63,7,63,Avg_Bwd_Bytes_RollingMean5,Rolling Mean,Temporal / Behaviour,0.00040259026
timestep_6_feature_32,6,32,Avg_Flow_Duration_RollingStd5,Rolling Std,Temporal / Behaviour,0.00040255042
timestep_3_feature_14,3,14,RST_Count,Base Traffic,Base Traffic,0.0004023549
timestep_2_feature_124,2,124,RST_Count_Diff5,Difference,Temporal / Behaviour,0.0004021463
timestep_3_feature_144,3,144,ACK_Count_RollingStd5,Rolling Std,Temporal / Behaviour,0.00040018818
timestep_9_feature_161,9,161,Ports_Per_Flow,Base Traffic,Base Traffic,0.00039968864
timestep_8_feature_132,8,132,PSH_Count_Diff5,Difference,Temporal / Behaviour,0.00039512326
timestep_9_feature_102,9,102,Avg_Fwd_Packets_Per_Second_PctChange5,Percentage Change,Temporal / Behaviour,0.0003946839
timestep_4_feature_27,4,27,Avg_Flow_Duration_Diff1,Difference,Temporal / Behaviour,0.00039224813
timestep_5_feature_56,5,56,Avg_Fwd_Bytes_RollingStd5,Rolling Std,Temporal / Behaviour,0.00039051494
timestep_10_feature_161,10,161,Ports_Per_Flow,Base Traffic,Base Traffic,0.0003869328
timestep_2_feature_103,2,103,Avg_Fwd_Packets_Per_Second_RollingMean5,Rolling Mean,Temporal / Behaviour,0.00038571106
timestep_1_feature_113,1,113,Avg_Bwd_Packets_Per_Second_ZScore5,Z-Score,Temporal / Behaviour,0.0003823267
timestep_3_feature_111,3,111,Avg_Bwd_Packets_Per_Second_RollingMean5,Rolling Mean,Temporal / Behaviour,0.00038078902
timestep_5_feature_62,5,62,Avg_Bwd_Bytes_PctChange5,Percentage Change,Temporal / Behaviour,0.0003762325
timestep_6_feature_108,6,108,Avg_Bwd_Packets_Per_Second_Diff5,Difference,Temporal / Behaviour,0.00037416012
timestep_5_feature_94,5,94,Avg_Packet_Length_Std_PctChange5,Percentage Change,Temporal / Behaviour,0.00037164055
timestep_6_feature_51,6,51,Avg_Fwd_Bytes_Diff1,Difference,Temporal / Behaviour,0.00037070282
timestep_8_feature_112,8,112,Avg_Bwd_Packets_Per_Second_RollingStd5,Rolling Std,Temporal / Behaviour,0.00037053903
timestep_3_feature_112,3,112,Avg_Bwd_Packets_Per_Second_RollingStd5,Rolling Std,Temporal / Behaviour,0.00037039228
timestep_10_feature_67,10,67,Avg_Bytes_Per_Second_Diff1,Difference,Temporal / Behaviour,0.00036951117
timestep_10_feature_61,10,61,Avg_Bwd_Bytes_PctChange1,Percentage Change,Temporal / Behaviour,0.00036872772
timestep_4_feature_56,4,56,Avg_Fwd_Bytes_RollingStd5,Rolling Std,Temporal / Behaviour,0.0003657488
timestep_9_feature_90,9,90,Avg_Packet_Length_Slope5,Slope,Temporal / Behaviour,0.00036465784
timestep_4_feature_41,4,41,Avg_Fwd_Packets_ZScore5,Z-Score,Temporal / Behaviour,0.00036425007
timestep_10_feature_126,10,126,RST_Count_PctChange5,Percentage Change,Temporal / Behaviour,0.0003641314
timestep_10_feature_79,10,79,Avg_Packets_Per_Second_RollingMean5,Rolling Mean,Temporal / Behaviour,0.00036294607
timestep_4_feature_57,4,57,Avg_Fwd_Bytes_ZScore5,Z-Score,Temporal / Behaviour,0.00036146247
timestep_10_feature_143,10,143,ACK_Count_RollingMean5,Rolling Mean,Temporal / Behaviour,0.000360689
timestep_10_feature_81,10,81,Avg_Packets_Per_Second_ZScore5,Z-Score,Temporal / Behaviour,0.00036049876
timestep_6_feature_55,6,55,Avg_Fwd_Bytes_RollingMean5,Rolling Mean,Temporal / Behaviour,0.0003604036
timestep_2_feature_72,2,72,Avg_Bytes_Per_Second_RollingStd5,Rolling Std,Temporal / Behaviour,0.0003600343
timestep_7_feature_149,7,149,Unique_Destination_Ports_PctChange1,Percentage Change,Temporal / Behaviour,0.00035919846
timestep_7_feature_132,7,132,PSH_Count_Diff5,Difference,Temporal / Behaviour,0.00035778127
timestep_3_feature_152,3,152,Unique_Destination_Ports_RollingStd5,Rolling Std,Temporal / Behaviour,0.00035615743
timestep_5_feature_161,5,161,Ports_Per_Flow,Base Traffic,Base Traffic,0.00035268298
timestep_7_feature_9,7,9,Avg_Packet_Length,Base Traffic,Base Traffic,0.00035208988
timestep_8_feature_55,8,55,Avg_Fwd_Bytes_RollingMean5,Rolling Mean,Temporal / Behaviour,0.00035085462
timestep_2_feature_55,2,55,Avg_Fwd_Bytes_RollingMean5,Rolling Mean,Temporal / Behaviour,0.0003501925
timestep_7_feature_151,7,151,Unique_Destination_Ports_RollingMean5,Rolling Mean,Temporal / Behaviour,0.00035005537
timestep_1_feature_143,1,143,ACK_Count_RollingMean5,Rolling Mean,Temporal / Behaviour,0.0003499281
timestep_5_feature_151,5,151,Unique_Destination_Ports_RollingMean5,Rolling Mean,Temporal / Behaviour,0.00034989932
timestep_5_feature_50,5,50,Avg_Bwd_Packets_Slope5,Slope,Temporal / Behaviour,0.00034632214
timestep_10_feature_129,10,129,RST_Count_ZScore5,Z-Score,Temporal / Behaviour,0.00034531273
timestep_4_feature_10,4,10,Avg_Packet_Length_Std,Base Traffic,Base Traffic,0.00034315154
timestep_7_feature_8,7,8,Avg_Packets_Per_Second,Base Traffic,Base Traffic,0.00033960698
timestep_9_feature_7,9,7,Avg_Bytes_Per_Second,Base Traffic,Base Traffic,0.00033903387
timestep_5_feature_22,5,22,Flow_Count_PctChange5,Percentage Change,Temporal / Behaviour,0.00033515922
timestep_8_feature_61,8,61,Avg_Bwd_Bytes_PctChange1,Percentage Change,Temporal / Behaviour,0.0003327973
timestep_2_feature_152,2,152,Unique_Destination_Ports_RollingStd5,Rolling Std,Temporal / Behaviour,0.0003314563
timestep_3_feature_129,3,129,RST_Count_ZScore5,Z-Score,Temporal / Behaviour,0.0003310577
timestep_3_feature_51,3,51,Avg_Fwd_Bytes_Diff1,Difference,Temporal / Behaviour,0.000329826
timestep_7_feature_111,7,111,Avg_Bwd_Packets_Per_Second_RollingMean5,Rolling Mean,Temporal / Behaviour,0.00032925615
timestep_8_feature_129,8,129,RST_Count_ZScore5,Z-Score,Temporal / Behaviour,0.0003278897
timestep_9_feature_20,9,20,Flow_Count_Diff5,Difference,Temporal / Behaviour,0.00032716175
timestep_4_feature_25,4,25,Flow_Count_ZScore5,Z-Score,Temporal / Behaviour,0.00032347837
timestep_8_feature_149,8,149,Unique_Destination_Ports_PctChange1,Percentage Change,Temporal / Behaviour,0.00032053865
timestep_7_feature_130,7,130,RST_Count_Slope5,Slope,Temporal / Behaviour,0.0003202854
timestep_1_feature_153,1,153,Unique_Destination_Ports_ZScore5,Z-Score,Temporal / Behaviour,0.00031639254
timestep_3_feature_2,3,2,Avg_Flow_Duration,Base Traffic,Base Traffic,0.00031555735
timestep_2_feature_78,2,78,Avg_Packets_Per_Second_PctChange5,Percentage Change,Temporal / Behaviour,0.0003138581
timestep_8_feature_120,8,120,SYN_Count_RollingStd5,Rolling Std,Temporal / Behaviour,0.000309071
timestep_5_feature_115,5,115,SYN_Count_Diff1,Difference,Temporal / Behaviour,0.00030471975
timestep_8_feature_16,8,16,ACK_Count,Base Traffic,Base Traffic,0.00030299553
timestep_3_feature_132,3,132,PSH_Count_Diff5,Difference,Temporal / Behaviour,0.0003029685
timestep_3_feature_136,3,136,PSH_Count_RollingStd5,Rolling Std,Temporal / Behaviour,0.00030182305
timestep_6_feature_124,6,124,RST_Count_Diff5,Difference,Temporal / Behaviour,0.00029893802
timestep_6_feature_136,6,136,PSH_Count_RollingStd5,Rolling Std,Temporal / Behaviour,0.00029569352
timestep_8_feature_118,8,118,SYN_Count_PctChange5,Percentage Change,Temporal / Behaviour,0.00029446578
timestep_6_feature_28,6,28,Avg_Flow_Duration_Diff5,Difference,Temporal / Behaviour,0.00029387526
timestep_7_feature_105,7,105,Avg_Fwd_Packets_Per_Second_ZScore5,Z-Score,Temporal / Behaviour,0.0002900802
timestep_1_feature_149,1,149,Unique_Destination_Ports_PctChange1,Percentage Change,Temporal / Behaviour,0.0002876066
timestep_6_feature_104,6,104,Avg_Fwd_Packets_Per_Second_RollingStd5,Rolling Std,Temporal / Behaviour,0.0002847588
timestep_4_feature_149,4,149,Unique_Destination_Ports_PctChange1,Percentage Change,Temporal / Behaviour,0.00028378793
timestep_9_feature_5,9,5,Avg_Fwd_Bytes,Base Traffic,Base Traffic,0.0002786001
timestep_1_feature_117,1,117,SYN_Count_PctChange1,Percentage Change,Temporal / Behaviour,0.00027801126
timestep_2_feature_149,2,149,Unique_Destination_Ports_PctChange1,Percentage Change,Temporal / Behaviour,0.0002764604
timestep_1_feature_72,1,72,Avg_Bytes_Per_Second_RollingStd5,Rolling Std,Temporal / Behaviour,0.00027571
timestep_9_feature_10,9,10,Avg_Packet_Length_Std,Base Traffic,Base Traffic,0.00027285187
timestep_8_feature_64,8,64,Avg_Bwd_Bytes_RollingStd5,Rolling Std,Temporal / Behaviour,0.00027155445
timestep_1_feature_133,1,133,PSH_Count_PctChange1,Percentage Change,Temporal / Behaviour,0.0002656532
timestep_5_feature_67,5,67,Avg_Bytes_Per_Second_Diff1,Difference,Temporal / Behaviour,0.00026564058
timestep_4_feature_161,4,161,Ports_Per_Flow,Base Traffic,Base Traffic,0.00026563284
timestep_8_feature_3,8,3,Avg_Fwd_Packets,Base Traffic,Base Traffic,0.0002649395
timestep_2_feature_16,2,16,ACK_Count,Base Traffic,Base Traffic,0.00026175432
timestep_5_feature_7,5,7,Avg_Bytes_Per_Second,Base Traffic,Base Traffic,0.0002602526
timestep_5_feature_132,5,132,PSH_Count_Diff5,Difference,Temporal / Behaviour,0.00025847793
timestep_7_feature_26,7,26,Flow_Count_Slope5,Slope,Temporal / Behaviour,0.00025517546
timestep_8_feature_58,8,58,Avg_Fwd_Bytes_Slope5,Slope,Temporal / Behaviour,0.00025471952
timestep_3_feature_122,3,122,SYN_Count_Slope5,Slope,Temporal / Behaviour,0.00025417714
timestep_5_feature_141,5,141,ACK_Count_PctChange1,Percentage Change,Temporal / Behaviour,0.00025367425
timestep_1_feature_100,1,100,Avg_Fwd_Packets_Per_Second_Diff5,Difference,Temporal / Behaviour,0.0002535021
timestep_7_feature_115,7,115,SYN_Count_Diff1,Difference,Temporal / Behaviour,0.00025178987
timestep_3_feature_55,3,55,Avg_Fwd_Bytes_RollingMean5,Rolling Mean,Temporal / Behaviour,0.00024739522
timestep_7_feature_104,7,104,Avg_Fwd_Packets_Per_Second_RollingStd5,Rolling Std,Temporal / Behaviour,0.00024698972
timestep_5_feature_60,5,60,Avg_Bwd_Bytes_Diff5,Difference,Temporal / Behaviour,0.0002469676
timestep_6_feature_95,6,95,Avg_Packet_Length_Std_RollingMean5,Rolling Mean,Temporal / Behaviour,0.00024465495
timestep_8_feature_103,8,103,Avg_Fwd_Packets_Per_Second_RollingMean5,Rolling Mean,Temporal / Behaviour,0.00024386108
timestep_3_feature_148,3,148,Unique_Destination_Ports_Diff5,Difference,Temporal / Behaviour,0.000242985
timestep_7_feature_1,7,1,Flow_Count,Base Traffic,Base Traffic,0.00024238267
timestep_8_feature_52,8,52,Avg_Fwd_Bytes_Diff5,Difference,Temporal / Behaviour,0.00024166981
timestep_7_feature_136,7,136,PSH_Count_RollingStd5,Rolling Std,Temporal / Behaviour,0.00024153935
timestep_1_feature_40,1,40,Avg_Fwd_Packets_RollingStd5,Rolling Std,Temporal / Behaviour,0.0002366896
timestep_6_feature_151,6,151,Unique_Destination_Ports_RollingMean5,Rolling Mean,Temporal / Behaviour,0.00023632155
timestep_4_feature_95,4,95,Avg_Packet_Length_Std_RollingMean5,Rolling Mean,Temporal / Behaviour,0.00023449471
timestep_2_feature_94,2,94,Avg_Packet_Length_Std_PctChange5,Percentage Change,Temporal / Behaviour,0.00023027604
timestep_8_feature_12,8,12,Avg_Bwd_Packets_Per_Second,Base Traffic,Base Traffic,0.00022052882
timestep_8_feature_6,8,6,Avg_Bwd_Bytes,Base Traffic,Base Traffic,0.00022009942
timestep_3_feature_41,3,41,Avg_Fwd_Packets_ZScore5,Z-Score,Temporal / Behaviour,0.0002194342
timestep_9_feature_67,9,67,Avg_Bytes_Per_Second_Diff1,Difference,Temporal / Behaviour,0.00021844068
timestep_2_feature_8,2,8,Avg_Packets_Per_Second,Base Traffic,Base Traffic,0.00021789776
timestep_1_feature_108,1,108,Avg_Bwd_Packets_Per_Second_Diff5,Difference,Temporal / Behaviour,0.00021707709
timestep_6_feature_83,6,83,Avg_Packet_Length_Diff1,Difference,Temporal / Behaviour,0.00021500922
timestep_4_feature_78,4,78,Avg_Packets_Per_Second_PctChange5,Percentage Change,Temporal / Behaviour,0.00021419725
timestep_4_feature_127,4,127,RST_Count_RollingMean5,Rolling Mean,Temporal / Behaviour,0.00021284525
timestep_5_feature_78,5,78,Avg_Packets_Per_Second_PctChange5,Percentage Change,Temporal / Behaviour,0.00020958413
timestep_5_feature_98,5,98,Avg_Packet_Length_Std_Slope5,Slope,Temporal / Behaviour,0.00020953924
timestep_3_feature_64,3,64,Avg_Bwd_Bytes_RollingStd5,Rolling Std,Temporal / Behaviour,0.00020871802
timestep_6_feature_61,6,61,Avg_Bwd_Bytes_PctChange1,Percentage Change,Temporal / Behaviour,0.00020541399
timestep_8_feature_32,8,32,Avg_Flow_Duration_RollingStd5,Rolling Std,Temporal / Behaviour,0.00020452033
timestep_1_feature_50,1,50,Avg_Bwd_Packets_Slope5,Slope,Temporal / Behaviour,0.00020106128
timestep_6_feature_56,6,56,Avg_Fwd_Bytes_RollingStd5,Rolling Std,Temporal / Behaviour,0.00019996343
timestep_8_feature_134,8,134,PSH_Count_PctChange5,Percentage Change,Temporal / Behaviour,0.00019983556
timestep_4_feature_136,4,136,PSH_Count_RollingStd5,Rolling Std,Temporal / Behaviour,0.00019970197
timestep_7_feature_3,7,3,Avg_Fwd_Packets,Base Traffic,Base Traffic,0.00019683108
timestep_8_feature_8,8,8,Avg_Packets_Per_Second,Base Traffic,Base Traffic,0.00019661724
timestep_8_feature_1,8,1,Flow_Count,Base Traffic,Base Traffic,0.00019421669
timestep_9_feature_8,9,8,Avg_Packets_Per_Second,Base Traffic,Base Traffic,0.00019179322
timestep_10_feature_77,10,77,Avg_Packets_Per_Second_PctChange1,Percentage Change,Temporal / Behaviour,0.00018967947
timestep_1_feature_105,1,105,Avg_Fwd_Packets_Per_Second_ZScore5,Z-Score,Temporal / Behaviour,0.00018865278
timestep_8_feature_41,8,41,Avg_Fwd_Packets_ZScore5,Z-Score,Temporal / Behaviour,0.00018757206
timestep_9_feature_160,9,160,Bwd_Fwd_Byte_Ratio,Behaviour Ratio,Temporal / Behaviour,0.000182505
timestep_3_feature_16,3,16,ACK_Count,Base Traffic,Base Traffic,0.00018198954
timestep_1_feature_104,1,104,Avg_Fwd_Packets_Per_Second_RollingStd5,Rolling Std,Temporal / Behaviour,0.0001809269
timestep_2_feature_132,2,132,PSH_Count_Diff5,Difference,Temporal / Behaviour,0.00017961294
timestep_9_feature_98,9,98,Avg_Packet_Length_Std_Slope5,Slope,Temporal / Behaviour,0.00017791375
timestep_9_feature_22,9,22,Flow_Count_PctChange5,Percentage Change,Temporal / Behaviour,0.00017704777
timestep_1_feature_6,1,6,Avg_Bwd_Bytes,Base Traffic,Base Traffic,0.00017596842
timestep_2_feature_70,2,70,Avg_Bytes_Per_Second_PctChange5,Percentage Change,Temporal / Behaviour,0.00017527392
timestep_6_feature_9,6,9,Avg_Packet_Length,Base Traffic,Base Traffic,0.00017325848
timestep_8_feature_110,8,110,Avg_Bwd_Packets_Per_Second_PctChange5,Percentage Change,Temporal / Behaviour,0.00017140397
timestep_1_feature_51,1,51,Avg_Fwd_Bytes_Diff1,Difference,Temporal / Behaviour,0.00017123536
timestep_5_feature_12,5,12,Avg_Bwd_Packets_Per_Second,Base Traffic,Base Traffic,0.00016967271
timestep_4_feature_51,4,51,Avg_Fwd_Bytes_Diff1,Difference,Temporal / Behaviour,0.00016833942
timestep_7_feature_12,7,12,Avg_Bwd_Packets_Per_Second,Base Traffic,Base Traffic,0.00016568466
timestep_1_feature_17,1,17,Unique_Destination_Ports,Base Traffic,Base Traffic,0.00016551866
timestep_6_feature_41,6,41,Avg_Fwd_Packets_ZScore5,Z-Score,Temporal / Behaviour,0.00016033727
timestep_9_feature_50,9,50,Avg_Bwd_Packets_Slope5,Slope,Temporal / Behaviour,0.00015873689
timestep_5_feature_108,5,108,Avg_Bwd_Packets_Per_Second_Diff5,Difference,Temporal / Behaviour,0.00015838066
timestep_5_feature_126,5,126,RST_Count_PctChange5,Percentage Change,Temporal / Behaviour,0.00015730964
timestep_4_feature_116,4,116,SYN_Count_Diff5,Difference,Temporal / Behaviour,0.00015328312
timestep_4_feature_104,4,104,Avg_Fwd_Packets_Per_Second_RollingStd5,Rolling Std,Temporal / Behaviour,0.00014701491
timestep_4_feature_73,4,73,Avg_Bytes_Per_Second_ZScore5,Z-Score,Temporal / Behaviour,0.00014588442
timestep_1_feature_76,1,76,Avg_Packets_Per_Second_Diff5,Difference,Temporal / Behaviour,0.00014430098
timestep_1_feature_132,1,132,PSH_Count_Diff5,Difference,Temporal / Behaviour,0.00014266644
timestep_2_feature_75,2,75,Avg_Packets_Per_Second_Diff1,Difference,Temporal / Behaviour,0.00014011886
timestep_3_feature_134,3,134,PSH_Count_PctChange5,Percentage Change,Temporal / Behaviour,0.00013842365
timestep_8_feature_85,8,85,Avg_Packet_Length_PctChange1,Percentage Change,Temporal / Behaviour,0.00013672422
timestep_3_feature_106,3,106,Avg_Fwd_Packets_Per_Second_Slope5,Slope,Temporal / Behaviour,0.0001357778
timestep_4_feature_62,4,62,Avg_Bwd_Bytes_PctChange5,Percentage Change,Temporal / Behaviour,0.00013556513
timestep_5_feature_152,5,152,Unique_Destination_Ports_RollingStd5,Rolling Std,Temporal / Behaviour,0.00013550595
timestep_4_feature_44,4,44,Avg_Bwd_Packets_Diff5,Difference,Temporal / Behaviour,0.00013470594
timestep_10_feature_153,10,153,Unique_Destination_Ports_ZScore5,Z-Score,Temporal / Behaviour,0.00013377934
timestep_9_feature_19,9,19,Flow_Count_Diff1,Difference,Temporal / Behaviour,0.00013199761
timestep_3_feature_17,3,17,Unique_Destination_Ports,Base Traffic,Base Traffic,0.00012803181
timestep_9_feature_130,9,130,RST_Count_Slope5,Slope,Temporal / Behaviour,0.00012512386
timestep_9_feature_153,9,153,Unique_Destination_Ports_ZScore5,Z-Score,Temporal / Behaviour,0.00012457276
timestep_10_feature_66,10,66,Avg_Bwd_Bytes_Slope5,Slope,Temporal / Behaviour,0.00012429692
timestep_4_feature_142,4,142,ACK_Count_PctChange5,Percentage Change,Temporal / Behaviour,0.00011883971
timestep_9_feature_60,9,60,Avg_Bwd_Bytes_Diff5,Difference,Temporal / Behaviour,0.000113943985
timestep_1_feature_10,1,10,Avg_Packet_Length_Std,Base Traffic,Base Traffic,0.000111703404
timestep_2_feature_137,2,137,PSH_Count_ZScore5,Z-Score,Temporal / Behaviour,0.00010927065
timestep_3_feature_1,3,1,Flow_Count,Base Traffic,Base Traffic,0.00010533066
timestep_10_feature_80,10,80,Avg_Packets_Per_Second_RollingStd5,Rolling Std,Temporal / Behaviour,0.00010258383
timestep_3_feature_102,3,102,Avg_Fwd_Packets_Per_Second_PctChange5,Percentage Change,Temporal / Behaviour,0.00010118305
timestep_9_feature_44,9,44,Avg_Bwd_Packets_Diff5,Difference,Temporal / Behaviour,0.000100328325
timestep_3_feature_94,3,94,Avg_Packet_Length_Std_PctChange5,Percentage Change,Temporal / Behaviour,9.838151e-05
timestep_5_feature_10,5,10,Avg_Packet_Length_Std,Base Traffic,Base Traffic,9.7974735e-05
timestep_5_feature_90,5,90,Avg_Packet_Length_Slope5,Slope,Temporal / Behaviour,9.3858594e-05
timestep_5_feature_150,5,150,Unique_Destination_Ports_PctChange5,Percentage Change,Temporal / Behaviour,8.975049e-05
timestep_7_feature_56,7,56,Avg_Fwd_Bytes_RollingStd5,Rolling Std,Temporal / Behaviour,8.8917535e-05
timestep_6_feature_37,6,37,Avg_Fwd_Packets_PctChange1,Percentage Change,Temporal / Behaviour,7.459782e-05
timestep_10_feature_145,10,145,ACK_Count_ZScore5,Z-Score,Temporal / Behaviour,7.067411e-05
timestep_6_feature_122,6,122,SYN_Count_Slope5,Slope,Temporal / Behaviour,6.883891e-05
timestep_3_feature_117,3,117,SYN_Count_PctChange1,Percentage Change,Temporal / Behaviour,6.506281e-05
timestep_1_feature_53,1,53,Avg_Fwd_Bytes_PctChange1,Percentage Change,Temporal / Behaviour,5.6740966e-05
timestep_2_feature_25,2,25,Flow_Count_ZScore5,Z-Score,Temporal / Behaviour,5.2099487e-05
timestep_5_feature_43,5,43,Avg_Bwd_Packets_Diff1,Difference,Temporal / Behaviour,4.4214277e-05
timestep_4_feature_154,4,154,Unique_Destination_Ports_Slope5,Slope,Temporal / Behaviour,3.625166e-05
timestep_1_feature_150,1,150,Unique_Destination_Ports_PctChange5,Percentage Change,Temporal / Behaviour,3.5883833e-05
timestep_6_feature_73,6,73,Avg_Bytes_Per_Second_ZScore5,Z-Score,Temporal / Behaviour,3.257038e-05
timestep_8_feature_21,8,21,Flow_Count_PctChange1,Percentage Change,Temporal / Behaviour,2.7134509e-05
timestep_1_feature_118,1,118,SYN_Count_PctChange5,Percentage Change,Temporal / Behaviour,1.5501364e-05
timestep_9_feature_61,9,61,Avg_Bwd_Bytes_PctChange1,Percentage Change,Temporal / Behaviour,1.676118e-06
timestep_4_feature_125,4,125,RST_Count_PctChange1,Percentage Change,Temporal / Behaviour,0.0
timestep_4_feature_129,4,129,RST_Count_ZScore5,Z-Score,Temporal / Behaviour,0.0
timestep_4_feature_130,4,130,RST_Count_Slope5,Slope,Temporal / Behaviour,0.0
timestep_4_feature_131,4,131,PSH_Count_Diff1,Difference,Temporal / Behaviour,0.0
timestep_4_feature_132,4,132,PSH_Count_Diff5,Difference,Temporal / Behaviour,0.0
timestep_4_feature_133,4,133,PSH_Count_PctChange1,Percentage Change,Temporal / Behaviour,0.0
timestep_4_feature_137,4,137,PSH_Count_ZScore5,Z-Score,Temporal / Behaviour,0.0
timestep_4_feature_113,4,113,Avg_Bwd_Packets_Per_Second_ZScore5,Z-Score,Temporal / Behaviour,0.0
timestep_2_feature_133,2,133,PSH_Count_PctChange1,Percentage Change,Temporal / Behaviour,0.0
timestep_2_feature_134,2,134,PSH_Count_PctChange5,Percentage Change,Temporal / Behaviour,0.0
timestep_5_feature_33,5,33,Avg_Flow_Duration_ZScore5,Z-Score,Temporal / Behaviour,0.0
timestep_5_feature_35,5,35,Avg_Fwd_Packets_Diff1,Difference,Temporal / Behaviour,0.0
timestep_5_feature_37,5,37,Avg_Fwd_Packets_PctChange1,Percentage Change,Temporal / Behaviour,0.0
timestep_2_feature_102,2,102,Avg_Fwd_Packets_Per_Second_PctChange5,Percentage Change,Temporal / Behaviour,0.0
timestep_5_feature_49,5,49,Avg_Bwd_Packets_ZScore5,Z-Score,Temporal / Behaviour,0.0
timestep_5_feature_51,5,51,Avg_Fwd_Bytes_Diff1,Difference,Temporal / Behaviour,0.0
timestep_5_feature_52,5,52,Avg_Fwd_Bytes_Diff5,Difference,Temporal / Behaviour,0.0
timestep_5_feature_54,5,54,Avg_Fwd_Bytes_PctChange5,Percentage Change,Temporal / Behaviour,0.0
timestep_5_feature_57,5,57,Avg_Fwd_Bytes_ZScore5,Z-Score,Temporal / Behaviour,0.0
timestep_5_feature_58,5,58,Avg_Fwd_Bytes_Slope5,Slope,Temporal / Behaviour,0.0
timestep_5_feature_59,5,59,Avg_Bwd_Bytes_Diff1,Difference,Temporal / Behaviour,0.0
timestep_5_feature_61,5,61,Avg_Bwd_Bytes_PctChange1,Percentage Change,Temporal / Behaviour,0.0
timestep_5_feature_63,5,63,Avg_Bwd_Bytes_RollingMean5,Rolling Mean,Temporal / Behaviour,0.0
timestep_5_feature_65,5,65,Avg_Bwd_Bytes_ZScore5,Z-Score,Temporal / Behaviour,0.0
timestep_5_feature_27,5,27,Avg_Flow_Duration_Diff1,Difference,Temporal / Behaviour,0.0
timestep_5_feature_28,5,28,Avg_Flow_Duration_Diff5,Difference,Temporal / Behaviour,0.0
timestep_5_feature_29,5,29,Avg_Flow_Duration_PctChange1,Percentage Change,Temporal / Behaviour,0.0
timestep_5_feature_30,5,30,Avg_Flow_Duration_PctChange5,Percentage Change,Temporal / Behaviour,0.0
timestep_5_feature_82,5,82,Avg_Packets_Per_Second_Slope5,Slope,Temporal / Behaviour,0.0
timestep_5_feature_83,5,83,Avg_Packet_Length_Diff1,Difference,Temporal / Behaviour,0.0
timestep_5_feature_85,5,85,Avg_Packet_Length_PctChange1,Percentage Change,Temporal / Behaviour,0.0
timestep_5_feature_66,5,66,Avg_Bwd_Bytes_Slope5,Slope,Temporal / Behaviour,0.0
timestep_5_feature_68,5,68,Avg_Bytes_Per_Second_Diff5,Difference,Temporal / Behaviour,0.0
timestep_5_feature_69,5,69,Avg_Bytes_Per_Second_PctChange1,Percentage Change,Temporal / Behaviour,0.0
timestep_5_feature_70,5,70,Avg_Bytes_Per_Second_PctChange5,Percentage Change,Temporal / Behaviour,0.0
timestep_5_feature_74,5,74,Avg_Bytes_Per_Second_Slope5,Slope,Temporal / Behaviour,0.0
timestep_5_feature_75,5,75,Avg_Packets_Per_Second_Diff1,Difference,Temporal / Behaviour,0.0
timestep_5_feature_76,5,76,Avg_Packets_Per_Second_Diff5,Difference,Temporal / Behaviour,0.0
timestep_5_feature_77,5,77,Avg_Packets_Per_Second_PctChange1,Percentage Change,Temporal / Behaviour,0.0
timestep_5_feature_79,5,79,Avg_Packets_Per_Second_RollingMean5,Rolling Mean,Temporal / Behaviour,0.0
timestep_2_feature_100,2,100,Avg_Fwd_Packets_Per_Second_Diff5,Difference,Temporal / Behaviour,0.0
timestep_2_feature_101,2,101,Avg_Fwd_Packets_Per_Second_PctChange1,Percentage Change,Temporal / Behaviour,0.0
timestep_1_feature_7,1,7,Avg_Bytes_Per_Second,Base Traffic,Base Traffic,0.0
timestep_5_feature_93,5,93,Avg_Packet_Length_Std_PctChange1,Percentage Change,Temporal / Behaviour,0.0
timestep_5_feature_97,5,97,Avg_Packet_Length_Std_ZScore5,Z-Score,Temporal / Behaviour,0.0
timestep_5_feature_99,5,99,Avg_Fwd_Packets_Per_Second_Diff1,Difference,Temporal / Behaviour,0.0
timestep_5_feature_101,5,101,Avg_Fwd_Packets_Per_Second_PctChange1,Percentage Change,Temporal / Behaviour,0.0
timestep_5_feature_105,5,105,Avg_Fwd_Packets_Per_Second_ZScore5,Z-Score,Temporal / Behaviour,0.0
timestep_5_feature_106,5,106,Avg_Fwd_Packets_Per_Second_Slope5,Slope,Temporal / Behaviour,0.0
timestep_2_feature_105,2,105,Avg_Fwd_Packets_Per_Second_ZScore5,Z-Score,Temporal / Behaviour,0.0
timestep_2_feature_107,2,107,Avg_Bwd_Packets_Per_Second_Diff1,Difference,Temporal / Behaviour,0.0
timestep_2_feature_108,2,108,Avg_Bwd_Packets_Per_Second_Diff5,Difference,Temporal / Behaviour,0.0
timestep_2_feature_109,2,109,Avg_Bwd_Packets_Per_Second_PctChange1,Percentage Change,Temporal / Behaviour,0.0
timestep_2_feature_113,2,113,Avg_Bwd_Packets_Per_Second_ZScore5,Z-Score,Temporal / Behaviour,0.0
timestep_2_feature_114,2,114,Avg_Bwd_Packets_Per_Second_Slope5,Slope,Temporal / Behaviour,0.0
timestep_2_feature_115,2,115,SYN_Count_Diff1,Difference,Temporal / Behaviour,0.0
timestep_5_feature_81,5,81,Avg_Packets_Per_Second_ZScore5,Z-Score,Temporal / Behaviour,0.0
timestep_5_feature_86,5,86,Avg_Packet_Length_PctChange5,Percentage Change,Temporal / Behaviour,0.0
timestep_5_feature_89,5,89,Avg_Packet_Length_ZScore5,Z-Score,Temporal / Behaviour,0.0
timestep_2_feature_138,2,138,PSH_Count_Slope5,Slope,Temporal / Behaviour,0.0
timestep_2_feature_139,2,139,ACK_Count_Diff1,Difference,Temporal / Behaviour,0.0
timestep_2_feature_141,2,141,ACK_Count_PctChange1,Percentage Change,Temporal / Behaviour,0.0
timestep_2_feature_145,2,145,ACK_Count_ZScore5,Z-Score,Temporal / Behaviour,0.0
timestep_2_feature_146,2,146,ACK_Count_Slope5,Slope,Temporal / Behaviour,0.0
timestep_4_feature_114,4,114,Avg_Bwd_Packets_Per_Second_Slope5,Slope,Temporal / Behaviour,0.0
timestep_4_feature_115,4,115,SYN_Count_Diff1,Difference,Temporal / Behaviour,0.0
timestep_4_feature_117,4,117,SYN_Count_PctChange1,Percentage Change,Temporal / Behaviour,0.0
timestep_4_feature_93,4,93,Avg_Packet_Length_Std_PctChange1,Percentage Change,Temporal / Behaviour,0.0
timestep_4_feature_97,4,97,Avg_Packet_Length_Std_ZScore5,Z-Score,Temporal / Behaviour,0.0
timestep_5_feature_139,5,139,ACK_Count_Diff1,Difference,Temporal / Behaviour,0.0
timestep_5_feature_140,5,140,ACK_Count_Diff5,Difference,Temporal / Behaviour,0.0
timestep_5_feature_144,5,144,ACK_Count_RollingStd5,Rolling Std,Temporal / Behaviour,0.0
timestep_5_feature_107,5,107,Avg_Bwd_Packets_Per_Second_Diff1,Difference,Temporal / Behaviour,0.0
timestep_5_feature_109,5,109,Avg_Bwd_Packets_Per_Second_PctChange1,Percentage Change,Temporal / Behaviour,0.0
timestep_5_feature_110,5,110,Avg_Bwd_Packets_Per_Second_PctChange5,Percentage Change,Temporal / Behaviour,0.0
timestep_5_feature_113,5,113,Avg_Bwd_Packets_Per_Second_ZScore5,Z-Score,Temporal / Behaviour,0.0
timestep_5_feature_114,5,114,Avg_Bwd_Packets_Per_Second_Slope5,Slope,Temporal / Behaviour,0.0
timestep_5_feature_117,5,117,SYN_Count_PctChange1,Percentage Change,Temporal / Behaviour,0.0
timestep_5_feature_118,5,118,SYN_Count_PctChange5,Percentage Change,Temporal / Behaviour,0.0
timestep_5_feature_121,5,121,SYN_Count_ZScore5,Z-Score,Temporal / Behaviour,0.0
timestep_5_feature_123,5,123,RST_Count_Diff1,Difference,Temporal / Behaviour,0.0
timestep_5_feature_125,5,125,RST_Count_PctChange1,Percentage Change,Temporal / Behaviour,0.0
timestep_2_feature_97,2,97,Avg_Packet_Length_Std_ZScore5,Z-Score,Temporal / Behaviour,0.0
timestep_2_feature_98,2,98,Avg_Packet_Length_Std_Slope5,Slope,Temporal / Behaviour,0.0
timestep_2_feature_99,2,99,Avg_Fwd_Packets_Per_Second_Diff1,Difference,Temporal / Behaviour,0.0
timestep_5_feature_145,5,145,ACK_Count_ZScore5,Z-Score,Temporal / Behaviour,0.0
timestep_5_feature_147,5,147,Unique_Destination_Ports_Diff1,Difference,Temporal / Behaviour,0.0
timestep_5_feature_148,5,148,Unique_Destination_Ports_Diff5,Difference,Temporal / Behaviour,0.0
timestep_5_feature_149,5,149,Unique_Destination_Ports_PctChange1,Percentage Change,Temporal / Behaviour,0.0
timestep_5_feature_129,5,129,RST_Count_ZScore5,Z-Score,Temporal / Behaviour,0.0
timestep_5_feature_131,5,131,PSH_Count_Diff1,Difference,Temporal / Behaviour,0.0
timestep_5_feature_133,5,133,PSH_Count_PctChange1,Percentage Change,Temporal / Behaviour,0.0
timestep_5_feature_134,5,134,PSH_Count_PctChange5,Percentage Change,Temporal / Behaviour,0.0
timestep_5_feature_137,5,137,PSH_Count_ZScore5,Z-Score,Temporal / Behaviour,0.0
timestep_5_feature_138,5,138,PSH_Count_Slope5,Slope,Temporal / Behaviour,0.0
timestep_4_feature_99,4,99,Avg_Fwd_Packets_Per_Second_Diff1,Difference,Temporal / Behaviour,0.0
timestep_4_feature_100,4,100,Avg_Fwd_Packets_Per_Second_Diff5,Difference,Temporal / Behaviour,0.0
timestep_4_feature_101,4,101,Avg_Fwd_Packets_Per_Second_PctChange1,Percentage Change,Temporal / Behaviour,0.0
timestep_4_feature_102,4,102,Avg_Fwd_Packets_Per_Second_PctChange5,Percentage Change,Temporal / Behaviour,0.0
timestep_4_feature_105,4,105,Avg_Fwd_Packets_Per_Second_ZScore5,Z-Score,Temporal / Behaviour,0.0
timestep_4_feature_106,4,106,Avg_Fwd_Packets_Per_Second_Slope5,Slope,Temporal / Behaviour,0.0
timestep_4_feature_107,4,107,Avg_Bwd_Packets_Per_Second_Diff1,Difference,Temporal / Behaviour,0.0
timestep_4_feature_108,4,108,Avg_Bwd_Packets_Per_Second_Diff5,Difference,Temporal / Behaviour,0.0
timestep_4_feature_110,4,110,Avg_Bwd_Packets_Per_Second_PctChange5,Percentage Change,Temporal / Behaviour,0.0
timestep_4_feature_74,4,74,Avg_Bytes_Per_Second_Slope5,Slope,Temporal / Behaviour,0.0
timestep_4_feature_75,4,75,Avg_Packets_Per_Second_Diff1,Difference,Temporal / Behaviour,0.0
timestep_4_feature_76,4,76,Avg_Packets_Per_Second_Diff5,Difference,Temporal / Behaviour,0.0
timestep_2_feature_91,2,91,Avg_Packet_Length_Std_Diff1,Difference,Temporal / Behaviour,0.0
timestep_2_feature_93,2,93,Avg_Packet_Length_Std_PctChange1,Percentage Change,Temporal / Behaviour,0.0
timestep_6_feature_33,6,33,Avg_Flow_Duration_ZScore5,Z-Score,Temporal / Behaviour,0.0
timestep_5_feature_153,5,153,Unique_Destination_Ports_ZScore5,Z-Score,Temporal / Behaviour,0.0
timestep_5_feature_154,5,154,Unique_Destination_Ports_Slope5,Slope,Temporal / Behaviour,0.0
timestep_5_feature_158,5,158,ACK_Per_Flow,Base Traffic,Base Traffic,0.0
timestep_5_feature_160,5,160,Bwd_Fwd_Byte_Ratio,Behaviour Ratio,Temporal / Behaviour,0.0
timestep_6_feature_3,6,3,Avg_Fwd_Packets,Base Traffic,Base Traffic,0.0
timestep_6_feature_4,6,4,Avg_Bwd_Packets,Base Traffic,Base Traffic,0.0
timestep_6_feature_6,6,6,Avg_Bwd_Bytes,Base Traffic,Base Traffic,0.0
timestep_6_feature_7,6,7,Avg_Bytes_Per_Second,Base Traffic,Base Traffic,0.0
timestep_6_feature_10,6,10,Avg_Packet_Length_Std,Base Traffic,Base Traffic,0.0
timestep_2_feature_85,2,85,Avg_Packet_Length_PctChange1,Percentage Change,Temporal / Behaviour,0.0
timestep_2_feature_86,2,86,Avg_Packet_Length_PctChange5,Percentage Change,Temporal / Behaviour,0.0
timestep_2_feature_89,2,89,Avg_Packet_Length_ZScore5,Z-Score,Temporal / Behaviour,0.0
timestep_2_feature_90,2,90,Avg_Packet_Length_Slope5,Slope,Temporal / Behaviour,0.0
timestep_6_feature_46,6,46,Avg_Bwd_Packets_PctChange5,Percentage Change,Temporal / Behaviour,0.0
timestep_2_feature_68,2,68,Avg_Bytes_Per_Second_Diff5,Difference,Temporal / Behaviour,0.0
timestep_2_feature_69,2,69,Avg_Bytes_Per_Second_PctChange1,Percentage Change,Temporal / Behaviour,0.0
timestep_6_feature_13,6,13,SYN_Count,Base Traffic,Base Traffic,0.0
timestep_6_feature_14,6,14,RST_Count,Base Traffic,Base Traffic,0.0
timestep_6_feature_17,6,17,Unique_Destination_Ports,Base Traffic,Base Traffic,0.0
timestep_6_feature_18,6,18,Unique_Protocols,Base Traffic,Base Traffic,0.0
timestep_6_feature_19,6,19,Flow_Count_Diff1,Difference,Temporal / Behaviour,0.0
timestep_6_feature_20,6,20,Flow_Count_Diff5,Difference,Temporal / Behaviour,0.0
timestep_6_feature_21,6,21,Flow_Count_PctChange1,Percentage Change,Temporal / Behaviour,0.0
timestep_6_feature_25,6,25,Flow_Count_ZScore5,Z-Score,Temporal / Behaviour,0.0
timestep_6_feature_26,6,26,Flow_Count_Slope5,Slope,Temporal / Behaviour,0.0
timestep_6_feature_27,6,27,Avg_Flow_Duration_Diff1,Difference,Temporal / Behaviour,0.0
timestep_6_feature_29,6,29,Avg_Flow_Duration_PctChange1,Percentage Change,Temporal / Behaviour,0.0
timestep_6_feature_30,6,30,Avg_Flow_Duration_PctChange5,Percentage Change,Temporal / Behaviour,0.0
timestep_2_feature_82,2,82,Avg_Packets_Per_Second_Slope5,Slope,Temporal / Behaviour,0.0
timestep_2_feature_83,2,83,Avg_Packet_Length_Diff1,Difference,Temporal / Behaviour,0.0
timestep_6_feature_49,6,49,Avg_Bwd_Packets_ZScore5,Z-Score,Temporal / Behaviour,0.0
timestep_6_feature_50,6,50,Avg_Bwd_Packets_Slope5,Slope,Temporal / Behaviour,0.0
timestep_6_feature_52,6,52,Avg_Fwd_Bytes_Diff5,Difference,Temporal / Behaviour,0.0
timestep_6_feature_53,6,53,Avg_Fwd_Bytes_PctChange1,Percentage Change,Temporal / Behaviour,0.0
timestep_6_feature_34,6,34,Avg_Flow_Duration_Slope5,Slope,Temporal / Behaviour,0.0
timestep_6_feature_35,6,35,Avg_Fwd_Packets_Diff1,Difference,Temporal / Behaviour,0.0
timestep_6_feature_36,6,36,Avg_Fwd_Packets_Diff5,Difference,Temporal / Behaviour,0.0
timestep_6_feature_38,6,38,Avg_Fwd_Packets_PctChange5,Percentage Change,Temporal / Behaviour,0.0
timestep_5_feature_92,5,92,Avg_Packet_Length_Std_Diff5,Difference,Temporal / Behaviour,0.0
timestep_6_feature_42,6,42,Avg_Fwd_Packets_Slope5,Slope,Temporal / Behaviour,0.0
timestep_6_feature_43,6,43,Avg_Bwd_Packets_Diff1,Difference,Temporal / Behaviour,0.0
timestep_6_feature_44,6,44,Avg_Bwd_Packets_Diff5,Difference,Temporal / Behaviour,0.0
timestep_6_feature_45,6,45,Avg_Bwd_Packets_PctChange1,Percentage Change,Temporal / Behaviour,0.0
timestep_6_feature_62,6,62,Avg_Bwd_Bytes_PctChange5,Percentage Change,Temporal / Behaviour,0.0
timestep_6_feature_63,6,63,Avg_Bwd_Bytes_RollingMean5,Rolling Mean,Temporal / Behaviour,0.0
timestep_6_feature_65,6,65,Avg_Bwd_Bytes_ZScore5,Z-Score,Temporal / Behaviour,0.0
timestep_6_feature_66,6,66,Avg_Bwd_Bytes_Slope5,Slope,Temporal / Behaviour,0.0
timestep_6_feature_67,6,67,Avg_Bytes_Per_Second_Diff1,Difference,Temporal / Behaviour,0.0
timestep_6_feature_68,6,68,Avg_Bytes_Per_Second_Diff5,Difference,Temporal / Behaviour,0.0
timestep_6_feature_69,6,69,Avg_Bytes_Per_Second_PctChange1,Percentage Change,Temporal / Behaviour,0.0
timestep_6_feature_70,6,70,Avg_Bytes_Per_Second_PctChange5,Percentage Change,Temporal / Behaviour,0.0
timestep_2_feature_73,2,73,Avg_Bytes_Per_Second_ZScore5,Z-Score,Temporal / Behaviour,0.0
timestep_2_feature_74,2,74,Avg_Bytes_Per_Second_Slope5,Slope,Temporal / Behaviour,0.0
timestep_2_feature_76,2,76,Avg_Packets_Per_Second_Diff5,Difference,Temporal / Behaviour,0.0
timestep_2_feature_77,2,77,Avg_Packets_Per_Second_PctChange1,Percentage Change,Temporal / Behaviour,0.0
timestep_2_feature_79,2,79,Avg_Packets_Per_Second_RollingMean5,Rolling Mean,Temporal / Behaviour,0.0
timestep_2_feature_81,2,81,Avg_Packets_Per_Second_ZScore5,Z-Score,Temporal / Behaviour,0.0
timestep_4_feature_58,4,58,Avg_Fwd_Bytes_Slope5,Slope,Temporal / Behaviour,0.0
timestep_6_feature_77,6,77,Avg_Packets_Per_Second_PctChange1,Percentage Change,Temporal / Behaviour,0.0
timestep_6_feature_78,6,78,Avg_Packets_Per_Second_PctChange5,Percentage Change,Temporal / Behaviour,0.0
timestep_6_feature_81,6,81,Avg_Packets_Per_Second_ZScore5,Z-Score,Temporal / Behaviour,0.0
timestep_6_feature_82,6,82,Avg_Packets_Per_Second_Slope5,Slope,Temporal / Behaviour,0.0
timestep_6_feature_84,6,84,Avg_Packet_Length_Diff5,Difference,Temporal / Behaviour,0.0
timestep_6_feature_85,6,85,Avg_Packet_Length_PctChange1,Percentage Change,Temporal / Behaviour,0.0
timestep_6_feature_86,6,86,Avg_Packet_Length_PctChange5,Percentage Change,Temporal / Behaviour,0.0
timestep_6_feature_89,6,89,Avg_Packet_Length_ZScore5,Z-Score,Temporal / Behaviour,0.0
timestep_6_feature_90,6,90,Avg_Packet_Length_Slope5,Slope,Temporal / Behaviour,0.0
timestep_6_feature_57,6,57,Avg_Fwd_Bytes_ZScore5,Z-Score,Temporal / Behaviour,0.0
timestep_6_feature_58,6,58,Avg_Fwd_Bytes_Slope5,Slope,Temporal / Behaviour,0.0
timestep_6_feature_59,6,59,Avg_Bwd_Bytes_Diff1,Difference,Temporal / Behaviour,0.0
timestep_6_feature_60,6,60,Avg_Bwd_Bytes_Diff5,Difference,Temporal / Behaviour,0.0
timestep_6_feature_74,6,74,Avg_Bytes_Per_Second_Slope5,Slope,Temporal / Behaviour,0.0
timestep_6_feature_75,6,75,Avg_Packets_Per_Second_Diff1,Difference,Temporal / Behaviour,0.0
timestep_6_feature_76,6,76,Avg_Packets_Per_Second_Diff5,Difference,Temporal / Behaviour,0.0
timestep_4_feature_77,4,77,Avg_Packets_Per_Second_PctChange1,Percentage Change,Temporal / Behaviour,0.0
timestep_4_feature_79,4,79,Avg_Packets_Per_Second_RollingMean5,Rolling Mean,Temporal / Behaviour,0.0
timestep_4_feature_81,4,81,Avg_Packets_Per_Second_ZScore5,Z-Score,Temporal / Behaviour,0.0
timestep_4_feature_82,4,82,Avg_Packets_Per_Second_Slope5,Slope,Temporal / Behaviour,0.0
timestep_4_feature_83,4,83,Avg_Packet_Length_Diff1,Difference,Temporal / Behaviour,0.0
timestep_4_feature_84,4,84,Avg_Packet_Length_Diff5,Difference,Temporal / Behaviour,0.0
timestep_4_feature_85,4,85,Avg_Packet_Length_PctChange1,Percentage Change,Temporal / Behaviour,0.0
timestep_4_feature_86,4,86,Avg_Packet_Length_PctChange5,Percentage Change,Temporal / Behaviour,0.0
timestep_4_feature_88,4,88,Avg_Packet_Length_RollingStd5,Rolling Std,Temporal / Behaviour,0.0
timestep_4_feature_89,4,89,Avg_Packet_Length_ZScore5,Z-Score,Temporal / Behaviour,0.0
timestep_4_feature_91,4,91,Avg_Packet_Length_Std_Diff1,Difference,Temporal / Behaviour,0.0
timestep_4_feature_53,4,53,Avg_Fwd_Bytes_PctChange1,Percentage Change,Temporal / Behaviour,0.0
timestep_6_feature_123,6,123,RST_Count_Diff1,Difference,Temporal / Behaviour,0.0
timestep_6_feature_125,6,125,RST_Count_PctChange1,Percentage Change,Temporal / Behaviour,0.0
timestep_6_feature_127,6,127,RST_Count_RollingMean5,Rolling Mean,Temporal / Behaviour,0.0
timestep_6_feature_91,6,91,Avg_Packet_Length_Std_Diff1,Difference,Temporal / Behaviour,0.0
timestep_6_feature_92,6,92,Avg_Packet_Length_Std_Diff5,Difference,Temporal / Behaviour,0.0
timestep_6_feature_93,6,93,Avg_Packet_Length_Std_PctChange1,Percentage Change,Temporal / Behaviour,0.0
timestep_6_feature_94,6,94,Avg_Packet_Length_Std_PctChange5,Percentage Change,Temporal / Behaviour,0.0
timestep_6_feature_98,6,98,Avg_Packet_Length_Std_Slope5,Slope,Temporal / Behaviour,0.0
timestep_6_feature_99,6,99,Avg_Fwd_Packets_Per_Second_Diff1,Difference,Temporal / Behaviour,0.0
timestep_6_feature_100,6,100,Avg_Fwd_Packets_Per_Second_Diff5,Difference,Temporal / Behaviour,0.0
timestep_6_feature_101,6,101,Avg_Fwd_Packets_Per_Second_PctChange1,Percentage Change,Temporal / Behaviour,0.0
timestep_6_feature_102,6,102,Avg_Fwd_Packets_Per_Second_PctChange5,Percentage Change,Temporal / Behaviour,0.0
timestep_6_feature_105,6,105,Avg_Fwd_Packets_Per_Second_ZScore5,Z-Score,Temporal / Behaviour,0.0
timestep_2_feature_61,2,61,Avg_Bwd_Bytes_PctChange1,Percentage Change,Temporal / Behaviour,0.0
timestep_2_feature_62,2,62,Avg_Bwd_Bytes_PctChange5,Percentage Change,Temporal / Behaviour,0.0
timestep_2_feature_65,2,65,Avg_Bwd_Bytes_ZScore5,Z-Score,Temporal / Behaviour,0.0
timestep_2_feature_66,2,66,Avg_Bwd_Bytes_Slope5,Slope,Temporal / Behaviour,0.0
timestep_2_feature_67,2,67,Avg_Bytes_Per_Second_Diff1,Difference,Temporal / Behaviour,0.0
timestep_6_feature_130,6,130,RST_Count_Slope5,Slope,Temporal / Behaviour,0.0
timestep_6_feature_131,6,131,PSH_Count_Diff1,Difference,Temporal / Behaviour,0.0
timestep_6_feature_107,6,107,Avg_Bwd_Packets_Per_Second_Diff1,Difference,Temporal / Behaviour,0.0
timestep_6_feature_109,6,109,Avg_Bwd_Packets_Per_Second_PctChange1,Percentage Change,Temporal / Behaviour,0.0
timestep_6_feature_110,6,110,Avg_Bwd_Packets_Per_Second_PctChange5,Percentage Change,Temporal / Behaviour,0.0
timestep_6_feature_113,6,113,Avg_Bwd_Packets_Per_Second_ZScore5,Z-Score,Temporal / Behaviour,0.0
timestep_6_feature_114,6,114,Avg_Bwd_Packets_Per_Second_Slope5,Slope,Temporal / Behaviour,0.0
timestep_6_feature_116,6,116,SYN_Count_Diff5,Difference,Temporal / Behaviour,0.0
timestep_6_feature_117,6,117,SYN_Count_PctChange1,Percentage Change,Temporal / Behaviour,0.0
timestep_6_feature_118,6,118,SYN_Count_PctChange5,Percentage Change,Temporal / Behaviour,0.0
timestep_6_feature_121,6,121,SYN_Count_ZScore5,Z-Score,Temporal / Behaviour,0.0
timestep_2_feature_57,2,57,Avg_Fwd_Bytes_ZScore5,Z-Score,Temporal / Behaviour,0.0
timestep_4_feature_59,4,59,Avg_Bwd_Bytes_Diff1,Difference,Temporal / Behaviour,0.0
timestep_4_feature_60,4,60,Avg_Bwd_Bytes_Diff5,Difference,Temporal / Behaviour,0.0
timestep_4_feature_61,4,61,Avg_Bwd_Bytes_PctChange1,Percentage Change,Temporal / Behaviour,0.0
timestep_4_feature_63,4,63,Avg_Bwd_Bytes_RollingMean5,Rolling Mean,Temporal / Behaviour,0.0
timestep_4_feature_66,4,66,Avg_Bwd_Bytes_Slope5,Slope,Temporal / Behaviour,0.0
timestep_4_feature_67,4,67,Avg_Bytes_Per_Second_Diff1,Difference,Temporal / Behaviour,0.0
timestep_4_feature_68,4,68,Avg_Bytes_Per_Second_Diff5,Difference,Temporal / Behaviour,0.0
timestep_4_feature_69,4,69,Avg_Bytes_Per_Second_PctChange1,Percentage Change,Temporal / Behaviour,0.0
timestep_4_feature_70,4,70,Avg_Bytes_Per_Second_PctChange5,Percentage Change,Temporal / Behaviour,0.0
timestep_4_feature_45,4,45,Avg_Bwd_Packets_PctChange1,Percentage Change,Temporal / Behaviour,0.0
timestep_4_feature_46,4,46,Avg_Bwd_Packets_PctChange5,Percentage Change,Temporal / Behaviour,0.0
timestep_2_feature_148,2,148,Unique_Destination_Ports_Diff5,Difference,Temporal / Behaviour,0.0
timestep_2_feature_59,2,59,Avg_Bwd_Bytes_Diff1,Difference,Temporal / Behaviour,0.0
timestep_7_feature_6,7,6,Avg_Bwd_Bytes,Base Traffic,Base Traffic,0.0
timestep_7_feature_11,7,11,Avg_Fwd_Packets_Per_Second,Base Traffic,Base Traffic,0.0
timestep_6_feature_133,6,133,PSH_Count_PctChange1,Percentage Change,Temporal / Behaviour,0.0
timestep_6_feature_134,6,134,PSH_Count_PctChange5,Percentage Change,Temporal / Behaviour,0.0
timestep_6_feature_138,6,138,PSH_Count_Slope5,Slope,Temporal / Behaviour,0.0
timestep_6_feature_139,6,139,ACK_Count_Diff1,Difference,Temporal / Behaviour,0.0
timestep_6_feature_140,6,140,ACK_Count_Diff5,Difference,Temporal / Behaviour,0.0
timestep_6_feature_141,6,141,ACK_Count_PctChange1,Percentage Change,Temporal / Behaviour,0.0
timestep_6_feature_142,6,142,ACK_Count_PctChange5,Percentage Change,Temporal / Behaviour,0.0
timestep_6_feature_145,6,145,ACK_Count_ZScore5,Z-Score,Temporal / Behaviour,0.0
timestep_6_feature_146,6,146,ACK_Count_Slope5,Slope,Temporal / Behaviour,0.0
timestep_6_feature_147,6,147,Unique_Destination_Ports_Diff1,Difference,Temporal / Behaviour,0.0
timestep_6_feature_148,6,148,Unique_Destination_Ports_Diff5,Difference,Temporal / Behaviour,0.0
timestep_6_feature_149,6,149,Unique_Destination_Ports_PctChange1,Percentage Change,Temporal / Behaviour,0.0
timestep_2_feature_53,2,53,Avg_Fwd_Bytes_PctChange1,Percentage Change,Temporal / Behaviour,0.0
timestep_7_feature_21,7,21,Flow_Count_PctChange1,Percentage Change,Temporal / Behaviour,0.0
timestep_7_feature_22,7,22,Flow_Count_PctChange5,Percentage Change,Temporal / Behaviour,0.0
timestep_7_feature_23,7,23,Flow_Count_RollingMean5,Rolling Mean,Temporal / Behaviour,0.0
timestep_7_feature_25,7,25,Flow_Count_ZScore5,Z-Score,Temporal / Behaviour,0.0
timestep_7_feature_27,7,27,Avg_Flow_Duration_Diff1,Difference,Temporal / Behaviour,0.0
timestep_7_feature_28,7,28,Avg_Flow_Duration_Diff5,Difference,Temporal / Behaviour,0.0
timestep_7_feature_29,7,29,Avg_Flow_Duration_PctChange1,Percentage Change,Temporal / Behaviour,0.0
timestep_7_feature_30,7,30,Avg_Flow_Duration_PctChange5,Percentage Change,Temporal / Behaviour,0.0
timestep_6_feature_153,6,153,Unique_Destination_Ports_ZScore5,Z-Score,Temporal / Behaviour,0.0
timestep_6_feature_158,6,158,ACK_Per_Flow,Base Traffic,Base Traffic,0.0
timestep_6_feature_160,6,160,Bwd_Fwd_Byte_Ratio,Behaviour Ratio,Temporal / Behaviour,0.0
timestep_7_feature_4,7,4,Avg_Bwd_Packets,Base Traffic,Base Traffic,0.0
timestep_7_feature_5,7,5,Avg_Fwd_Bytes,Base Traffic,Base Traffic,0.0
timestep_7_feature_13,7,13,SYN_Count,Base Traffic,Base Traffic,0.0
timestep_7_feature_16,7,16,ACK_Count,Base Traffic,Base Traffic,0.0
timestep_7_feature_17,7,17,Unique_Destination_Ports,Base Traffic,Base Traffic,0.0
timestep_2_feature_150,2,150,Unique_Destination_Ports_PctChange5,Percentage Change,Temporal / Behaviour,0.0
timestep_2_feature_153,2,153,Unique_Destination_Ports_ZScore5,Z-Score,Temporal / Behaviour,0.0
timestep_2_feature_154,2,154,Unique_Destination_Ports_Slope5,Slope,Temporal / Behaviour,0.0
timestep_2_feature_158,2,158,ACK_Per_Flow,Base Traffic,Base Traffic,0.0
timestep_4_feature_50,4,50,Avg_Bwd_Packets_Slope5,Slope,Temporal / Behaviour,0.0
timestep_4_feature_28,4,28,Avg_Flow_Duration_Diff5,Difference,Temporal / Behaviour,0.0
timestep_4_feature_29,4,29,Avg_Flow_Duration_PctChange1,Percentage Change,Temporal / Behaviour,0.0
timestep_4_feature_30,4,30,Avg_Flow_Duration_PctChange5,Percentage Change,Temporal / Behaviour,0.0
timestep_7_feature_18,7,18,Unique_Protocols,Base Traffic,Base Traffic,0.0
timestep_7_feature_19,7,19,Flow_Count_Diff1,Difference,Temporal / Behaviour,0.0
timestep_7_feature_20,7,20,Flow_Count_Diff5,Difference,Temporal / Behaviour,0.0
timestep_7_feature_52,7,52,Avg_Fwd_Bytes_Diff5,Difference,Temporal / Behaviour,0.0
timestep_7_feature_53,7,53,Avg_Fwd_Bytes_PctChange1,Percentage Change,Temporal / Behaviour,0.0
timestep_2_feature_36,2,36,Avg_Fwd_Packets_Diff5,Difference,Temporal / Behaviour,0.0
timestep_2_feature_37,2,37,Avg_Fwd_Packets_PctChange1,Percentage Change,Temporal / Behaviour,0.0
timestep_2_feature_38,2,38,Avg_Fwd_Packets_PctChange5,Percentage Change,Temporal / Behaviour,0.0
timestep_2_feature_41,2,41,Avg_Fwd_Packets_ZScore5,Z-Score,Temporal / Behaviour,0.0
timestep_2_feature_42,2,42,Avg_Fwd_Packets_Slope5,Slope,Temporal / Behaviour,0.0
timestep_2_feature_43,2,43,Avg_Bwd_Packets_Diff1,Difference,Temporal / Behaviour,0.0
timestep_2_feature_44,2,44,Avg_Bwd_Packets_Diff5,Difference,Temporal / Behaviour,0.0
timestep_2_feature_46,2,46,Avg_Bwd_Packets_PctChange5,Percentage Change,Temporal / Behaviour,0.0
timestep_2_feature_49,2,49,Avg_Bwd_Packets_ZScore5,Z-Score,Temporal / Behaviour,0.0
timestep_2_feature_50,2,50,Avg_Bwd_Packets_Slope5,Slope,Temporal / Behaviour,0.0
timestep_2_feature_51,2,51,Avg_Fwd_Bytes_Diff1,Difference,Temporal / Behaviour,0.0
timestep_7_feature_34,7,34,Avg_Flow_Duration_Slope5,Slope,Temporal / Behaviour,0.0
timestep_7_feature_67,7,67,Avg_Bytes_Per_Second_Diff1,Difference,Temporal / Behaviour,0.0
timestep_7_feature_68,7,68,Avg_Bytes_Per_Second_Diff5,Difference,Temporal / Behaviour,0.0
timestep_7_feature_70,7,70,Avg_Bytes_Per_Second_PctChange5,Percentage Change,Temporal / Behaviour,0.0
timestep_7_feature_73,7,73,Avg_Bytes_Per_Second_ZScore5,Z-Score,Temporal / Behaviour,0.0
timestep_7_feature_35,7,35,Avg_Fwd_Packets_Diff1,Difference,Temporal / Behaviour,0.0
timestep_7_feature_36,7,36,Avg_Fwd_Packets_Diff5,Difference,Temporal / Behaviour,0.0
timestep_7_feature_37,7,37,Avg_Fwd_Packets_PctChange1,Percentage Change,Temporal / Behaviour,0.0
timestep_7_feature_38,7,38,Avg_Fwd_Packets_PctChange5,Percentage Change,Temporal / Behaviour,0.0
timestep_7_feature_41,7,41,Avg_Fwd_Packets_ZScore5,Z-Score,Temporal / Behaviour,0.0
timestep_7_feature_43,7,43,Avg_Bwd_Packets_Diff1,Difference,Temporal / Behaviour,0.0
timestep_7_feature_44,7,44,Avg_Bwd_Packets_Diff5,Difference,Temporal / Behaviour,0.0
timestep_7_feature_45,7,45,Avg_Bwd_Packets_PctChange1,Percentage Change,Temporal / Behaviour,0.0
timestep_7_feature_46,7,46,Avg_Bwd_Packets_PctChange5,Percentage Change,Temporal / Behaviour,0.0
timestep_7_feature_49,7,49,Avg_Bwd_Packets_ZScore5,Z-Score,Temporal / Behaviour,0.0
timestep_7_feature_50,7,50,Avg_Bwd_Packets_Slope5,Slope,Temporal / Behaviour,0.0
timestep_7_feature_51,7,51,Avg_Fwd_Bytes_Diff1,Difference,Temporal / Behaviour,0.0
timestep_7_feature_79,7,79,Avg_Packets_Per_Second_RollingMean5,Rolling Mean,Temporal / Behaviour,0.0
timestep_7_feature_81,7,81,Avg_Packets_Per_Second_ZScore5,Z-Score,Temporal / Behaviour,0.0
timestep_7_feature_82,7,82,Avg_Packets_Per_Second_Slope5,Slope,Temporal / Behaviour,0.0
timestep_7_feature_84,7,84,Avg_Packet_Length_Diff5,Difference,Temporal / Behaviour,0.0
timestep_7_feature_86,7,86,Avg_Packet_Length_PctChange5,Percentage Change,Temporal / Behaviour,0.0
timestep_7_feature_89,7,89,Avg_Packet_Length_ZScore5,Z-Score,Temporal / Behaviour,0.0
timestep_7_feature_90,7,90,Avg_Packet_Length_Slope5,Slope,Temporal / Behaviour,0.0
timestep_7_feature_91,7,91,Avg_Packet_Length_Std_Diff1,Difference,Temporal / Behaviour,0.0
timestep_7_feature_57,7,57,Avg_Fwd_Bytes_ZScore5,Z-Score,Temporal / Behaviour,0.0
timestep_7_feature_58,7,58,Avg_Fwd_Bytes_Slope5,Slope,Temporal / Behaviour,0.0
timestep_7_feature_59,7,59,Avg_Bwd_Bytes_Diff1,Difference,Temporal / Behaviour,0.0
timestep_7_feature_60,7,60,Avg_Bwd_Bytes_Diff5,Difference,Temporal / Behaviour,0.0
timestep_7_feature_61,7,61,Avg_Bwd_Bytes_PctChange1,Percentage Change,Temporal / Behaviour,0.0
timestep_7_feature_62,7,62,Avg_Bwd_Bytes_PctChange5,Percentage Change,Temporal / Behaviour,0.0
timestep_7_feature_65,7,65,Avg_Bwd_Bytes_ZScore5,Z-Score,Temporal / Behaviour,0.0
timestep_7_feature_66,7,66,Avg_Bwd_Bytes_Slope5,Slope,Temporal / Behaviour,0.0
timestep_7_feature_75,7,75,Avg_Packets_Per_Second_Diff1,Difference,Temporal / Behaviour,0.0
timestep_7_feature_76,7,76,Avg_Packets_Per_Second_Diff5,Difference,Temporal / Behaviour,0.0
timestep_7_feature_77,7,77,Avg_Packets_Per_Second_PctChange1,Percentage Change,Temporal / Behaviour,0.0
timestep_4_feature_33,4,33,Avg_Flow_Duration_ZScore5,Z-Score,Temporal / Behaviour,0.0
timestep_4_feature_34,4,34,Avg_Flow_Duration_Slope5,Slope,Temporal / Behaviour,0.0
timestep_4_feature_35,4,35,Avg_Fwd_Packets_Diff1,Difference,Temporal / Behaviour,0.0
timestep_4_feature_36,4,36,Avg_Fwd_Packets_Diff5,Difference,Temporal / Behaviour,0.0
timestep_4_feature_37,4,37,Avg_Fwd_Packets_PctChange1,Percentage Change,Temporal / Behaviour,0.0
timestep_4_feature_38,4,38,Avg_Fwd_Packets_PctChange5,Percentage Change,Temporal / Behaviour,0.0
timestep_4_feature_42,4,42,Avg_Fwd_Packets_Slope5,Slope,Temporal / Behaviour,0.0
timestep_4_feature_43,4,43,Avg_Bwd_Packets_Diff1,Difference,Temporal / Behaviour,0.0
timestep_4_feature_8,4,8,Avg_Packets_Per_Second,Base Traffic,Base Traffic,0.0
timestep_4_feature_9,4,9,Avg_Packet_Length,Base Traffic,Base Traffic,0.0
timestep_4_feature_11,4,11,Avg_Fwd_Packets_Per_Second,Base Traffic,Base Traffic,0.0
timestep_7_feature_78,7,78,Avg_Packets_Per_Second_PctChange5,Percentage Change,Temporal / Behaviour,0.0
timestep_2_feature_35,2,35,Avg_Fwd_Packets_Diff1,Difference,Temporal / Behaviour,0.0
timestep_7_feature_113,7,113,Avg_Bwd_Packets_Per_Second_ZScore5,Z-Score,Temporal / Behaviour,0.0
timestep_7_feature_92,7,92,Avg_Packet_Length_Std_Diff5,Difference,Temporal / Behaviour,0.0
timestep_7_feature_93,7,93,Avg_Packet_Length_Std_PctChange1,Percentage Change,Temporal / Behaviour,0.0
timestep_7_feature_97,7,97,Avg_Packet_Length_Std_ZScore5,Z-Score,Temporal / Behaviour,0.0
timestep_7_feature_98,7,98,Avg_Packet_Length_Std_Slope5,Slope,Temporal / Behaviour,0.0
timestep_7_feature_99,7,99,Avg_Fwd_Packets_Per_Second_Diff1,Difference,Temporal / Behaviour,0.0
timestep_7_feature_100,7,100,Avg_Fwd_Packets_Per_Second_Diff5,Difference,Temporal / Behaviour,0.0
timestep_7_feature_101,7,101,Avg_Fwd_Packets_Per_Second_PctChange1,Percentage Change,Temporal / Behaviour,0.0
timestep_7_feature_102,7,102,Avg_Fwd_Packets_Per_Second_PctChange5,Percentage Change,Temporal / Behaviour,0.0
timestep_7_feature_103,7,103,Avg_Fwd_Packets_Per_Second_RollingMean5,Rolling Mean,Temporal / Behaviour,0.0
timestep_7_feature_106,7,106,Avg_Fwd_Packets_Per_Second_Slope5,Slope,Temporal / Behaviour,0.0
timestep_7_feature_107,7,107,Avg_Bwd_Packets_Per_Second_Diff1,Difference,Temporal / Behaviour,0.0
timestep_7_feature_109,7,109,Avg_Bwd_Packets_Per_Second_PctChange1,Percentage Change,Temporal / Behaviour,0.0
timestep_7_feature_74,7,74,Avg_Bytes_Per_Second_Slope5,Slope,Temporal / Behaviour,0.0
timestep_7_feature_125,7,125,RST_Count_PctChange1,Percentage Change,Temporal / Behaviour,0.0
timestep_7_feature_127,7,127,RST_Count_RollingMean5,Rolling Mean,Temporal / Behaviour,0.0
timestep_7_feature_129,7,129,RST_Count_ZScore5,Z-Score,Temporal / Behaviour,0.0
timestep_7_feature_131,7,131,PSH_Count_Diff1,Difference,Temporal / Behaviour,0.0
timestep_7_feature_110,7,110,Avg_Bwd_Packets_Per_Second_PctChange5,Percentage Change,Temporal / Behaviour,0.0
timestep_2_feature_20,2,20,Flow_Count_Diff5,Difference,Temporal / Behaviour,0.0
timestep_2_feature_21,2,21,Flow_Count_PctChange1,Percentage Change,Temporal / Behaviour,0.0
timestep_2_feature_22,2,22,Flow_Count_PctChange5,Percentage Change,Temporal / Behaviour,0.0
timestep_2_feature_26,2,26,Flow_Count_Slope5,Slope,Temporal / Behaviour,0.0
timestep_2_feature_27,2,27,Avg_Flow_Duration_Diff1,Difference,Temporal / Behaviour,0.0
timestep_2_feature_28,2,28,Avg_Flow_Duration_Diff5,Difference,Temporal / Behaviour,0.0
timestep_2_feature_29,2,29,Avg_Flow_Duration_PctChange1,Percentage Change,Temporal / Behaviour,0.0
timestep_2_feature_30,2,30,Avg_Flow_Duration_PctChange5,Percentage Change,Temporal / Behaviour,0.0
timestep_2_feature_33,2,33,Avg_Flow_Duration_ZScore5,Z-Score,Temporal / Behaviour,0.0
timestep_2_feature_34,2,34,Avg_Flow_Duration_Slope5,Slope,Temporal / Behaviour,0.0
timestep_7_feature_139,7,139,ACK_Count_Diff1,Difference,Temporal / Behaviour,0.0
timestep_7_feature_140,7,140,ACK_Count_Diff5,Difference,Temporal / Behaviour,0.0
timestep_7_feature_141,7,141,ACK_Count_PctChange1,Percentage Change,Temporal / Behaviour,0.0
timestep_7_feature_142,7,142,ACK_Count_PctChange5,Percentage Change,Temporal / Behaviour,0.0
timestep_7_feature_144,7,144,ACK_Count_RollingStd5,Rolling Std,Temporal / Behaviour,0.0
timestep_7_feature_146,7,146,ACK_Count_Slope5,Slope,Temporal / Behaviour,0.0
timestep_7_feature_147,7,147,Unique_Destination_Ports_Diff1,Difference,Temporal / Behaviour,0.0
timestep_7_feature_150,7,150,Unique_Destination_Ports_PctChange5,Percentage Change,Temporal / Behaviour,0.0
timestep_7_feature_114,7,114,Avg_Bwd_Packets_Per_Second_Slope5,Slope,Temporal / Behaviour,0.0
timestep_1_feature_8,1,8,Avg_Packets_Per_Second,Base Traffic,Base Traffic,0.0
timestep_7_feature_116,7,116,SYN_Count_Diff5,Difference,Temporal / Behaviour,0.0
timestep_7_feature_117,7,117,SYN_Count_PctChange1,Percentage Change,Temporal / Behaviour,0.0
timestep_7_feature_118,7,118,SYN_Count_PctChange5,Percentage Change,Temporal / Behaviour,0.0
timestep_7_feature_121,7,121,SYN_Count_ZScore5,Z-Score,Temporal / Behaviour,0.0
timestep_7_feature_122,7,122,SYN_Count_Slope5,Slope,Temporal / Behaviour,0.0
timestep_7_feature_123,7,123,RST_Count_Diff1,Difference,Temporal / Behaviour,0.0
timestep_7_feature_134,7,134,PSH_Count_PctChange5,Percentage Change,Temporal / Behaviour,0.0
timestep_1_feature_9,1,9,Avg_Packet_Length,Base Traffic,Base Traffic,0.0
timestep_7_feature_137,7,137,PSH_Count_ZScore5,Z-Score,Temporal / Behaviour,0.0
timestep_4_feature_13,4,13,SYN_Count,Base Traffic,Base Traffic,0.0
timestep_4_feature_16,4,16,ACK_Count,Base Traffic,Base Traffic,0.0
timestep_4_feature_17,4,17,Unique_Destination_Ports,Base Traffic,Base Traffic,0.0
timestep_4_feature_18,4,18,Unique_Protocols,Base Traffic,Base Traffic,0.0
timestep_4_feature_19,4,19,Flow_Count_Diff1,Difference,Temporal / Behaviour,0.0
timestep_4_feature_20,4,20,Flow_Count_Diff5,Difference,Temporal / Behaviour,0.0
timestep_4_feature_21,4,21,Flow_Count_PctChange1,Percentage Change,Temporal / Behaviour,0.0
timestep_4_feature_22,4,22,Flow_Count_PctChange5,Percentage Change,Temporal / Behaviour,0.0
timestep_4_feature_24,4,24,Flow_Count_RollingStd5,Rolling Std,Temporal / Behaviour,0.0
timestep_4_feature_26,4,26,Flow_Count_Slope5,Slope,Temporal / Behaviour,0.0
timestep_3_feature_153,3,153,Unique_Destination_Ports_ZScore5,Z-Score,Temporal / Behaviour,0.0
timestep_3_feature_154,3,154,Unique_Destination_Ports_Slope5,Slope,Temporal / Behaviour,0.0
timestep_7_feature_138,7,138,PSH_Count_Slope5,Slope,Temporal / Behaviour,0.0
timestep_1_feature_35,1,35,Avg_Fwd_Packets_Diff1,Difference,Temporal / Behaviour,0.0
timestep_2_feature_17,2,17,Unique_Destination_Ports,Base Traffic,Base Traffic,0.0
timestep_2_feature_18,2,18,Unique_Protocols,Base Traffic,Base Traffic,0.0
timestep_2_feature_19,2,19,Flow_Count_Diff1,Difference,Temporal / Behaviour,0.0
timestep_7_feature_153,7,153,Unique_Destination_Ports_ZScore5,Z-Score,Temporal / Behaviour,0.0
timestep_7_feature_154,7,154,Unique_Destination_Ports_Slope5,Slope,Temporal / Behaviour,0.0
timestep_7_feature_158,7,158,ACK_Per_Flow,Base Traffic,Base Traffic,0.0
timestep_7_feature_160,7,160,Bwd_Fwd_Byte_Ratio,Behaviour Ratio,Temporal / Behaviour,0.0
timestep_1_feature_34,1,34,Avg_Flow_Duration_Slope5,Slope,Temporal / Behaviour,0.0
timestep_1_feature_33,1,33,Avg_Flow_Duration_ZScore5,Z-Score,Temporal / Behaviour,0.0
timestep_8_feature_4,8,4,Avg_Bwd_Packets,Base Traffic,Base Traffic,0.0
timestep_1_feature_30,1,30,Avg_Flow_Duration_PctChange5,Percentage Change,Temporal / Behaviour,0.0
timestep_8_feature_7,8,7,Avg_Bytes_Per_Second,Base Traffic,Base Traffic,0.0
timestep_1_feature_29,1,29,Avg_Flow_Duration_PctChange1,Percentage Change,Temporal / Behaviour,0.0
timestep_8_feature_11,8,11,Avg_Fwd_Packets_Per_Second,Base Traffic,Base Traffic,0.0
timestep_1_feature_28,1,28,Avg_Flow_Duration_Diff5,Difference,Temporal / Behaviour,0.0
timestep_8_feature_27,8,27,Avg_Flow_Duration_Diff1,Difference,Temporal / Behaviour,0.0
timestep_8_feature_28,8,28,Avg_Flow_Duration_Diff5,Difference,Temporal / Behaviour,0.0
timestep_8_feature_29,8,29,Avg_Flow_Duration_PctChange1,Percentage Change,Temporal / Behaviour,0.0
timestep_8_feature_30,8,30,Avg_Flow_Duration_PctChange5,Percentage Change,Temporal / Behaviour,0.0
timestep_1_feature_27,1,27,Avg_Flow_Duration_Diff1,Difference,Temporal / Behaviour,0.0
timestep_8_feature_33,8,33,Avg_Flow_Duration_ZScore5,Z-Score,Temporal / Behaviour,0.0
timestep_8_feature_34,8,34,Avg_Flow_Duration_Slope5,Slope,Temporal / Behaviour,0.0
timestep_8_feature_35,8,35,Avg_Fwd_Packets_Diff1,Difference,Temporal / Behaviour,0.0
timestep_8_feature_36,8,36,Avg_Fwd_Packets_Diff5,Difference,Temporal / Behaviour,0.0
timestep_2_feature_4,2,4,Avg_Bwd_Packets,Base Traffic,Base Traffic,0.0
timestep_2_feature_5,2,5,Avg_Fwd_Bytes,Base Traffic,Base Traffic,0.0
timestep_2_feature_6,2,6,Avg_Bwd_Bytes,Base Traffic,Base Traffic,0.0
timestep_2_feature_7,2,7,Avg_Bytes_Per_Second,Base Traffic,Base Traffic,0.0
timestep_1_feature_26,1,26,Flow_Count_Slope5,Slope,Temporal / Behaviour,0.0
timestep_2_feature_10,2,10,Avg_Packet_Length_Std,Base Traffic,Base Traffic,0.0
timestep_2_feature_11,2,11,Avg_Fwd_Packets_Per_Second,Base Traffic,Base Traffic,0.0
timestep_8_feature_44,8,44,Avg_Bwd_Packets_Diff5,Difference,Temporal / Behaviour,0.0
timestep_8_feature_45,8,45,Avg_Bwd_Packets_PctChange1,Percentage Change,Temporal / Behaviour,0.0
timestep_8_feature_46,8,46,Avg_Bwd_Packets_PctChange5,Percentage Change,Temporal / Behaviour,0.0
timestep_8_feature_49,8,49,Avg_Bwd_Packets_ZScore5,Z-Score,Temporal / Behaviour,0.0
timestep_8_feature_50,8,50,Avg_Bwd_Packets_Slope5,Slope,Temporal / Behaviour,0.0
timestep_1_feature_13,1,13,SYN_Count,Base Traffic,Base Traffic,0.0
timestep_8_feature_53,8,53,Avg_Fwd_Bytes_PctChange1,Percentage Change,Temporal / Behaviour,0.0
timestep_8_feature_57,8,57,Avg_Fwd_Bytes_ZScore5,Z-Score,Temporal / Behaviour,0.0
timestep_1_feature_14,1,14,RST_Count,Base Traffic,Base Traffic,0.0
timestep_8_feature_17,8,17,Unique_Destination_Ports,Base Traffic,Base Traffic,0.0
timestep_8_feature_18,8,18,Unique_Protocols,Base Traffic,Base Traffic,0.0
timestep_8_feature_19,8,19,Flow_Count_Diff1,Difference,Temporal / Behaviour,0.0
timestep_8_feature_20,8,20,Flow_Count_Diff5,Difference,Temporal / Behaviour,0.0
timestep_1_feature_16,1,16,ACK_Count,Base Traffic,Base Traffic,0.0
timestep_8_feature_22,8,22,Flow_Count_PctChange5,Percentage Change,Temporal / Behaviour,0.0
timestep_8_feature_26,8,26,Flow_Count_Slope5,Slope,Temporal / Behaviour,0.0
timestep_8_feature_37,8,37,Avg_Fwd_Packets_PctChange1,Percentage Change,Temporal / Behaviour,0.0
timestep_8_feature_38,8,38,Avg_Fwd_Packets_PctChange5,Percentage Change,Temporal / Behaviour,0.0
timestep_10_feature_130,10,130,RST_Count_Slope5,Slope,Temporal / Behaviour,0.0
timestep_3_feature_158,3,158,ACK_Per_Flow,Base Traffic,Base Traffic,0.0
timestep_3_feature_160,3,160,Bwd_Fwd_Byte_Ratio,Behaviour Ratio,Temporal / Behaviour,0.0
timestep_4_feature_1,4,1,Flow_Count,Base Traffic,Base Traffic,0.0
timestep_4_feature_3,4,3,Avg_Fwd_Packets,Base Traffic,Base Traffic,0.0
timestep_4_feature_4,4,4,Avg_Bwd_Packets,Base Traffic,Base Traffic,0.0
timestep_4_feature_5,4,5,Avg_Fwd_Bytes,Base Traffic,Base Traffic,0.0
timestep_4_feature_6,4,6,Avg_Bwd_Bytes,Base Traffic,Base Traffic,0.0
timestep_4_feature_7,4,7,Avg_Bytes_Per_Second,Base Traffic,Base Traffic,0.0
timestep_3_feature_3,3,3,Avg_Fwd_Packets,Base Traffic,Base Traffic,0.0
timestep_3_feature_6,3,6,Avg_Bwd_Bytes,Base Traffic,Base Traffic,0.0
timestep_3_feature_7,3,7,Avg_Bytes_Per_Second,Base Traffic,Base Traffic,0.0
timestep_8_feature_42,8,42,Avg_Fwd_Packets_Slope5,Slope,Temporal / Behaviour,0.0
timestep_8_feature_43,8,43,Avg_Bwd_Packets_Diff1,Difference,Temporal / Behaviour,0.0
timestep_8_feature_88,8,88,Avg_Packet_Length_RollingStd5,Rolling Std,Temporal / Behaviour,0.0
timestep_8_feature_89,8,89,Avg_Packet_Length_ZScore5,Z-Score,Temporal / Behaviour,0.0
timestep_8_feature_90,8,90,Avg_Packet_Length_Slope5,Slope,Temporal / Behaviour,0.0
timestep_8_feature_91,8,91,Avg_Packet_Length_Std_Diff1,Difference,Temporal / Behaviour,0.0
timestep_8_feature_59,8,59,Avg_Bwd_Bytes_Diff1,Difference,Temporal / Behaviour,0.0
timestep_8_feature_60,8,60,Avg_Bwd_Bytes_Diff5,Difference,Temporal / Behaviour,0.0
timestep_8_feature_62,8,62,Avg_Bwd_Bytes_PctChange5,Percentage Change,Temporal / Behaviour,0.0
timestep_10_feature_131,10,131,PSH_Count_Diff1,Difference,Temporal / Behaviour,0.0
timestep_8_feature_65,8,65,Avg_Bwd_Bytes_ZScore5,Z-Score,Temporal / Behaviour,0.0
timestep_8_feature_66,8,66,Avg_Bwd_Bytes_Slope5,Slope,Temporal / Behaviour,0.0
timestep_8_feature_68,8,68,Avg_Bytes_Per_Second_Diff5,Difference,Temporal / Behaviour,0.0
timestep_8_feature_69,8,69,Avg_Bytes_Per_Second_PctChange1,Percentage Change,Temporal / Behaviour,0.0
timestep_8_feature_70,8,70,Avg_Bytes_Per_Second_PctChange5,Percentage Change,Temporal / Behaviour,0.0
timestep_8_feature_73,8,73,Avg_Bytes_Per_Second_ZScore5,Z-Score,Temporal / Behaviour,0.0
timestep_8_feature_74,8,74,Avg_Bytes_Per_Second_Slope5,Slope,Temporal / Behaviour,0.0
timestep_8_feature_75,8,75,Avg_Packets_Per_Second_Diff1,Difference,Temporal / Behaviour,0.0
timestep_3_feature_8,3,8,Avg_Packets_Per_Second,Base Traffic,Base Traffic,0.0
timestep_3_feature_9,3,9,Avg_Packet_Length,Base Traffic,Base Traffic,0.0
timestep_3_feature_11,3,11,Avg_Fwd_Packets_Per_Second,Base Traffic,Base Traffic,0.0
timestep_10_feature_139,10,139,ACK_Count_Diff1,Difference,Temporal / Behaviour,0.0
timestep_1_feature_3,1,3,Avg_Fwd_Packets,Base Traffic,Base Traffic,0.0
timestep_3_feature_18,3,18,Unique_Protocols,Base Traffic,Base Traffic,0.0
timestep_1_feature_1,1,1,Flow_Count,Base Traffic,Base Traffic,0.0
timestep_3_feature_149,3,149,Unique_Destination_Ports_PctChange1,Percentage Change,Temporal / Behaviour,0.0
timestep_3_feature_150,3,150,Unique_Destination_Ports_PctChange5,Percentage Change,Temporal / Behaviour,0.0
timestep_3_feature_131,3,131,PSH_Count_Diff1,Difference,Temporal / Behaviour,0.0
timestep_3_feature_133,3,133,PSH_Count_PctChange1,Percentage Change,Temporal / Behaviour,0.0
timestep_8_feature_82,8,82,Avg_Packets_Per_Second_Slope5,Slope,Temporal / Behaviour,0.0
timestep_8_feature_83,8,83,Avg_Packet_Length_Diff1,Difference,Temporal / Behaviour,0.0
timestep_8_feature_84,8,84,Avg_Packet_Length_Diff5,Difference,Temporal / Behaviour,0.0
timestep_10_feature_160,10,160,Bwd_Fwd_Byte_Ratio,Behaviour Ratio,Temporal / Behaviour,0.0
timestep_8_feature_86,8,86,Avg_Packet_Length_PctChange5,Percentage Change,Temporal / Behaviour,0.0
timestep_8_feature_114,8,114,Avg_Bwd_Packets_Per_Second_Slope5,Slope,Temporal / Behaviour,0.0
timestep_8_feature_115,8,115,SYN_Count_Diff1,Difference,Temporal / Behaviour,0.0
timestep_8_feature_116,8,116,SYN_Count_Diff5,Difference,Temporal / Behaviour,0.0
timestep_8_feature_117,8,117,SYN_Count_PctChange1,Percentage Change,Temporal / Behaviour,0.0
timestep_8_feature_93,8,93,Avg_Packet_Length_Std_PctChange1,Percentage Change,Temporal / Behaviour,0.0
timestep_1_feature_11,1,11,Avg_Fwd_Packets_Per_Second,Base Traffic,Base Traffic,0.0
timestep_1_feature_154,1,154,Unique_Destination_Ports_Slope5,Slope,Temporal / Behaviour,0.0
timestep_1_feature_158,1,158,ACK_Per_Flow,Base Traffic,Base Traffic,0.0
timestep_1_feature_160,1,160,Bwd_Fwd_Byte_Ratio,Behaviour Ratio,Temporal / Behaviour,0.0
timestep_2_feature_2,2,2,Avg_Flow_Duration,Base Traffic,Base Traffic,0.0
timestep_2_feature_3,2,3,Avg_Fwd_Packets,Base Traffic,Base Traffic,0.0
timestep_8_feature_94,8,94,Avg_Packet_Length_Std_PctChange5,Percentage Change,Temporal / Behaviour,0.0
timestep_8_feature_97,8,97,Avg_Packet_Length_Std_ZScore5,Z-Score,Temporal / Behaviour,0.0
timestep_8_feature_76,8,76,Avg_Packets_Per_Second_Diff5,Difference,Temporal / Behaviour,0.0
timestep_8_feature_78,8,78,Avg_Packets_Per_Second_PctChange5,Percentage Change,Temporal / Behaviour,0.0
timestep_8_feature_79,8,79,Avg_Packets_Per_Second_RollingMean5,Rolling Mean,Temporal / Behaviour,0.0
timestep_10_feature_97,10,97,Avg_Packet_Length_Std_ZScore5,Z-Score,Temporal / Behaviour,0.0
timestep_8_feature_105,8,105,Avg_Fwd_Packets_Per_Second_ZScore5,Z-Score,Temporal / Behaviour,0.0
timestep_10_feature_98,10,98,Avg_Packet_Length_Std_Slope5,Slope,Temporal / Behaviour,0.0
timestep_3_feature_137,3,137,PSH_Count_ZScore5,Z-Score,Temporal / Behaviour,0.0
timestep_3_feature_138,3,138,PSH_Count_Slope5,Slope,Temporal / Behaviour,0.0
timestep_3_feature_139,3,139,ACK_Count_Diff1,Difference,Temporal / Behaviour,0.0
timestep_3_feature_140,3,140,ACK_Count_Diff5,Difference,Temporal / Behaviour,0.0
timestep_3_feature_141,3,141,ACK_Count_PctChange1,Percentage Change,Temporal / Behaviour,0.0
timestep_3_feature_142,3,142,ACK_Count_PctChange5,Percentage Change,Temporal / Behaviour,0.0
timestep_3_feature_146,3,146,ACK_Count_Slope5,Slope,Temporal / Behaviour,0.0
timestep_3_feature_109,3,109,Avg_Bwd_Packets_Per_Second_PctChange1,Percentage Change,Temporal / Behaviour,0.0
timestep_8_feature_106,8,106,Avg_Fwd_Packets_Per_Second_Slope5,Slope,Temporal / Behaviour,0.0
timestep_8_feature_107,8,107,Avg_Bwd_Packets_Per_Second_Diff1,Difference,Temporal / Behaviour,0.0
timestep_8_feature_109,8,109,Avg_Bwd_Packets_Per_Second_PctChange1,Percentage Change,Temporal / Behaviour,0.0
timestep_10_feature_99,10,99,Avg_Fwd_Packets_Per_Second_Diff1,Difference,Temporal / Behaviour,0.0
timestep_8_feature_113,8,113,Avg_Bwd_Packets_Per_Second_ZScore5,Z-Score,Temporal / Behaviour,0.0
timestep_1_feature_145,1,145,ACK_Count_ZScore5,Z-Score,Temporal / Behaviour,0.0
timestep_1_feature_146,1,146,ACK_Count_Slope5,Slope,Temporal / Behaviour,0.0
timestep_1_feature_147,1,147,Unique_Destination_Ports_Diff1,Difference,Temporal / Behaviour,0.0
timestep_8_feature_142,8,142,ACK_Count_PctChange5,Percentage Change,Temporal / Behaviour,0.0
timestep_8_feature_144,8,144,ACK_Count_RollingStd5,Rolling Std,Temporal / Behaviour,0.0
timestep_8_feature_121,8,121,SYN_Count_ZScore5,Z-Score,Temporal / Behaviour,0.0
timestep_8_feature_122,8,122,SYN_Count_Slope5,Slope,Temporal / Behaviour,0.0
timestep_8_feature_123,8,123,RST_Count_Diff1,Difference,Temporal / Behaviour,0.0
timestep_8_feature_125,8,125,RST_Count_PctChange1,Percentage Change,Temporal / Behaviour,0.0
timestep_8_feature_133,8,133,PSH_Count_PctChange1,Percentage Change,Temporal / Behaviour,0.0
timestep_10_feature_100,10,100,Avg_Fwd_Packets_Per_Second_Diff5,Difference,Temporal / Behaviour,0.0
timestep_8_feature_137,8,137,PSH_Count_ZScore5,Z-Score,Temporal / Behaviour,0.0
timestep_8_feature_138,8,138,PSH_Count_Slope5,Slope,Temporal / Behaviour,0.0
timestep_8_feature_139,8,139,ACK_Count_Diff1,Difference,Temporal / Behaviour,0.0
timestep_8_feature_101,8,101,Avg_Fwd_Packets_Per_Second_PctChange1,Percentage Change,Temporal / Behaviour,0.0
timestep_8_feature_102,8,102,Avg_Fwd_Packets_Per_Second_PctChange5,Percentage Change,Temporal / Behaviour,0.0
timestep_1_feature_134,1,134,PSH_Count_PctChange5,Percentage Change,Temporal / Behaviour,0.0
timestep_3_feature_113,3,113,Avg_Bwd_Packets_Per_Second_ZScore5,Z-Score,Temporal / Behaviour,0.0
timestep_3_feature_114,3,114,Avg_Bwd_Packets_Per_Second_Slope5,Slope,Temporal / Behaviour,0.0
timestep_3_feature_116,3,116,SYN_Count_Diff5,Difference,Temporal / Behaviour,0.0
timestep_4_feature_121,4,121,SYN_Count_ZScore5,Z-Score,Temporal / Behaviour,0.0
timestep_5_feature_4,5,4,Avg_Bwd_Packets,Base Traffic,Base Traffic,0.0
timestep_3_feature_123,3,123,RST_Count_Diff1,Difference,Temporal / Behaviour,0.0
timestep_3_feature_125,3,125,RST_Count_PctChange1,Percentage Change,Temporal / Behaviour,0.0
timestep_3_feature_127,3,127,RST_Count_RollingMean5,Rolling Mean,Temporal / Behaviour,0.0
timestep_3_feature_90,3,90,Avg_Packet_Length_Slope5,Slope,Temporal / Behaviour,0.0
timestep_3_feature_91,3,91,Avg_Packet_Length_Std_Diff1,Difference,Temporal / Behaviour,0.0
timestep_3_feature_93,3,93,Avg_Packet_Length_Std_PctChange1,Percentage Change,Temporal / Behaviour,0.0
timestep_1_feature_137,1,137,PSH_Count_ZScore5,Z-Score,Temporal / Behaviour,0.0
timestep_1_feature_138,1,138,PSH_Count_Slope5,Slope,Temporal / Behaviour,0.0
timestep_1_feature_141,1,141,ACK_Count_PctChange1,Percentage Change,Temporal / Behaviour,0.0
timestep_1_feature_142,1,142,ACK_Count_PctChange5,Percentage Change,Temporal / Behaviour,0.0
timestep_1_feature_130,1,130,RST_Count_Slope5,Slope,Temporal / Behaviour,0.0
timestep_1_feature_131,1,131,PSH_Count_Diff1,Difference,Temporal / Behaviour,0.0
timestep_5_feature_5,5,5,Avg_Fwd_Bytes,Base Traffic,Base Traffic,0.0
timestep_8_feature_145,8,145,ACK_Count_ZScore5,Z-Score,Temporal / Behaviour,0.0
timestep_8_feature_146,8,146,ACK_Count_Slope5,Slope,Temporal / Behaviour,0.0
timestep_8_feature_147,8,147,Unique_Destination_Ports_Diff1,Difference,Temporal / Behaviour,0.0
timestep_8_feature_148,8,148,Unique_Destination_Ports_Diff5,Difference,Temporal / Behaviour,0.0
timestep_8_feature_150,8,150,Unique_Destination_Ports_PctChange5,Percentage Change,Temporal / Behaviour,0.0
timestep_8_feature_153,8,153,Unique_Destination_Ports_ZScore5,Z-Score,Temporal / Behaviour,0.0
timestep_8_feature_154,8,154,Unique_Destination_Ports_Slope5,Slope,Temporal / Behaviour,0.0
timestep_8_feature_160,8,160,Bwd_Fwd_Byte_Ratio,Behaviour Ratio,Temporal / Behaviour,0.0
timestep_9_feature_4,9,4,Avg_Bwd_Packets,Base Traffic,Base Traffic,0.0
timestep_9_feature_6,9,6,Avg_Bwd_Bytes,Base Traffic,Base Traffic,0.0
timestep_8_feature_140,8,140,ACK_Count_Diff5,Difference,Temporal / Behaviour,0.0
timestep_8_feature_141,8,141,ACK_Count_PctChange1,Percentage Change,Temporal / Behaviour,0.0
timestep_4_feature_138,4,138,PSH_Count_Slope5,Slope,Temporal / Behaviour,0.0
timestep_9_feature_28,9,28,Avg_Flow_Duration_Diff5,Difference,Temporal / Behaviour,0.0
timestep_9_feature_29,9,29,Avg_Flow_Duration_PctChange1,Percentage Change,Temporal / Behaviour,0.0
timestep_9_feature_30,9,30,Avg_Flow_Duration_PctChange5,Percentage Change,Temporal / Behaviour,0.0
timestep_9_feature_33,9,33,Avg_Flow_Duration_ZScore5,Z-Score,Temporal / Behaviour,0.0
timestep_9_feature_34,9,34,Avg_Flow_Duration_Slope5,Slope,Temporal / Behaviour,0.0
timestep_9_feature_35,9,35,Avg_Fwd_Packets_Diff1,Difference,Temporal / Behaviour,0.0
timestep_9_feature_36,9,36,Avg_Fwd_Packets_Diff5,Difference,Temporal / Behaviour,0.0
timestep_9_feature_37,9,37,Avg_Fwd_Packets_PctChange1,Percentage Change,Temporal / Behaviour,0.0
timestep_9_feature_38,9,38,Avg_Fwd_Packets_PctChange5,Percentage Change,Temporal / Behaviour,0.0
timestep_4_feature_139,4,139,ACK_Count_Diff1,Difference,Temporal / Behaviour,0.0
timestep_4_feature_140,4,140,ACK_Count_Diff5,Difference,Temporal / Behaviour,0.0
timestep_9_feature_11,9,11,Avg_Fwd_Packets_Per_Second,Base Traffic,Base Traffic,0.0
timestep_4_feature_145,4,145,ACK_Count_ZScore5,Z-Score,Temporal / Behaviour,0.0
timestep_4_feature_146,4,146,ACK_Count_Slope5,Slope,Temporal / Behaviour,0.0
timestep_1_feature_122,1,122,SYN_Count_Slope5,Slope,Temporal / Behaviour,0.0
timestep_1_feature_129,1,129,RST_Count_ZScore5,Z-Score,Temporal / Behaviour,0.0
timestep_9_feature_45,9,45,Avg_Bwd_Packets_PctChange1,Percentage Change,Temporal / Behaviour,0.0
timestep_9_feature_46,9,46,Avg_Bwd_Packets_PctChange5,Percentage Change,Temporal / Behaviour,0.0
timestep_9_feature_49,9,49,Avg_Bwd_Packets_ZScore5,Z-Score,Temporal / Behaviour,0.0
timestep_4_feature_148,4,148,Unique_Destination_Ports_Diff5,Difference,Temporal / Behaviour,0.0
timestep_9_feature_51,9,51,Avg_Fwd_Bytes_Diff1,Difference,Temporal / Behaviour,0.0
timestep_9_feature_53,9,53,Avg_Fwd_Bytes_PctChange1,Percentage Change,Temporal / Behaviour,0.0
timestep_9_feature_58,9,58,Avg_Fwd_Bytes_Slope5,Slope,Temporal / Behaviour,0.0
timestep_9_feature_59,9,59,Avg_Bwd_Bytes_Diff1,Difference,Temporal / Behaviour,0.0
timestep_4_feature_150,4,150,Unique_Destination_Ports_PctChange5,Percentage Change,Temporal / Behaviour,0.0
timestep_4_feature_158,4,158,ACK_Per_Flow,Base Traffic,Base Traffic,0.0
timestep_9_feature_18,9,18,Unique_Protocols,Base Traffic,Base Traffic,0.0
timestep_4_feature_160,4,160,Bwd_Fwd_Byte_Ratio,Behaviour Ratio,Temporal / Behaviour,0.0
timestep_2_feature_116,2,116,SYN_Count_Diff5,Difference,Temporal / Behaviour,0.0
timestep_9_feature_25,9,25,Flow_Count_ZScore5,Z-Score,Temporal / Behaviour,0.0
timestep_9_feature_26,9,26,Flow_Count_Slope5,Slope,Temporal / Behaviour,0.0
timestep_9_feature_27,9,27,Avg_Flow_Duration_Diff1,Difference,Temporal / Behaviour,0.0
timestep_9_feature_41,9,41,Avg_Fwd_Packets_ZScore5,Z-Score,Temporal / Behaviour,0.0
timestep_9_feature_43,9,43,Avg_Bwd_Packets_Diff1,Difference,Temporal / Behaviour,0.0
timestep_4_feature_118,4,118,SYN_Count_PctChange5,Percentage Change,Temporal / Behaviour,0.0
timestep_5_feature_19,5,19,Flow_Count_Diff1,Difference,Temporal / Behaviour,0.0
timestep_3_feature_98,3,98,Avg_Packet_Length_Std_Slope5,Slope,Temporal / Behaviour,0.0
timestep_3_feature_99,3,99,Avg_Fwd_Packets_Per_Second_Diff1,Difference,Temporal / Behaviour,0.0
timestep_3_feature_101,3,101,Avg_Fwd_Packets_Per_Second_PctChange1,Percentage Change,Temporal / Behaviour,0.0
timestep_5_feature_20,5,20,Flow_Count_Diff5,Difference,Temporal / Behaviour,0.0
timestep_3_feature_103,3,103,Avg_Fwd_Packets_Per_Second_RollingMean5,Rolling Mean,Temporal / Behaviour,0.0
timestep_5_feature_21,5,21,Flow_Count_PctChange1,Percentage Change,Temporal / Behaviour,0.0
timestep_5_feature_25,5,25,Flow_Count_ZScore5,Z-Score,Temporal / Behaviour,0.0
timestep_3_feature_107,3,107,Avg_Bwd_Packets_Per_Second_Diff1,Difference,Temporal / Behaviour,0.0
timestep_3_feature_108,3,108,Avg_Bwd_Packets_Per_Second_Diff5,Difference,Temporal / Behaviour,0.0
timestep_3_feature_22,3,22,Flow_Count_PctChange5,Percentage Change,Temporal / Behaviour,0.0
timestep_3_feature_25,3,25,Flow_Count_ZScore5,Z-Score,Temporal / Behaviour,0.0
timestep_3_feature_26,3,26,Flow_Count_Slope5,Slope,Temporal / Behaviour,0.0
timestep_9_feature_78,9,78,Avg_Packets_Per_Second_PctChange5,Percentage Change,Temporal / Behaviour,0.0
timestep_9_feature_81,9,81,Avg_Packets_Per_Second_ZScore5,Z-Score,Temporal / Behaviour,0.0
timestep_9_feature_82,9,82,Avg_Packets_Per_Second_Slope5,Slope,Temporal / Behaviour,0.0
timestep_9_feature_62,9,62,Avg_Bwd_Bytes_PctChange5,Percentage Change,Temporal / Behaviour,0.0
timestep_9_feature_65,9,65,Avg_Bwd_Bytes_ZScore5,Z-Score,Temporal / Behaviour,0.0
timestep_5_feature_26,5,26,Flow_Count_Slope5,Slope,Temporal / Behaviour,0.0
timestep_9_feature_68,9,68,Avg_Bytes_Per_Second_Diff5,Difference,Temporal / Behaviour,0.0
timestep_9_feature_69,9,69,Avg_Bytes_Per_Second_PctChange1,Percentage Change,Temporal / Behaviour,0.0
timestep_9_feature_70,9,70,Avg_Bytes_Per_Second_PctChange5,Percentage Change,Temporal / Behaviour,0.0
timestep_9_feature_73,9,73,Avg_Bytes_Per_Second_ZScore5,Z-Score,Temporal / Behaviour,0.0
timestep_9_feature_74,9,74,Avg_Bytes_Per_Second_Slope5,Slope,Temporal / Behaviour,0.0
timestep_9_feature_75,9,75,Avg_Packets_Per_Second_Diff1,Difference,Temporal / Behaviour,0.0
timestep_1_feature_101,1,101,Avg_Fwd_Packets_Per_Second_PctChange1,Percentage Change,Temporal / Behaviour,0.0
timestep_1_feature_102,1,102,Avg_Fwd_Packets_Per_Second_PctChange5,Percentage Change,Temporal / Behaviour,0.0
timestep_2_feature_117,2,117,SYN_Count_PctChange1,Percentage Change,Temporal / Behaviour,0.0
timestep_2_feature_118,2,118,SYN_Count_PctChange5,Percentage Change,Temporal / Behaviour,0.0
timestep_9_feature_92,9,92,Avg_Packet_Length_Std_Diff5,Difference,Temporal / Behaviour,0.0
timestep_9_feature_93,9,93,Avg_Packet_Length_Std_PctChange1,Percentage Change,Temporal / Behaviour,0.0
timestep_9_feature_94,9,94,Avg_Packet_Length_Std_PctChange5,Percentage Change,Temporal / Behaviour,0.0
timestep_9_feature_97,9,97,Avg_Packet_Length_Std_ZScore5,Z-Score,Temporal / Behaviour,0.0
timestep_2_feature_121,2,121,SYN_Count_ZScore5,Z-Score,Temporal / Behaviour,0.0
timestep_9_feature_99,9,99,Avg_Fwd_Packets_Per_Second_Diff1,Difference,Temporal / Behaviour,0.0
timestep_9_feature_100,9,100,Avg_Fwd_Packets_Per_Second_Diff5,Difference,Temporal / Behaviour,0.0
timestep_1_feature_106,1,106,Avg_Fwd_Packets_Per_Second_Slope5,Slope,Temporal / Behaviour,0.0
timestep_1_feature_107,1,107,Avg_Bwd_Packets_Per_Second_Diff1,Difference,Temporal / Behaviour,0.0
timestep_2_feature_122,2,122,SYN_Count_Slope5,Slope,Temporal / Behaviour,0.0
timestep_1_feature_109,1,109,Avg_Bwd_Packets_Per_Second_PctChange1,Percentage Change,Temporal / Behaviour,0.0
timestep_1_feature_111,1,111,Avg_Bwd_Packets_Per_Second_RollingMean5,Rolling Mean,Temporal / Behaviour,0.0
timestep_1_feature_114,1,114,Avg_Bwd_Packets_Per_Second_Slope5,Slope,Temporal / Behaviour,0.0
timestep_1_feature_115,1,115,SYN_Count_Diff1,Difference,Temporal / Behaviour,0.0
timestep_1_feature_116,1,116,SYN_Count_Diff5,Difference,Temporal / Behaviour,0.0
timestep_9_feature_77,9,77,Avg_Packets_Per_Second_PctChange1,Percentage Change,Temporal / Behaviour,0.0
timestep_3_feature_70,3,70,Avg_Bytes_Per_Second_PctChange5,Percentage Change,Temporal / Behaviour,0.0
timestep_9_feature_107,9,107,Avg_Bwd_Packets_Per_Second_Diff1,Difference,Temporal / Behaviour,0.0
timestep_9_feature_108,9,108,Avg_Bwd_Packets_Per_Second_Diff5,Difference,Temporal / Behaviour,0.0
timestep_9_feature_109,9,109,Avg_Bwd_Packets_Per_Second_PctChange1,Percentage Change,Temporal / Behaviour,0.0
timestep_9_feature_110,9,110,Avg_Bwd_Packets_Per_Second_PctChange5,Percentage Change,Temporal / Behaviour,0.0
timestep_9_feature_113,9,113,Avg_Bwd_Packets_Per_Second_ZScore5,Z-Score,Temporal / Behaviour,0.0
timestep_9_feature_115,9,115,SYN_Count_Diff1,Difference,Temporal / Behaviour,0.0
timestep_9_feature_116,9,116,SYN_Count_Diff5,Difference,Temporal / Behaviour,0.0
timestep_9_feature_117,9,117,SYN_Count_PctChange1,Percentage Change,Temporal / Behaviour,0.0
timestep_9_feature_118,9,118,SYN_Count_PctChange5,Percentage Change,Temporal / Behaviour,0.0
timestep_9_feature_83,9,83,Avg_Packet_Length_Diff1,Difference,Temporal / Behaviour,0.0
timestep_9_feature_84,9,84,Avg_Packet_Length_Diff5,Difference,Temporal / Behaviour,0.0
timestep_9_feature_85,9,85,Avg_Packet_Length_PctChange1,Percentage Change,Temporal / Behaviour,0.0
timestep_9_feature_86,9,86,Avg_Packet_Length_PctChange5,Percentage Change,Temporal / Behaviour,0.0
timestep_9_feature_89,9,89,Avg_Packet_Length_ZScore5,Z-Score,Temporal / Behaviour,0.0
timestep_9_feature_91,9,91,Avg_Packet_Length_Std_Diff1,Difference,Temporal / Behaviour,0.0
timestep_9_feature_101,9,101,Avg_Fwd_Packets_Per_Second_PctChange1,Percentage Change,Temporal / Behaviour,0.0
timestep_9_feature_103,9,103,Avg_Fwd_Packets_Per_Second_RollingMean5,Rolling Mean,Temporal / Behaviour,0.0
timestep_9_feature_105,9,105,Avg_Fwd_Packets_Per_Second_ZScore5,Z-Score,Temporal / Behaviour,0.0
timestep_3_feature_27,3,27,Avg_Flow_Duration_Diff1,Difference,Temporal / Behaviour,0.0
timestep_3_feature_28,3,28,Avg_Flow_Duration_Diff5,Difference,Temporal / Behaviour,0.0
timestep_3_feature_29,3,29,Avg_Flow_Duration_PctChange1,Percentage Change,Temporal / Behaviour,0.0
timestep_3_feature_30,3,30,Avg_Flow_Duration_PctChange5,Percentage Change,Temporal / Behaviour,0.0
timestep_3_feature_34,3,34,Avg_Flow_Duration_Slope5,Slope,Temporal / Behaviour,0.0
timestep_3_feature_83,3,83,Avg_Packet_Length_Diff1,Difference,Temporal / Behaviour,0.0
timestep_3_feature_84,3,84,Avg_Packet_Length_Diff5,Difference,Temporal / Behaviour,0.0
timestep_3_feature_85,3,85,Avg_Packet_Length_PctChange1,Percentage Change,Temporal / Behaviour,0.0
timestep_3_feature_86,3,86,Avg_Packet_Length_PctChange5,Percentage Change,Temporal / Behaviour,0.0
timestep_3_feature_89,3,89,Avg_Packet_Length_ZScore5,Z-Score,Temporal / Behaviour,0.0
timestep_3_feature_67,3,67,Avg_Bytes_Per_Second_Diff1,Difference,Temporal / Behaviour,0.0
timestep_3_feature_68,3,68,Avg_Bytes_Per_Second_Diff5,Difference,Temporal / Behaviour,0.0
timestep_3_feature_69,3,69,Avg_Bytes_Per_Second_PctChange1,Percentage Change,Temporal / Behaviour,0.0
timestep_9_feature_141,9,141,ACK_Count_PctChange1,Percentage Change,Temporal / Behaviour,0.0
timestep_9_feature_142,9,142,ACK_Count_PctChange5,Percentage Change,Temporal / Behaviour,0.0
timestep_9_feature_143,9,143,ACK_Count_RollingMean5,Rolling Mean,Temporal / Behaviour,0.0
timestep_9_feature_146,9,146,ACK_Count_Slope5,Slope,Temporal / Behaviour,0.0
timestep_9_feature_122,9,122,SYN_Count_Slope5,Slope,Temporal / Behaviour,0.0
timestep_9_feature_123,9,123,RST_Count_Diff1,Difference,Temporal / Behaviour,0.0
timestep_1_feature_85,1,85,Avg_Packet_Length_PctChange1,Percentage Change,Temporal / Behaviour,0.0
timestep_1_feature_89,1,89,Avg_Packet_Length_ZScore5,Z-Score,Temporal / Behaviour,0.0
timestep_1_feature_90,1,90,Avg_Packet_Length_Slope5,Slope,Temporal / Behaviour,0.0
timestep_1_feature_92,1,92,Avg_Packet_Length_Std_Diff5,Difference,Temporal / Behaviour,0.0
timestep_1_feature_93,1,93,Avg_Packet_Length_Std_PctChange1,Percentage Change,Temporal / Behaviour,0.0
timestep_1_feature_97,1,97,Avg_Packet_Length_Std_ZScore5,Z-Score,Temporal / Behaviour,0.0
timestep_1_feature_98,1,98,Avg_Packet_Length_Std_Slope5,Slope,Temporal / Behaviour,0.0
timestep_1_feature_99,1,99,Avg_Fwd_Packets_Per_Second_Diff1,Difference,Temporal / Behaviour,0.0
timestep_2_feature_123,2,123,RST_Count_Diff1,Difference,Temporal / Behaviour,0.0
timestep_9_feature_125,9,125,RST_Count_PctChange1,Percentage Change,Temporal / Behaviour,0.0
timestep_2_feature_125,2,125,RST_Count_PctChange1,Percentage Change,Temporal / Behaviour,0.0
timestep_10_feature_3,10,3,Avg_Fwd_Packets,Base Traffic,Base Traffic,0.0
timestep_10_feature_6,10,6,Avg_Bwd_Bytes,Base Traffic,Base Traffic,0.0
timestep_10_feature_9,10,9,Avg_Packet_Length,Base Traffic,Base Traffic,0.0
timestep_10_feature_11,10,11,Avg_Fwd_Packets_Per_Second,Base Traffic,Base Traffic,0.0
timestep_1_feature_70,1,70,Avg_Bytes_Per_Second_PctChange5,Percentage Change,Temporal / Behaviour,0.0
timestep_2_feature_129,2,129,RST_Count_ZScore5,Z-Score,Temporal / Behaviour,0.0
timestep_9_feature_129,9,129,RST_Count_ZScore5,Z-Score,Temporal / Behaviour,0.0
timestep_2_feature_130,2,130,RST_Count_Slope5,Slope,Temporal / Behaviour,0.0
timestep_9_feature_131,9,131,PSH_Count_Diff1,Difference,Temporal / Behaviour,0.0
timestep_9_feature_132,9,132,PSH_Count_Diff5,Difference,Temporal / Behaviour,0.0
timestep_9_feature_133,9,133,PSH_Count_PctChange1,Percentage Change,Temporal / Behaviour,0.0
timestep_9_feature_134,9,134,PSH_Count_PctChange5,Percentage Change,Temporal / Behaviour,0.0
timestep_9_feature_137,9,137,PSH_Count_ZScore5,Z-Score,Temporal / Behaviour,0.0
timestep_9_feature_138,9,138,PSH_Count_Slope5,Slope,Temporal / Behaviour,0.0
timestep_9_feature_139,9,139,ACK_Count_Diff1,Difference,Temporal / Behaviour,0.0
timestep_9_feature_149,9,149,Unique_Destination_Ports_PctChange1,Percentage Change,Temporal / Behaviour,0.0
timestep_2_feature_131,2,131,PSH_Count_Diff1,Difference,Temporal / Behaviour,0.0
timestep_3_feature_73,3,73,Avg_Bytes_Per_Second_ZScore5,Z-Score,Temporal / Behaviour,0.0
timestep_3_feature_75,3,75,Avg_Packets_Per_Second_Diff1,Difference,Temporal / Behaviour,0.0
timestep_3_feature_76,3,76,Avg_Packets_Per_Second_Diff5,Difference,Temporal / Behaviour,0.0
timestep_3_feature_77,3,77,Avg_Packets_Per_Second_PctChange1,Percentage Change,Temporal / Behaviour,0.0
timestep_3_feature_78,3,78,Avg_Packets_Per_Second_PctChange5,Percentage Change,Temporal / Behaviour,0.0
timestep_3_feature_79,3,79,Avg_Packets_Per_Second_RollingMean5,Rolling Mean,Temporal / Behaviour,0.0
timestep_3_feature_81,3,81,Avg_Packets_Per_Second_ZScore5,Z-Score,Temporal / Behaviour,0.0
timestep_3_feature_19,3,19,Flow_Count_Diff1,Difference,Temporal / Behaviour,0.0
timestep_3_feature_20,3,20,Flow_Count_Diff5,Difference,Temporal / Behaviour,0.0
timestep_3_feature_21,3,21,Flow_Count_PctChange1,Percentage Change,Temporal / Behaviour,0.0
timestep_3_feature_50,3,50,Avg_Bwd_Packets_Slope5,Slope,Temporal / Behaviour,0.0
timestep_3_feature_52,3,52,Avg_Fwd_Bytes_Diff5,Difference,Temporal / Behaviour,0.0
timestep_3_feature_53,3,53,Avg_Fwd_Bytes_PctChange1,Percentage Change,Temporal / Behaviour,0.0
timestep_9_feature_154,9,154,Unique_Destination_Ports_Slope5,Slope,Temporal / Behaviour,0.0
timestep_1_feature_73,1,73,Avg_Bytes_Per_Second_ZScore5,Z-Score,Temporal / Behaviour,0.0
timestep_1_feature_74,1,74,Avg_Bytes_Per_Second_Slope5,Slope,Temporal / Behaviour,0.0
timestep_1_feature_75,1,75,Avg_Packets_Per_Second_Diff1,Difference,Temporal / Behaviour,0.0
timestep_5_feature_1,5,1,Flow_Count,Base Traffic,Base Traffic,0.0
timestep_3_feature_105,3,105,Avg_Fwd_Packets_Per_Second_ZScore5,Z-Score,Temporal / Behaviour,0.0
timestep_1_feature_79,1,79,Avg_Packets_Per_Second_RollingMean5,Rolling Mean,Temporal / Behaviour,0.0
timestep_1_feature_80,1,80,Avg_Packets_Per_Second_RollingStd5,Rolling Std,Temporal / Behaviour,0.0
timestep_1_feature_81,1,81,Avg_Packets_Per_Second_ZScore5,Z-Score,Temporal / Behaviour,0.0
timestep_1_feature_82,1,82,Avg_Packets_Per_Second_Slope5,Slope,Temporal / Behaviour,0.0
timestep_1_feature_83,1,83,Avg_Packet_Length_Diff1,Difference,Temporal / Behaviour,0.0
timestep_1_feature_84,1,84,Avg_Packet_Length_Diff5,Difference,Temporal / Behaviour,0.0
timestep_10_feature_17,10,17,Unique_Destination_Ports,Base Traffic,Base Traffic,0.0
timestep_10_feature_18,10,18,Unique_Protocols,Base Traffic,Base Traffic,0.0
timestep_10_feature_19,10,19,Flow_Count_Diff1,Difference,Temporal / Behaviour,0.0
timestep_10_feature_20,10,20,Flow_Count_Diff5,Difference,Temporal / Behaviour,0.0
timestep_9_feature_148,9,148,Unique_Destination_Ports_Diff5,Difference,Temporal / Behaviour,0.0
timestep_10_feature_46,10,46,Avg_Bwd_Packets_PctChange5,Percentage Change,Temporal / Behaviour,0.0
timestep_10_feature_49,10,49,Avg_Bwd_Packets_ZScore5,Z-Score,Temporal / Behaviour,0.0
timestep_10_feature_51,10,51,Avg_Fwd_Bytes_Diff1,Difference,Temporal / Behaviour,0.0
timestep_10_feature_52,10,52,Avg_Fwd_Bytes_Diff5,Difference,Temporal / Behaviour,0.0
timestep_10_feature_26,10,26,Flow_Count_Slope5,Slope,Temporal / Behaviour,0.0
timestep_10_feature_27,10,27,Avg_Flow_Duration_Diff1,Difference,Temporal / Behaviour,0.0
timestep_5_feature_3,5,3,Avg_Fwd_Packets,Base Traffic,Base Traffic,0.0
timestep_1_feature_57,1,57,Avg_Fwd_Bytes_ZScore5,Z-Score,Temporal / Behaviour,0.0
timestep_1_feature_58,1,58,Avg_Fwd_Bytes_Slope5,Slope,Temporal / Behaviour,0.0
timestep_1_feature_59,1,59,Avg_Bwd_Bytes_Diff1,Difference,Temporal / Behaviour,0.0
timestep_1_feature_60,1,60,Avg_Bwd_Bytes_Diff5,Difference,Temporal / Behaviour,0.0
timestep_1_feature_61,1,61,Avg_Bwd_Bytes_PctChange1,Percentage Change,Temporal / Behaviour,0.0
timestep_1_feature_62,1,62,Avg_Bwd_Bytes_PctChange5,Percentage Change,Temporal / Behaviour,0.0
timestep_1_feature_65,1,65,Avg_Bwd_Bytes_ZScore5,Z-Score,Temporal / Behaviour,0.0
timestep_1_feature_67,1,67,Avg_Bytes_Per_Second_Diff1,Difference,Temporal / Behaviour,0.0
timestep_1_feature_68,1,68,Avg_Bytes_Per_Second_Diff5,Difference,Temporal / Behaviour,0.0
timestep_5_feature_38,5,38,Avg_Fwd_Packets_PctChange5,Percentage Change,Temporal / Behaviour,0.0
timestep_3_feature_57,3,57,Avg_Fwd_Bytes_ZScore5,Z-Score,Temporal / Behaviour,0.0
timestep_3_feature_59,3,59,Avg_Bwd_Bytes_Diff1,Difference,Temporal / Behaviour,0.0
timestep_3_feature_61,3,61,Avg_Bwd_Bytes_PctChange1,Percentage Change,Temporal / Behaviour,0.0
timestep_3_feature_62,3,62,Avg_Bwd_Bytes_PctChange5,Percentage Change,Temporal / Behaviour,0.0
timestep_5_feature_41,5,41,Avg_Fwd_Packets_ZScore5,Z-Score,Temporal / Behaviour,0.0
timestep_3_feature_65,3,65,Avg_Bwd_Bytes_ZScore5,Z-Score,Temporal / Behaviour,0.0
timestep_3_feature_66,3,66,Avg_Bwd_Bytes_Slope5,Slope,Temporal / Behaviour,0.0
timestep_5_feature_42,5,42,Avg_Fwd_Packets_Slope5,Slope,Temporal / Behaviour,0.0
timestep_10_feature_154,10,154,Unique_Destination_Ports_Slope5,Slope,Temporal / Behaviour,0.0
timestep_1_feature_4,1,4,Avg_Bwd_Packets,Base Traffic,Base Traffic,0.0
timestep_10_feature_37,10,37,Avg_Fwd_Packets_PctChange1,Percentage Change,Temporal / Behaviour,0.0
timestep_10_feature_42,10,42,Avg_Fwd_Packets_Slope5,Slope,Temporal / Behaviour,0.0
timestep_10_feature_43,10,43,Avg_Bwd_Packets_Diff1,Difference,Temporal / Behaviour,0.0
timestep_10_feature_44,10,44,Avg_Bwd_Packets_Diff5,Difference,Temporal / Behaviour,0.0
timestep_10_feature_45,10,45,Avg_Bwd_Packets_PctChange1,Percentage Change,Temporal / Behaviour,0.0
timestep_10_feature_89,10,89,Avg_Packet_Length_ZScore5,Z-Score,Temporal / Behaviour,0.0
timestep_10_feature_90,10,90,Avg_Packet_Length_Slope5,Slope,Temporal / Behaviour,0.0
timestep_10_feature_91,10,91,Avg_Packet_Length_Std_Diff1,Difference,Temporal / Behaviour,0.0
timestep_10_feature_53,10,53,Avg_Fwd_Bytes_PctChange1,Percentage Change,Temporal / Behaviour,0.0
timestep_10_feature_54,10,54,Avg_Fwd_Bytes_PctChange5,Percentage Change,Temporal / Behaviour,0.0
timestep_10_feature_57,10,57,Avg_Fwd_Bytes_ZScore5,Z-Score,Temporal / Behaviour,0.0
timestep_10_feature_58,10,58,Avg_Fwd_Bytes_Slope5,Slope,Temporal / Behaviour,0.0
timestep_10_feature_59,10,59,Avg_Bwd_Bytes_Diff1,Difference,Temporal / Behaviour,0.0
timestep_10_feature_60,10,60,Avg_Bwd_Bytes_Diff5,Difference,Temporal / Behaviour,0.0
timestep_10_feature_62,10,62,Avg_Bwd_Bytes_PctChange5,Percentage Change,Temporal / Behaviour,0.0
timestep_10_feature_65,10,65,Avg_Bwd_Bytes_ZScore5,Z-Score,Temporal / Behaviour,0.0
timestep_5_feature_44,5,44,Avg_Bwd_Packets_Diff5,Difference,Temporal / Behaviour,0.0
timestep_10_feature_68,10,68,Avg_Bytes_Per_Second_Diff5,Difference,Temporal / Behaviour,0.0
timestep_10_feature_70,10,70,Avg_Bytes_Per_Second_PctChange5,Percentage Change,Temporal / Behaviour,0.0
timestep_10_feature_30,10,30,Avg_Flow_Duration_PctChange5,Percentage Change,Temporal / Behaviour,0.0
timestep_10_feature_33,10,33,Avg_Flow_Duration_ZScore5,Z-Score,Temporal / Behaviour,0.0
timestep_1_feature_49,1,49,Avg_Bwd_Packets_ZScore5,Z-Score,Temporal / Behaviour,0.0
timestep_5_feature_45,5,45,Avg_Bwd_Packets_PctChange1,Percentage Change,Temporal / Behaviour,0.0
timestep_5_feature_46,5,46,Avg_Bwd_Packets_PctChange5,Percentage Change,Temporal / Behaviour,0.0
timestep_10_feature_92,10,92,Avg_Packet_Length_Std_Diff5,Difference,Temporal / Behaviour,0.0
timestep_10_feature_93,10,93,Avg_Packet_Length_Std_PctChange1,Percentage Change,Temporal / Behaviour,0.0
timestep_10_feature_94,10,94,Avg_Packet_Length_Std_PctChange5,Percentage Change,Temporal / Behaviour,0.0
timestep_10_feature_74,10,74,Avg_Bytes_Per_Second_Slope5,Slope,Temporal / Behaviour,0.0
timestep_10_feature_75,10,75,Avg_Packets_Per_Second_Diff1,Difference,Temporal / Behaviour,0.0
timestep_10_feature_76,10,76,Avg_Packets_Per_Second_Diff5,Difference,Temporal / Behaviour,0.0
timestep_5_feature_8,5,8,Avg_Packets_Per_Second,Base Traffic,Base Traffic,0.0
timestep_10_feature_78,10,78,Avg_Packets_Per_Second_PctChange5,Percentage Change,Temporal / Behaviour,0.0
timestep_5_feature_9,5,9,Avg_Packet_Length,Base Traffic,Base Traffic,0.0
timestep_10_feature_82,10,82,Avg_Packets_Per_Second_Slope5,Slope,Temporal / Behaviour,0.0
timestep_10_feature_83,10,83,Avg_Packet_Length_Diff1,Difference,Temporal / Behaviour,0.0
timestep_10_feature_85,10,85,Avg_Packet_Length_PctChange1,Percentage Change,Temporal / Behaviour,0.0
timestep_10_feature_86,10,86,Avg_Packet_Length_PctChange5,Percentage Change,Temporal / Behaviour,0.0
timestep_10_feature_105,10,105,Avg_Fwd_Packets_Per_Second_ZScore5,Z-Score,Temporal / Behaviour,0.0
timestep_10_feature_106,10,106,Avg_Fwd_Packets_Per_Second_Slope5,Slope,Temporal / Behaviour,0.0
timestep_10_feature_107,10,107,Avg_Bwd_Packets_Per_Second_Diff1,Difference,Temporal / Behaviour,0.0
timestep_10_feature_108,10,108,Avg_Bwd_Packets_Per_Second_Diff5,Difference,Temporal / Behaviour,0.0
timestep_10_feature_110,10,110,Avg_Bwd_Packets_Per_Second_PctChange5,Percentage Change,Temporal / Behaviour,0.0
timestep_10_feature_115,10,115,SYN_Count_Diff1,Difference,Temporal / Behaviour,0.0
timestep_10_feature_116,10,116,SYN_Count_Diff5,Difference,Temporal / Behaviour,0.0
timestep_1_feature_37,1,37,Avg_Fwd_Packets_PctChange1,Percentage Change,Temporal / Behaviour,0.0
timestep_1_feature_38,1,38,Avg_Fwd_Packets_PctChange5,Percentage Change,Temporal / Behaviour,0.0
timestep_5_feature_11,5,11,Avg_Fwd_Packets_Per_Second,Base Traffic,Base Traffic,0.0
timestep_1_feature_41,1,41,Avg_Fwd_Packets_ZScore5,Z-Score,Temporal / Behaviour,0.0
timestep_1_feature_42,1,42,Avg_Fwd_Packets_Slope5,Slope,Temporal / Behaviour,0.0
timestep_1_feature_43,1,43,Avg_Bwd_Packets_Diff1,Difference,Temporal / Behaviour,0.0
timestep_1_feature_44,1,44,Avg_Bwd_Packets_Diff5,Difference,Temporal / Behaviour,0.0
timestep_1_feature_45,1,45,Avg_Bwd_Packets_PctChange1,Percentage Change,Temporal / Behaviour,0.0
timestep_1_feature_46,1,46,Avg_Bwd_Packets_PctChange5,Percentage Change,Temporal / Behaviour,0.0
timestep_10_feature_102,10,102,Avg_Fwd_Packets_Per_Second_PctChange5,Percentage Change,Temporal / Behaviour,0.0
timestep_4_feature_122,4,122,SYN_Count_Slope5,Slope,Temporal / Behaviour,0.0
timestep_4_feature_123,4,123,RST_Count_Diff1,Difference,Temporal / Behaviour,0.0
timestep_5_feature_16,5,16,ACK_Count,Base Traffic,Base Traffic,0.0
timestep_1_feature_18,1,18,Unique_Protocols,Base Traffic,Base Traffic,0.0
timestep_1_feature_19,1,19,Flow_Count_Diff1,Difference,Temporal / Behaviour,0.0
timestep_1_feature_20,1,20,Flow_Count_Diff5,Difference,Temporal / Behaviour,0.0
timestep_10_feature_141,10,141,ACK_Count_PctChange1,Percentage Change,Temporal / Behaviour,0.0
timestep_10_feature_144,10,144,ACK_Count_RollingStd5,Rolling Std,Temporal / Behaviour,0.0
timestep_5_feature_17,5,17,Unique_Destination_Ports,Base Traffic,Base Traffic,0.0
timestep_10_feature_148,10,148,Unique_Destination_Ports_Diff5,Difference,Temporal / Behaviour,0.0
timestep_10_feature_149,10,149,Unique_Destination_Ports_PctChange1,Percentage Change,Temporal / Behaviour,0.0
timestep_1_feature_21,1,21,Flow_Count_PctChange1,Percentage Change,Temporal / Behaviour,0.0
timestep_1_feature_22,1,22,Flow_Count_PctChange5,Percentage Change,Temporal / Behaviour,0.0
timestep_1_feature_25,1,25,Flow_Count_ZScore5,Z-Score,Temporal / Behaviour,0.0
timestep_3_feature_36,3,36,Avg_Fwd_Packets_Diff5,Difference,Temporal / Behaviour,0.0
timestep_3_feature_35,3,35,Avg_Fwd_Packets_Diff1,Difference,Temporal / Behaviour,0.0
timestep_3_feature_37,3,37,Avg_Fwd_Packets_PctChange1,Percentage Change,Temporal / Behaviour,0.0
timestep_3_feature_38,3,38,Avg_Fwd_Packets_PctChange5,Percentage Change,Temporal / Behaviour,0.0
timestep_5_feature_18,5,18,Unique_Protocols,Base Traffic,Base Traffic,0.0
timestep_3_feature_42,3,42,Avg_Fwd_Packets_Slope5,Slope,Temporal / Behaviour,0.0
timestep_3_feature_43,3,43,Avg_Bwd_Packets_Diff1,Difference,Temporal / Behaviour,0.0
timestep_3_feature_44,3,44,Avg_Bwd_Packets_Diff5,Difference,Temporal / Behaviour,0.0
timestep_3_feature_45,3,45,Avg_Bwd_Packets_PctChange1,Percentage Change,Temporal / Behaviour,0.0
timestep_3_feature_46,3,46,Avg_Bwd_Packets_PctChange5,Percentage Change,Temporal / Behaviour,0.0
timestep_3_feature_49,3,49,Avg_Bwd_Packets_ZScore5,Z-Score,Temporal / Behaviour,0.0
timestep_10_feature_117,10,117,SYN_Count_PctChange1,Percentage Change,Temporal / Behaviour,0.0
timestep_10_feature_118,10,118,SYN_Count_PctChange5,Percentage Change,Temporal / Behaviour,0.0
timestep_10_feature_122,10,122,SYN_Count_Slope5,Slope,Temporal / Behaviour,0.0
timestep_10_feature_123,10,123,RST_Count_Diff1,Difference,Temporal / Behaviour,0.0
timestep_10_feature_101,10,101,Avg_Fwd_Packets_Per_Second_PctChange1,Percentage Change,Temporal / Behaviour,0.0
timestep_1_feature_77,1,77,Avg_Packets_Per_Second_PctChange1,Percentage Change,Temporal / Behaviour,0.0
