Feature,Importance,Timestep,Feature_Index,Real_Feature,Feature_Family,Temporal_or_Base
timestep_10_feature_31,0.01682352,10,31,Avg_Flow_Duration_RollingMean5,Rolling Mean,Temporal / Behaviour
timestep_7_feature_31,0.011584193,7,31,Avg_Flow_Duration_RollingMean5,Rolling Mean,Temporal / Behaviour
timestep_10_feature_135,0.01134013,10,135,PSH_Count_RollingMean5,Rolling Mean,Temporal / Behaviour
timestep_8_feature_127,0.009248446,8,127,RST_Count_RollingMean5,Rolling Mean,Temporal / Behaviour
timestep_10_feature_55,0.009058272,10,55,Avg_Fwd_Bytes_RollingMean5,Rolling Mean,Temporal / Behaviour
timestep_8_feature_23,0.008534232,8,23,Flow_Count_RollingMean5,Rolling Mean,Temporal / Behaviour
timestep_9_feature_31,0.007481941,9,31,Avg_Flow_Duration_RollingMean5,Rolling Mean,Temporal / Behaviour
timestep_8_feature_31,0.007316307,8,31,Avg_Flow_Duration_RollingMean5,Rolling Mean,Temporal / Behaviour
timestep_10_feature_23,0.007173347,10,23,Flow_Count_RollingMean5,Rolling Mean,Temporal / Behaviour
timestep_6_feature_23,0.007052295,6,23,Flow_Count_RollingMean5,Rolling Mean,Temporal / Behaviour
timestep_5_feature_23,0.0068666246,5,23,Flow_Count_RollingMean5,Rolling Mean,Temporal / Behaviour
timestep_6_feature_31,0.0062353085,6,31,Avg_Flow_Duration_RollingMean5,Rolling Mean,Temporal / Behaviour
timestep_7_feature_119,0.006062434,7,119,SYN_Count_RollingMean5,Rolling Mean,Temporal / Behaviour
timestep_3_feature_130,0.0058835065,3,130,RST_Count_Slope5,Slope,Temporal / Behaviour
timestep_4_feature_135,0.0057190647,4,135,PSH_Count_RollingMean5,Rolling Mean,Temporal / Behaviour
timestep_2_feature_128,0.005576007,2,128,RST_Count_RollingStd5,Rolling Std,Temporal / Behaviour
timestep_9_feature_55,0.005355211,9,55,Avg_Fwd_Bytes_RollingMean5,Rolling Mean,Temporal / Behaviour
timestep_10_feature_22,0.0053483066,10,22,Flow_Count_PctChange5,Percentage Change,Temporal / Behaviour
timestep_9_feature_23,0.005106031,9,23,Flow_Count_RollingMean5,Rolling Mean,Temporal / Behaviour
timestep_2_feature_135,0.004931111,2,135,PSH_Count_RollingMean5,Rolling Mean,Temporal / Behaviour
timestep_4_feature_147,0.0049073873,4,147,Unique_Destination_Ports_Diff1,Difference,Temporal / Behaviour
timestep_7_feature_85,0.0048201657,7,85,Avg_Packet_Length_PctChange1,Percentage Change,Temporal / Behaviour
timestep_10_feature_69,0.0047434084,10,69,Avg_Bytes_Per_Second_PctChange1,Percentage Change,Temporal / Behaviour
timestep_5_feature_31,0.0047062654,5,31,Avg_Flow_Duration_RollingMean5,Rolling Mean,Temporal / Behaviour
timestep_10_feature_127,0.0046749488,10,127,RST_Count_RollingMean5,Rolling Mean,Temporal / Behaviour
timestep_9_feature_56,0.004293162,9,56,Avg_Fwd_Bytes_RollingStd5,Rolling Std,Temporal / Behaviour
timestep_4_feature_119,0.004233964,4,119,SYN_Count_RollingMean5,Rolling Mean,Temporal / Behaviour
timestep_1_feature_127,0.004192833,1,127,RST_Count_RollingMean5,Rolling Mean,Temporal / Behaviour
timestep_3_feature_104,0.0039029294,3,104,Avg_Fwd_Packets_Per_Second_RollingStd5,Rolling Std,Temporal / Behaviour
timestep_6_feature_79,0.0038756358,6,79,Avg_Packets_Per_Second_RollingMean5,Rolling Mean,Temporal / Behaviour
timestep_2_feature_147,0.0037763556,2,147,Unique_Destination_Ports_Diff1,Difference,Temporal / Behaviour
timestep_3_feature_147,0.003760069,3,147,Unique_Destination_Ports_Diff1,Difference,Temporal / Behaviour
timestep_1_feature_136,0.0037568216,1,136,PSH_Count_RollingStd5,Rolling Std,Temporal / Behaviour
timestep_2_feature_119,0.0035854692,2,119,SYN_Count_RollingMean5,Rolling Mean,Temporal / Behaviour
timestep_1_feature_23,0.003445219,1,23,Flow_Count_RollingMean5,Rolling Mean,Temporal / Behaviour
timestep_6_feature_119,0.0033957702,6,119,SYN_Count_RollingMean5,Rolling Mean,Temporal / Behaviour
timestep_2_feature_88,0.003274068,2,88,Avg_Packet_Length_RollingStd5,Rolling Std,Temporal / Behaviour
timestep_5_feature_95,0.0032290854,5,95,Avg_Packet_Length_Std_RollingMean5,Rolling Mean,Temporal / Behaviour
timestep_1_feature_135,0.0031712723,1,135,PSH_Count_RollingMean5,Rolling Mean,Temporal / Behaviour
timestep_3_feature_120,0.0031530876,3,120,SYN_Count_RollingStd5,Rolling Std,Temporal / Behaviour
timestep_10_feature_147,0.0031142612,10,147,Unique_Destination_Ports_Diff1,Difference,Temporal / Behaviour
timestep_9_feature_135,0.0031075524,9,135,PSH_Count_RollingMean5,Rolling Mean,Temporal / Behaviour
timestep_9_feature_87,0.0031035875,9,87,Avg_Packet_Length_RollingMean5,Rolling Mean,Temporal / Behaviour
timestep_9_feature_119,0.0030980343,9,119,SYN_Count_RollingMean5,Rolling Mean,Temporal / Behaviour
timestep_1_feature_24,0.0030660776,1,24,Flow_Count_RollingStd5,Rolling Std,Temporal / Behaviour
timestep_2_feature_120,0.0030501492,2,120,SYN_Count_RollingStd5,Rolling Std,Temporal / Behaviour
timestep_2_feature_127,0.0030439158,2,127,RST_Count_RollingMean5,Rolling Mean,Temporal / Behaviour
timestep_9_feature_47,0.0030217425,9,47,Avg_Bwd_Packets_RollingMean5,Rolling Mean,Temporal / Behaviour
timestep_9_feature_152,0.003015346,9,152,Unique_Destination_Ports_RollingStd5,Rolling Std,Temporal / Behaviour
timestep_9_feature_21,0.0030130288,9,21,Flow_Count_PctChange1,Percentage Change,Temporal / Behaviour
timestep_10_feature_142,0.0029850656,10,142,ACK_Count_PctChange5,Percentage Change,Temporal / Behaviour
timestep_5_feature_119,0.0028914257,5,119,SYN_Count_RollingMean5,Rolling Mean,Temporal / Behaviour
timestep_10_feature_111,0.0028803612,10,111,Avg_Bwd_Packets_Per_Second_RollingMean5,Rolling Mean,Temporal / Behaviour
timestep_4_feature_120,0.0028610516,4,120,SYN_Count_RollingStd5,Rolling Std,Temporal / Behaviour
timestep_2_feature_60,0.0028557049,2,60,Avg_Bwd_Bytes_Diff5,Difference,Temporal / Behaviour
timestep_6_feature_111,0.0027706595,6,111,Avg_Bwd_Packets_Per_Second_RollingMean5,Rolling Mean,Temporal / Behaviour
timestep_4_feature_128,0.0027587346,4,128,RST_Count_RollingStd5,Rolling Std,Temporal / Behaviour
timestep_4_feature_152,0.0027383645,4,152,Unique_Destination_Ports_RollingStd5,Rolling Std,Temporal / Behaviour
timestep_1_feature_103,0.0027214591,1,103,Avg_Fwd_Packets_Per_Second_RollingMean5,Rolling Mean,Temporal / Behaviour
timestep_6_feature_24,0.0026779012,6,24,Flow_Count_RollingStd5,Rolling Std,Temporal / Behaviour
timestep_5_feature_142,0.0026548328,5,142,ACK_Count_PctChange5,Percentage Change,Temporal / Behaviour
timestep_4_feature_31,0.0026467543,4,31,Avg_Flow_Duration_RollingMean5,Rolling Mean,Temporal / Behaviour
timestep_1_feature_120,0.00261356,1,120,SYN_Count_RollingStd5,Rolling Std,Temporal / Behaviour
timestep_8_feature_136,0.0026039532,8,136,PSH_Count_RollingStd5,Rolling Std,Temporal / Behaviour
timestep_8_feature_104,0.002590647,8,104,Avg_Fwd_Packets_Per_Second_RollingStd5,Rolling Std,Temporal / Behaviour
timestep_4_feature_143,0.0025896716,4,143,ACK_Count_RollingMean5,Rolling Mean,Temporal / Behaviour
timestep_8_feature_56,0.0025785943,8,56,Avg_Fwd_Bytes_RollingStd5,Rolling Std,Temporal / Behaviour
timestep_2_feature_96,0.0025739705,2,96,Avg_Packet_Length_Std_RollingStd5,Rolling Std,Temporal / Behaviour
timestep_4_feature_55,0.0025516485,4,55,Avg_Fwd_Bytes_RollingMean5,Rolling Mean,Temporal / Behaviour
timestep_10_feature_112,0.0025493943,10,112,Avg_Bwd_Packets_Per_Second_RollingStd5,Rolling Std,Temporal / Behaviour
timestep_2_feature_143,0.0025176308,2,143,ACK_Count_RollingMean5,Rolling Mean,Temporal / Behaviour
timestep_7_feature_33,0.002512159,7,33,Avg_Flow_Duration_ZScore5,Z-Score,Temporal / Behaviour
timestep_4_feature_112,0.0024687392,4,112,Avg_Bwd_Packets_Per_Second_RollingStd5,Rolling Std,Temporal / Behaviour
timestep_8_feature_111,0.0024436999,8,111,Avg_Bwd_Packets_Per_Second_RollingMean5,Rolling Mean,Temporal / Behaviour
timestep_10_feature_134,0.0024309768,10,134,PSH_Count_PctChange5,Percentage Change,Temporal / Behaviour
timestep_1_feature_36,0.0024109096,1,36,Avg_Fwd_Packets_Diff5,Difference,Temporal / Behaviour
timestep_8_feature_48,0.002399833,8,48,Avg_Bwd_Packets_RollingStd5,Rolling Std,Temporal / Behaviour
timestep_8_feature_47,0.0023953984,8,47,Avg_Bwd_Packets_RollingMean5,Rolling Mean,Temporal / Behaviour
timestep_8_feature_96,0.0023101084,8,96,Avg_Packet_Length_Std_RollingStd5,Rolling Std,Temporal / Behaviour
timestep_2_feature_144,0.0023057607,2,144,ACK_Count_RollingStd5,Rolling Std,Temporal / Behaviour
timestep_9_feature_79,0.002305677,9,79,Avg_Packets_Per_Second_RollingMean5,Rolling Mean,Temporal / Behaviour
timestep_4_feature_151,0.0022835785,4,151,Unique_Destination_Ports_RollingMean5,Rolling Mean,Temporal / Behaviour
timestep_10_feature_95,0.0022780285,10,95,Avg_Packet_Length_Std_RollingMean5,Rolling Mean,Temporal / Behaviour
timestep_8_feature_51,0.0022752658,8,51,Avg_Fwd_Bytes_Diff1,Difference,Temporal / Behaviour
timestep_2_feature_23,0.0022396643,2,23,Flow_Count_RollingMean5,Rolling Mean,Temporal / Behaviour
timestep_9_feature_39,0.002237518,9,39,Avg_Fwd_Packets_RollingMean5,Rolling Mean,Temporal / Behaviour
timestep_1_feature_119,0.0022198118,1,119,SYN_Count_RollingMean5,Rolling Mean,Temporal / Behaviour
timestep_5_feature_143,0.0022129626,5,143,ACK_Count_RollingMean5,Rolling Mean,Temporal / Behaviour
timestep_9_feature_76,0.0021958128,9,76,Avg_Packets_Per_Second_Diff5,Difference,Temporal / Behaviour
timestep_6_feature_64,0.0021786517,6,64,Avg_Bwd_Bytes_RollingStd5,Rolling Std,Temporal / Behaviour
timestep_9_feature_52,0.0021340486,9,52,Avg_Fwd_Bytes_Diff5,Difference,Temporal / Behaviour
timestep_10_feature_133,0.0021298502,10,133,PSH_Count_PctChange1,Percentage Change,Temporal / Behaviour
timestep_4_feature_48,0.0021226706,4,48,Avg_Bwd_Packets_RollingStd5,Rolling Std,Temporal / Behaviour
timestep_1_feature_121,0.0021062607,1,121,SYN_Count_ZScore5,Z-Score,Temporal / Behaviour
timestep_6_feature_115,0.0021053907,6,115,SYN_Count_Diff1,Difference,Temporal / Behaviour
timestep_5_feature_96,0.002086345,5,96,Avg_Packet_Length_Std_RollingStd5,Rolling Std,Temporal / Behaviour
timestep_1_feature_32,0.0020686872,1,32,Avg_Flow_Duration_RollingStd5,Rolling Std,Temporal / Behaviour
timestep_10_feature_119,0.002066855,10,119,SYN_Count_RollingMean5,Rolling Mean,Temporal / Behaviour
timestep_6_feature_39,0.0020579812,6,39,Avg_Fwd_Packets_RollingMean5,Rolling Mean,Temporal / Behaviour
timestep_3_feature_151,0.0020520505,3,151,Unique_Destination_Ports_RollingMean5,Rolling Mean,Temporal / Behaviour
timestep_9_feature_127,0.0020395399,9,127,RST_Count_RollingMean5,Rolling Mean,Temporal / Behaviour
timestep_4_feature_23,0.0020287756,4,23,Flow_Count_RollingMean5,Rolling Mean,Temporal / Behaviour
timestep_7_feature_24,0.0020257807,7,24,Flow_Count_RollingStd5,Rolling Std,Temporal / Behaviour
timestep_3_feature_54,0.0020228855,3,54,Avg_Fwd_Bytes_PctChange5,Percentage Change,Temporal / Behaviour
timestep_7_feature_39,0.0020202517,7,39,Avg_Fwd_Packets_RollingMean5,Rolling Mean,Temporal / Behaviour
timestep_4_feature_49,0.002016732,4,49,Avg_Bwd_Packets_ZScore5,Z-Score,Temporal / Behaviour
timestep_6_feature_22,0.0020155623,6,22,Flow_Count_PctChange5,Percentage Change,Temporal / Behaviour
timestep_3_feature_88,0.0020028776,3,88,Avg_Packet_Length_RollingStd5,Rolling Std,Temporal / Behaviour
timestep_3_feature_72,0.0019926243,3,72,Avg_Bytes_Per_Second_RollingStd5,Rolling Std,Temporal / Behaviour
timestep_4_feature_96,0.001985906,4,96,Avg_Packet_Length_Std_RollingStd5,Rolling Std,Temporal / Behaviour
timestep_10_feature_38,0.0019760597,10,38,Avg_Fwd_Packets_PctChange5,Percentage Change,Temporal / Behaviour
timestep_10_feature_28,0.0019738534,10,28,Avg_Flow_Duration_Diff5,Difference,Temporal / Behaviour
timestep_8_feature_71,0.0019688904,8,71,Avg_Bytes_Per_Second_RollingMean5,Rolling Mean,Temporal / Behaviour
timestep_4_feature_92,0.0019622731,4,92,Avg_Packet_Length_Std_Diff5,Difference,Temporal / Behaviour
timestep_6_feature_129,0.0019461088,6,129,RST_Count_ZScore5,Z-Score,Temporal / Behaviour
timestep_1_feature_31,0.0019376985,1,31,Avg_Flow_Duration_RollingMean5,Rolling Mean,Temporal / Behaviour
timestep_7_feature_143,0.0019291785,7,143,ACK_Count_RollingMean5,Rolling Mean,Temporal / Behaviour
timestep_8_feature_135,0.0019278653,8,135,PSH_Count_RollingMean5,Rolling Mean,Temporal / Behaviour
timestep_1_feature_88,0.0019187188,1,88,Avg_Packet_Length_RollingStd5,Rolling Std,Temporal / Behaviour
timestep_2_feature_31,0.0019157268,2,31,Avg_Flow_Duration_RollingMean5,Rolling Mean,Temporal / Behaviour
timestep_6_feature_54,0.0019131136,6,54,Avg_Fwd_Bytes_PctChange5,Percentage Change,Temporal / Behaviour
timestep_1_feature_125,0.001902487,1,125,RST_Count_PctChange1,Percentage Change,Temporal / Behaviour
timestep_10_feature_50,0.0018971587,10,50,Avg_Bwd_Packets_Slope5,Slope,Temporal / Behaviour
timestep_8_feature_25,0.0018909666,8,25,Flow_Count_ZScore5,Z-Score,Temporal / Behaviour
timestep_6_feature_120,0.0018673122,6,120,SYN_Count_RollingStd5,Rolling Std,Temporal / Behaviour
timestep_6_feature_135,0.0018630145,6,135,PSH_Count_RollingMean5,Rolling Mean,Temporal / Behaviour
timestep_4_feature_39,0.001817791,4,39,Avg_Fwd_Packets_RollingMean5,Rolling Mean,Temporal / Behaviour
timestep_9_feature_111,0.0018170101,9,111,Avg_Bwd_Packets_Per_Second_RollingMean5,Rolling Mean,Temporal / Behaviour
timestep_10_feature_88,0.0017795436,10,88,Avg_Packet_Length_RollingStd5,Rolling Std,Temporal / Behaviour
timestep_9_feature_150,0.0017692642,9,150,Unique_Destination_Ports_PctChange5,Percentage Change,Temporal / Behaviour
timestep_6_feature_150,0.0017009304,6,150,Unique_Destination_Ports_PctChange5,Percentage Change,Temporal / Behaviour
timestep_8_feature_54,0.0016993183,8,54,Avg_Fwd_Bytes_PctChange5,Percentage Change,Temporal / Behaviour
timestep_5_feature_39,0.0016832051,5,39,Avg_Fwd_Packets_RollingMean5,Rolling Mean,Temporal / Behaviour
timestep_4_feature_141,0.0016790304,4,141,ACK_Count_PctChange1,Percentage Change,Temporal / Behaviour
timestep_4_feature_159,0.0016730671,4,159,Bwd_Fwd_Packet_Ratio,Behaviour Ratio,Temporal / Behaviour
timestep_2_feature_104,0.0016616062,2,104,Avg_Fwd_Packets_Per_Second_RollingStd5,Rolling Std,Temporal / Behaviour
timestep_5_feature_104,0.0016496001,5,104,Avg_Fwd_Packets_Per_Second_RollingStd5,Rolling Std,Temporal / Behaviour
timestep_7_feature_120,0.0016380274,7,120,SYN_Count_RollingStd5,Rolling Std,Temporal / Behaviour
timestep_10_feature_24,0.0016195732,10,24,Flow_Count_RollingStd5,Rolling Std,Temporal / Behaviour
timestep_3_feature_48,0.0016168199,3,48,Avg_Bwd_Packets_RollingStd5,Rolling Std,Temporal / Behaviour
timestep_6_feature_47,0.0016159603,6,47,Avg_Bwd_Packets_RollingMean5,Rolling Mean,Temporal / Behaviour
timestep_10_feature_36,0.0015899349,10,36,Avg_Fwd_Packets_Diff5,Difference,Temporal / Behaviour
timestep_10_feature_159,0.0015598378,10,159,Bwd_Fwd_Packet_Ratio,Behaviour Ratio,Temporal / Behaviour
timestep_10_feature_87,0.0015495272,10,87,Avg_Packet_Length_RollingMean5,Rolling Mean,Temporal / Behaviour
timestep_6_feature_48,0.001539441,6,48,Avg_Bwd_Packets_RollingStd5,Rolling Std,Temporal / Behaviour
timestep_1_feature_63,0.0015386216,1,63,Avg_Bwd_Bytes_RollingMean5,Rolling Mean,Temporal / Behaviour
timestep_4_feature_144,0.0015298801,4,144,ACK_Count_RollingStd5,Rolling Std,Temporal / Behaviour
timestep_3_feature_96,0.0015251518,3,96,Avg_Packet_Length_Std_RollingStd5,Rolling Std,Temporal / Behaviour
timestep_7_feature_152,0.0015211094,7,152,Unique_Destination_Ports_RollingStd5,Rolling Std,Temporal / Behaviour
timestep_2_feature_54,0.0015190446,2,54,Avg_Fwd_Bytes_PctChange5,Percentage Change,Temporal / Behaviour
timestep_9_feature_24,0.0015166131,9,24,Flow_Count_RollingStd5,Rolling Std,Temporal / Behaviour
timestep_7_feature_135,0.0015059338,7,135,PSH_Count_RollingMean5,Rolling Mean,Temporal / Behaviour
timestep_9_feature_120,0.0015049266,9,120,SYN_Count_RollingStd5,Rolling Std,Temporal / Behaviour
timestep_1_feature_48,0.0015035865,1,48,Avg_Bwd_Packets_RollingStd5,Rolling Std,Temporal / Behaviour
timestep_10_feature_103,0.0015020893,10,103,Avg_Fwd_Packets_Per_Second_RollingMean5,Rolling Mean,Temporal / Behaviour
timestep_2_feature_32,0.0014998099,2,32,Avg_Flow_Duration_RollingStd5,Rolling Std,Temporal / Behaviour
timestep_9_feature_147,0.0014911387,9,147,Unique_Destination_Ports_Diff1,Difference,Temporal / Behaviour
timestep_10_feature_48,0.0014886423,10,48,Avg_Bwd_Packets_RollingStd5,Rolling Std,Temporal / Behaviour
timestep_5_feature_24,0.0014839327,5,24,Flow_Count_RollingStd5,Rolling Std,Temporal / Behaviour
timestep_3_feature_119,0.0014830641,3,119,SYN_Count_RollingMean5,Rolling Mean,Temporal / Behaviour
timestep_10_feature_64,0.0014803039,10,64,Avg_Bwd_Bytes_RollingStd5,Rolling Std,Temporal / Behaviour
timestep_4_feature_109,0.0014713022,4,109,Avg_Bwd_Packets_Per_Second_PctChange1,Percentage Change,Temporal / Behaviour
timestep_7_feature_96,0.0014639792,7,96,Avg_Packet_Length_Std_RollingStd5,Rolling Std,Temporal / Behaviour
timestep_6_feature_126,0.001463959,6,126,RST_Count_PctChange5,Percentage Change,Temporal / Behaviour
timestep_9_feature_159,0.0014523466,9,159,Bwd_Fwd_Packet_Ratio,Behaviour Ratio,Temporal / Behaviour
timestep_7_feature_55,0.0014503909,7,55,Avg_Fwd_Bytes_RollingMean5,Rolling Mean,Temporal / Behaviour
timestep_3_feature_118,0.0014371964,3,118,SYN_Count_PctChange5,Percentage Change,Temporal / Behaviour
timestep_4_feature_87,0.001431314,4,87,Avg_Packet_Length_RollingMean5,Rolling Mean,Temporal / Behaviour
timestep_8_feature_80,0.0014283137,8,80,Avg_Packets_Per_Second_RollingStd5,Rolling Std,Temporal / Behaviour
timestep_9_feature_95,0.0014241228,9,95,Avg_Packet_Length_Std_RollingMean5,Rolling Mean,Temporal / Behaviour
timestep_4_feature_71,0.0014237278,4,71,Avg_Bytes_Per_Second_RollingMean5,Rolling Mean,Temporal / Behaviour
timestep_5_feature_87,0.0013991853,5,87,Avg_Packet_Length_RollingMean5,Rolling Mean,Temporal / Behaviour
timestep_7_feature_124,0.0013976644,7,124,RST_Count_Diff5,Difference,Temporal / Behaviour
timestep_10_feature_71,0.0013934408,10,71,Avg_Bytes_Per_Second_RollingMean5,Rolling Mean,Temporal / Behaviour
timestep_2_feature_80,0.0013848472,2,80,Avg_Packets_Per_Second_RollingStd5,Rolling Std,Temporal / Behaviour
timestep_5_feature_32,0.0013781588,5,32,Avg_Flow_Duration_RollingStd5,Rolling Std,Temporal / Behaviour
timestep_10_feature_72,0.0013654989,10,72,Avg_Bytes_Per_Second_RollingStd5,Rolling Std,Temporal / Behaviour
timestep_2_feature_87,0.0013654841,2,87,Avg_Packet_Length_RollingMean5,Rolling Mean,Temporal / Behaviour
timestep_6_feature_154,0.0013603898,6,154,Unique_Destination_Ports_Slope5,Slope,Temporal / Behaviour
timestep_8_feature_119,0.0013553847,8,119,SYN_Count_RollingMean5,Rolling Mean,Temporal / Behaviour
timestep_8_feature_40,0.0013487537,8,40,Avg_Fwd_Packets_RollingStd5,Rolling Std,Temporal / Behaviour
timestep_9_feature_32,0.0013478415,9,32,Avg_Flow_Duration_RollingStd5,Rolling Std,Temporal / Behaviour
timestep_8_feature_95,0.0013463238,8,95,Avg_Packet_Length_Std_RollingMean5,Rolling Mean,Temporal / Behaviour
timestep_7_feature_95,0.0013449617,7,95,Avg_Packet_Length_Std_RollingMean5,Rolling Mean,Temporal / Behaviour
timestep_10_feature_136,0.0013366088,10,136,PSH_Count_RollingStd5,Rolling Std,Temporal / Behaviour
timestep_1_feature_47,0.0013334044,1,47,Avg_Bwd_Packets_RollingMean5,Rolling Mean,Temporal / Behaviour
timestep_1_feature_95,0.0013328012,1,95,Avg_Packet_Length_Std_RollingMean5,Rolling Mean,Temporal / Behaviour
timestep_5_feature_112,0.0013256854,5,112,Avg_Bwd_Packets_Per_Second_RollingStd5,Rolling Std,Temporal / Behaviour
timestep_10_feature_120,0.0013226693,10,120,SYN_Count_RollingStd5,Rolling Std,Temporal / Behaviour
timestep_4_feature_90,0.0013226256,4,90,Avg_Packet_Length_Slope5,Slope,Temporal / Behaviour
timestep_10_feature_121,0.0013194241,10,121,SYN_Count_ZScore5,Z-Score,Temporal / Behaviour
timestep_9_feature_124,0.0013145852,9,124,RST_Count_Diff5,Difference,Temporal / Behaviour
timestep_10_feature_151,0.0013144497,10,151,Unique_Destination_Ports_RollingMean5,Rolling Mean,Temporal / Behaviour
timestep_4_feature_65,0.0013055517,4,65,Avg_Bwd_Bytes_ZScore5,Z-Score,Temporal / Behaviour
timestep_1_feature_139,0.001302966,1,139,ACK_Count_Diff1,Difference,Temporal / Behaviour
timestep_9_feature_72,0.0013029646,9,72,Avg_Bytes_Per_Second_RollingStd5,Rolling Std,Temporal / Behaviour
timestep_3_feature_23,0.0012953068,3,23,Flow_Count_RollingMean5,Rolling Mean,Temporal / Behaviour
timestep_3_feature_80,0.0012905021,3,80,Avg_Packets_Per_Second_RollingStd5,Rolling Std,Temporal / Behaviour
timestep_5_feature_64,0.0012899553,5,64,Avg_Bwd_Bytes_RollingStd5,Rolling Std,Temporal / Behaviour
timestep_10_feature_25,0.0012859158,10,25,Flow_Count_ZScore5,Z-Score,Temporal / Behaviour
timestep_5_feature_146,0.0012847082,5,146,ACK_Count_Slope5,Slope,Temporal / Behaviour
timestep_7_feature_42,0.0012779627,7,42,Avg_Fwd_Packets_Slope5,Slope,Temporal / Behaviour
timestep_1_feature_86,0.0012775932,1,86,Avg_Packet_Length_PctChange5,Percentage Change,Temporal / Behaviour
timestep_9_feature_136,0.001277108,9,136,PSH_Count_RollingStd5,Rolling Std,Temporal / Behaviour
timestep_3_feature_47,0.0012648052,3,47,Avg_Bwd_Packets_RollingMean5,Rolling Mean,Temporal / Behaviour
timestep_3_feature_87,0.001261691,3,87,Avg_Packet_Length_RollingMean5,Rolling Mean,Temporal / Behaviour
timestep_2_feature_47,0.0012531151,2,47,Avg_Bwd_Packets_RollingMean5,Rolling Mean,Temporal / Behaviour
timestep_5_feature_100,0.0012530461,5,100,Avg_Fwd_Packets_Per_Second_Diff5,Difference,Temporal / Behaviour
timestep_1_feature_87,0.0012490764,1,87,Avg_Packet_Length_RollingMean5,Rolling Mean,Temporal / Behaviour
timestep_5_feature_116,0.0012464789,5,116,SYN_Count_Diff5,Difference,Temporal / Behaviour
timestep_1_feature_124,0.0012455462,1,124,RST_Count_Diff5,Difference,Temporal / Behaviour
timestep_8_feature_143,0.0012425035,8,143,ACK_Count_RollingMean5,Rolling Mean,Temporal / Behaviour
timestep_10_feature_104,0.0012422567,10,104,Avg_Fwd_Packets_Per_Second_RollingStd5,Rolling Std,Temporal / Behaviour
timestep_10_feature_40,0.00124186,10,40,Avg_Fwd_Packets_RollingStd5,Rolling Std,Temporal / Behaviour
timestep_3_feature_95,0.0012379794,3,95,Avg_Packet_Length_Std_RollingMean5,Rolling Mean,Temporal / Behaviour
timestep_7_feature_72,0.0012361337,7,72,Avg_Bytes_Per_Second_RollingStd5,Rolling Std,Temporal / Behaviour
timestep_4_feature_80,0.0012172667,4,80,Avg_Packets_Per_Second_RollingStd5,Rolling Std,Temporal / Behaviour
timestep_7_feature_47,0.0012166555,7,47,Avg_Bwd_Packets_RollingMean5,Rolling Mean,Temporal / Behaviour
timestep_3_feature_31,0.0012001466,3,31,Avg_Flow_Duration_RollingMean5,Rolling Mean,Temporal / Behaviour
timestep_2_feature_40,0.001193907,2,40,Avg_Fwd_Packets_RollingStd5,Rolling Std,Temporal / Behaviour
timestep_7_feature_48,0.0011931122,7,48,Avg_Bwd_Packets_RollingStd5,Rolling Std,Temporal / Behaviour
timestep_3_feature_39,0.001190539,3,39,Avg_Fwd_Packets_RollingMean5,Rolling Mean,Temporal / Behaviour
timestep_10_feature_96,0.0011862552,10,96,Avg_Packet_Length_Std_RollingStd5,Rolling Std,Temporal / Behaviour
timestep_1_feature_64,0.0011749844,1,64,Avg_Bwd_Bytes_RollingStd5,Rolling Std,Temporal / Behaviour
timestep_10_feature_140,0.0011521325,10,140,ACK_Count_Diff5,Difference,Temporal / Behaviour
timestep_9_feature_40,0.0011481625,9,40,Avg_Fwd_Packets_RollingStd5,Rolling Std,Temporal / Behaviour
timestep_9_feature_104,0.0011422944,9,104,Avg_Fwd_Packets_Per_Second_RollingStd5,Rolling Std,Temporal / Behaviour
timestep_7_feature_87,0.0011406387,7,87,Avg_Packet_Length_RollingMean5,Rolling Mean,Temporal / Behaviour
timestep_7_feature_54,0.0011345127,7,54,Avg_Fwd_Bytes_PctChange5,Percentage Change,Temporal / Behaviour
timestep_1_feature_148,0.0011333643,1,148,Unique_Destination_Ports_Diff5,Difference,Temporal / Behaviour
timestep_5_feature_120,0.0011275805,5,120,SYN_Count_RollingStd5,Rolling Std,Temporal / Behaviour
timestep_5_feature_71,0.0011237842,5,71,Avg_Bytes_Per_Second_RollingMean5,Rolling Mean,Temporal / Behaviour
timestep_8_feature_98,0.0011198247,8,98,Avg_Packet_Length_Std_Slope5,Slope,Temporal / Behaviour
timestep_10_feature_39,0.0011163581,10,39,Avg_Fwd_Packets_RollingMean5,Rolling Mean,Temporal / Behaviour
timestep_9_feature_71,0.0011118073,9,71,Avg_Bytes_Per_Second_RollingMean5,Rolling Mean,Temporal / Behaviour
timestep_3_feature_126,0.0010995382,3,126,RST_Count_PctChange5,Percentage Change,Temporal / Behaviour
timestep_6_feature_71,0.0010932847,6,71,Avg_Bytes_Per_Second_RollingMean5,Rolling Mean,Temporal / Behaviour
timestep_6_feature_144,0.0010824656,6,144,ACK_Count_RollingStd5,Rolling Std,Temporal / Behaviour
timestep_8_feature_24,0.0010729617,8,24,Flow_Count_RollingStd5,Rolling Std,Temporal / Behaviour
timestep_9_feature_112,0.0010710034,9,112,Avg_Bwd_Packets_Per_Second_RollingStd5,Rolling Std,Temporal / Behaviour
timestep_2_feature_63,0.0010625866,2,63,Avg_Bwd_Bytes_RollingMean5,Rolling Mean,Temporal / Behaviour
timestep_2_feature_151,0.0010612844,2,151,Unique_Destination_Ports_RollingMean5,Rolling Mean,Temporal / Behaviour
timestep_5_feature_135,0.0010570702,5,135,PSH_Count_RollingMean5,Rolling Mean,Temporal / Behaviour
timestep_2_feature_95,0.0010512902,2,95,Avg_Packet_Length_Std_RollingMean5,Rolling Mean,Temporal / Behaviour
timestep_4_feature_47,0.0010473389,4,47,Avg_Bwd_Packets_RollingMean5,Rolling Mean,Temporal / Behaviour
timestep_10_feature_47,0.0010440347,10,47,Avg_Bwd_Packets_RollingMean5,Rolling Mean,Temporal / Behaviour
timestep_5_feature_36,0.0010438934,5,36,Avg_Fwd_Packets_Diff5,Difference,Temporal / Behaviour
timestep_5_feature_47,0.0010424339,5,47,Avg_Bwd_Packets_RollingMean5,Rolling Mean,Temporal / Behaviour
timestep_6_feature_80,0.0010323166,6,80,Avg_Packets_Per_Second_RollingStd5,Rolling Std,Temporal / Behaviour
timestep_7_feature_112,0.0010130333,7,112,Avg_Bwd_Packets_Per_Second_RollingStd5,Rolling Std,Temporal / Behaviour
timestep_4_feature_52,0.0010121606,4,52,Avg_Fwd_Bytes_Diff5,Difference,Temporal / Behaviour
timestep_5_feature_72,0.0010107439,5,72,Avg_Bytes_Per_Second_RollingStd5,Rolling Std,Temporal / Behaviour
timestep_9_feature_126,0.0009974414,9,126,RST_Count_PctChange5,Percentage Change,Temporal / Behaviour
timestep_1_feature_39,0.0009954587,1,39,Avg_Fwd_Packets_RollingMean5,Rolling Mean,Temporal / Behaviour
timestep_1_feature_56,0.0009927903,1,56,Avg_Fwd_Bytes_RollingStd5,Rolling Std,Temporal / Behaviour
timestep_5_feature_48,0.0009869032,5,48,Avg_Bwd_Packets_RollingStd5,Rolling Std,Temporal / Behaviour
timestep_5_feature_73,0.0009846799,5,73,Avg_Bytes_Per_Second_ZScore5,Z-Score,Temporal / Behaviour
timestep_4_feature_54,0.00098076,4,54,Avg_Fwd_Bytes_PctChange5,Percentage Change,Temporal / Behaviour
timestep_9_feature_48,0.0009780112,9,48,Avg_Bwd_Packets_RollingStd5,Rolling Std,Temporal / Behaviour
timestep_4_feature_103,0.0009754988,4,103,Avg_Fwd_Packets_Per_Second_RollingMean5,Rolling Mean,Temporal / Behaviour
timestep_3_feature_82,0.0009750587,3,82,Avg_Packets_Per_Second_Slope5,Slope,Temporal / Behaviour
timestep_2_feature_140,0.00097154983,2,140,ACK_Count_Diff5,Difference,Temporal / Behaviour
timestep_3_feature_135,0.000962093,3,135,PSH_Count_RollingMean5,Rolling Mean,Temporal / Behaviour
timestep_8_feature_128,0.0009420825,8,128,RST_Count_RollingStd5,Rolling Std,Temporal / Behaviour
timestep_2_feature_52,0.0009390131,2,52,Avg_Fwd_Bytes_Diff5,Difference,Temporal / Behaviour
timestep_2_feature_71,0.0009217064,2,71,Avg_Bytes_Per_Second_RollingMean5,Rolling Mean,Temporal / Behaviour
timestep_4_feature_64,0.0009173386,4,64,Avg_Bwd_Bytes_RollingStd5,Rolling Std,Temporal / Behaviour
timestep_7_feature_148,0.0009168314,7,148,Unique_Destination_Ports_Diff5,Difference,Temporal / Behaviour
timestep_3_feature_58,0.0009162533,3,58,Avg_Fwd_Bytes_Slope5,Slope,Temporal / Behaviour
timestep_3_feature_143,0.00091062527,3,143,ACK_Count_RollingMean5,Rolling Mean,Temporal / Behaviour
timestep_2_feature_84,0.0009088443,2,84,Avg_Packet_Length_Diff5,Difference,Temporal / Behaviour
timestep_5_feature_91,0.00090791204,5,91,Avg_Packet_Length_Std_Diff1,Difference,Temporal / Behaviour
timestep_5_feature_122,0.0009078182,5,122,SYN_Count_Slope5,Slope,Temporal / Behaviour
timestep_9_feature_96,0.0008998214,9,96,Avg_Packet_Length_Std_RollingStd5,Rolling Std,Temporal / Behaviour
timestep_4_feature_153,0.0008898707,4,153,Unique_Destination_Ports_ZScore5,Z-Score,Temporal / Behaviour
timestep_8_feature_100,0.00088508724,8,100,Avg_Fwd_Packets_Per_Second_Diff5,Difference,Temporal / Behaviour
timestep_5_feature_53,0.0008795137,5,53,Avg_Fwd_Bytes_PctChange1,Percentage Change,Temporal / Behaviour
timestep_8_feature_124,0.00087723584,8,124,RST_Count_Diff5,Difference,Temporal / Behaviour
timestep_3_feature_115,0.0008743464,3,115,SYN_Count_Diff1,Difference,Temporal / Behaviour
timestep_1_feature_69,0.0008712151,1,69,Avg_Bytes_Per_Second_PctChange1,Percentage Change,Temporal / Behaviour
timestep_7_feature_80,0.00086985086,7,80,Avg_Packets_Per_Second_RollingStd5,Rolling Std,Temporal / Behaviour
timestep_10_feature_128,0.0008672718,10,128,RST_Count_RollingStd5,Rolling Std,Temporal / Behaviour
timestep_10_feature_125,0.00086223654,10,125,RST_Count_PctChange1,Percentage Change,Temporal / Behaviour
timestep_10_feature_84,0.0008595589,10,84,Avg_Packet_Length_Diff5,Difference,Temporal / Behaviour
timestep_4_feature_40,0.00085080054,4,40,Avg_Fwd_Packets_RollingStd5,Rolling Std,Temporal / Behaviour
timestep_8_feature_152,0.0008405132,8,152,Unique_Destination_Ports_RollingStd5,Rolling Std,Temporal / Behaviour
timestep_2_feature_45,0.0008404726,2,45,Avg_Bwd_Packets_PctChange1,Percentage Change,Temporal / Behaviour
timestep_1_feature_96,0.0008394871,1,96,Avg_Packet_Length_Std_RollingStd5,Rolling Std,Temporal / Behaviour
timestep_9_feature_114,0.0008391228,9,114,Avg_Bwd_Packets_Per_Second_Slope5,Slope,Temporal / Behaviour
timestep_8_feature_87,0.00083895435,8,87,Avg_Packet_Length_RollingMean5,Rolling Mean,Temporal / Behaviour
timestep_1_feature_140,0.00083770044,1,140,ACK_Count_Diff5,Difference,Temporal / Behaviour
timestep_4_feature_98,0.00083614414,4,98,Avg_Packet_Length_Std_Slope5,Slope,Temporal / Behaviour
timestep_2_feature_48,0.00083414663,2,48,Avg_Bwd_Packets_RollingStd5,Rolling Std,Temporal / Behaviour
timestep_9_feature_128,0.0008322738,9,128,RST_Count_RollingStd5,Rolling Std,Temporal / Behaviour
timestep_10_feature_137,0.0008303675,10,137,PSH_Count_ZScore5,Z-Score,Temporal / Behaviour
timestep_3_feature_40,0.00082855026,3,40,Avg_Fwd_Packets_RollingStd5,Rolling Std,Temporal / Behaviour
timestep_5_feature_111,0.0008157479,5,111,Avg_Bwd_Packets_Per_Second_RollingMean5,Rolling Mean,Temporal / Behaviour
timestep_6_feature_112,0.00081526896,6,112,Avg_Bwd_Packets_Per_Second_RollingStd5,Rolling Std,Temporal / Behaviour
timestep_2_feature_110,0.0008073751,2,110,Avg_Bwd_Packets_Per_Second_PctChange5,Percentage Change,Temporal / Behaviour
timestep_5_feature_40,0.0007904321,5,40,Avg_Fwd_Packets_RollingStd5,Rolling Std,Temporal / Behaviour
timestep_1_feature_112,0.00078930287,1,112,Avg_Bwd_Packets_Per_Second_RollingStd5,Rolling Std,Temporal / Behaviour
timestep_4_feature_124,0.00077374163,4,124,RST_Count_Diff5,Difference,Temporal / Behaviour
timestep_3_feature_97,0.0007719438,3,97,Avg_Packet_Length_Std_ZScore5,Z-Score,Temporal / Behaviour
timestep_6_feature_128,0.0007711069,6,128,RST_Count_RollingStd5,Rolling Std,Temporal / Behaviour
timestep_6_feature_88,0.0007653503,6,88,Avg_Packet_Length_RollingStd5,Rolling Std,Temporal / Behaviour
timestep_10_feature_32,0.0007630533,10,32,Avg_Flow_Duration_RollingStd5,Rolling Std,Temporal / Behaviour
timestep_8_feature_39,0.0007582274,8,39,Avg_Fwd_Packets_RollingMean5,Rolling Mean,Temporal / Behaviour
timestep_6_feature_87,0.00075737684,6,87,Avg_Packet_Length_RollingMean5,Rolling Mean,Temporal / Behaviour
timestep_6_feature_106,0.00075506064,6,106,Avg_Fwd_Packets_Per_Second_Slope5,Slope,Temporal / Behaviour
timestep_5_feature_124,0.0007543372,5,124,RST_Count_Diff5,Difference,Temporal / Behaviour
timestep_8_feature_72,0.0007505502,8,72,Avg_Bytes_Per_Second_RollingStd5,Rolling Std,Temporal / Behaviour
timestep_3_feature_145,0.0007482011,3,145,ACK_Count_ZScore5,Z-Score,Temporal / Behaviour
timestep_2_feature_111,0.00073822046,2,111,Avg_Bwd_Packets_Per_Second_RollingMean5,Rolling Mean,Temporal / Behaviour
timestep_2_feature_64,0.00073519093,2,64,Avg_Bwd_Bytes_RollingStd5,Rolling Std,Temporal / Behaviour
timestep_1_feature_152,0.00072706764,1,152,Unique_Destination_Ports_RollingStd5,Rolling Std,Temporal / Behaviour
timestep_6_feature_72,0.00072568335,6,72,Avg_Bytes_Per_Second_RollingStd5,Rolling Std,Temporal / Behaviour
timestep_10_feature_34,0.0007215805,10,34,Avg_Flow_Duration_Slope5,Slope,Temporal / Behaviour
timestep_8_feature_108,0.0007189726,8,108,Avg_Bwd_Packets_Per_Second_Diff5,Difference,Temporal / Behaviour
timestep_10_feature_35,0.00071099127,10,35,Avg_Fwd_Packets_Diff1,Difference,Temporal / Behaviour
timestep_7_feature_128,0.0007058331,7,128,RST_Count_RollingStd5,Rolling Std,Temporal / Behaviour
timestep_2_feature_56,0.0006994031,2,56,Avg_Fwd_Bytes_RollingStd5,Rolling Std,Temporal / Behaviour
timestep_5_feature_136,0.0006986469,5,136,PSH_Count_RollingStd5,Rolling Std,Temporal / Behaviour
timestep_1_feature_123,0.0006950574,1,123,RST_Count_Diff1,Difference,Temporal / Behaviour
timestep_3_feature_71,0.0006905952,3,71,Avg_Bytes_Per_Second_RollingMean5,Rolling Mean,Temporal / Behaviour
timestep_10_feature_73,0.0006896871,10,73,Avg_Bytes_Per_Second_ZScore5,Z-Score,Temporal / Behaviour
timestep_1_feature_159,0.0006830865,1,159,Bwd_Fwd_Packet_Ratio,Behaviour Ratio,Temporal / Behaviour
timestep_1_feature_71,0.00067716214,1,71,Avg_Bytes_Per_Second_RollingMean5,Rolling Mean,Temporal / Behaviour
timestep_10_feature_63,0.00067678606,10,63,Avg_Bwd_Bytes_RollingMean5,Rolling Mean,Temporal / Behaviour
timestep_7_feature_88,0.0006716045,7,88,Avg_Packet_Length_RollingStd5,Rolling Std,Temporal / Behaviour
timestep_6_feature_152,0.0006705598,6,152,Unique_Destination_Ports_RollingStd5,Rolling Std,Temporal / Behaviour
timestep_1_feature_91,0.0006641532,1,91,Avg_Packet_Length_Std_Diff1,Difference,Temporal / Behaviour
timestep_7_feature_32,0.00065985817,7,32,Avg_Flow_Duration_RollingStd5,Rolling Std,Temporal / Behaviour
timestep_7_feature_159,0.00065958675,7,159,Bwd_Fwd_Packet_Ratio,Behaviour Ratio,Temporal / Behaviour
timestep_7_feature_40,0.00065650616,7,40,Avg_Fwd_Packets_RollingStd5,Rolling Std,Temporal / Behaviour
timestep_4_feature_72,0.0006543201,4,72,Avg_Bytes_Per_Second_RollingStd5,Rolling Std,Temporal / Behaviour
timestep_3_feature_32,0.0006487127,3,32,Avg_Flow_Duration_RollingStd5,Rolling Std,Temporal / Behaviour
timestep_9_feature_63,0.00064573676,9,63,Avg_Bwd_Bytes_RollingMean5,Rolling Mean,Temporal / Behaviour
timestep_1_feature_66,0.0006455347,1,66,Avg_Bwd_Bytes_Slope5,Slope,Temporal / Behaviour
timestep_9_feature_144,0.00064424076,9,144,ACK_Count_RollingStd5,Rolling Std,Temporal / Behaviour
timestep_9_feature_64,0.0006416681,9,64,Avg_Bwd_Bytes_RollingStd5,Rolling Std,Temporal / Behaviour
timestep_5_feature_103,0.00063676643,5,103,Avg_Fwd_Packets_Per_Second_RollingMean5,Rolling Mean,Temporal / Behaviour
timestep_10_feature_152,0.0006365571,10,152,Unique_Destination_Ports_RollingStd5,Rolling Std,Temporal / Behaviour
timestep_9_feature_88,0.0006357125,9,88,Avg_Packet_Length_RollingStd5,Rolling Std,Temporal / Behaviour
timestep_1_feature_126,0.0006323434,1,126,RST_Count_PctChange5,Percentage Change,Temporal / Behaviour
timestep_5_feature_34,0.00062453485,5,34,Avg_Flow_Duration_Slope5,Slope,Temporal / Behaviour
timestep_9_feature_54,0.00062452443,9,54,Avg_Fwd_Bytes_PctChange5,Percentage Change,Temporal / Behaviour
timestep_5_feature_55,0.0006234404,5,55,Avg_Fwd_Bytes_RollingMean5,Rolling Mean,Temporal / Behaviour
timestep_1_feature_151,0.00062286964,1,151,Unique_Destination_Ports_RollingMean5,Rolling Mean,Temporal / Behaviour
timestep_9_feature_57,0.00062252313,9,57,Avg_Fwd_Bytes_ZScore5,Z-Score,Temporal / Behaviour
timestep_8_feature_130,0.00061937014,8,130,RST_Count_Slope5,Slope,Temporal / Behaviour
timestep_5_feature_102,0.00061669416,5,102,Avg_Fwd_Packets_Per_Second_PctChange5,Percentage Change,Temporal / Behaviour
timestep_1_feature_128,0.00061662693,1,128,RST_Count_RollingStd5,Rolling Std,Temporal / Behaviour
timestep_5_feature_84,0.00061143644,5,84,Avg_Packet_Length_Diff5,Difference,Temporal / Behaviour
timestep_1_feature_144,0.00061009603,1,144,ACK_Count_RollingStd5,Rolling Std,Temporal / Behaviour
timestep_3_feature_124,0.0006099288,3,124,RST_Count_Diff5,Difference,Temporal / Behaviour
timestep_8_feature_99,0.0006092756,8,99,Avg_Fwd_Packets_Per_Second_Diff1,Difference,Temporal / Behaviour
timestep_5_feature_128,0.00060821505,5,128,RST_Count_RollingStd5,Rolling Std,Temporal / Behaviour
timestep_9_feature_66,0.0006021595,9,66,Avg_Bwd_Bytes_Slope5,Slope,Temporal / Behaviour
timestep_5_feature_88,0.0005936633,5,88,Avg_Packet_Length_RollingStd5,Rolling Std,Temporal / Behaviour
timestep_9_feature_80,0.0005898274,9,80,Avg_Packets_Per_Second_RollingStd5,Rolling Std,Temporal / Behaviour
timestep_6_feature_97,0.0005895047,6,97,Avg_Packet_Length_Std_ZScore5,Z-Score,Temporal / Behaviour
timestep_2_feature_126,0.0005886081,2,126,RST_Count_PctChange5,Percentage Change,Temporal / Behaviour
timestep_4_feature_32,0.00058741716,4,32,Avg_Flow_Duration_RollingStd5,Rolling Std,Temporal / Behaviour
timestep_8_feature_126,0.00058080896,8,126,RST_Count_PctChange5,Percentage Change,Temporal / Behaviour
timestep_8_feature_67,0.00057985634,8,67,Avg_Bytes_Per_Second_Diff1,Difference,Temporal / Behaviour
timestep_7_feature_126,0.00057898107,7,126,RST_Count_PctChange5,Percentage Change,Temporal / Behaviour
timestep_1_feature_110,0.0005738692,1,110,Avg_Bwd_Packets_Per_Second_PctChange5,Percentage Change,Temporal / Behaviour
timestep_3_feature_128,0.0005725167,3,128,RST_Count_RollingStd5,Rolling Std,Temporal / Behaviour
timestep_1_feature_55,0.0005718914,1,55,Avg_Fwd_Bytes_RollingMean5,Rolling Mean,Temporal / Behaviour
timestep_6_feature_132,0.00056178425,6,132,PSH_Count_Diff5,Difference,Temporal / Behaviour
timestep_8_feature_81,0.0005551504,8,81,Avg_Packets_Per_Second_ZScore5,Z-Score,Temporal / Behaviour
timestep_2_feature_160,0.0005535234,2,160,Bwd_Fwd_Byte_Ratio,Behaviour Ratio,Temporal / Behaviour
timestep_3_feature_110,0.00055258087,3,110,Avg_Bwd_Packets_Per_Second_PctChange5,Percentage Change,Temporal / Behaviour
timestep_2_feature_39,0.00055133057,2,39,Avg_Fwd_Packets_RollingMean5,Rolling Mean,Temporal / Behaviour
timestep_1_feature_54,0.0005452124,1,54,Avg_Fwd_Bytes_PctChange5,Percentage Change,Temporal / Behaviour
timestep_5_feature_130,0.0005443137,5,130,RST_Count_Slope5,Slope,Temporal / Behaviour
timestep_3_feature_159,0.0005420847,3,159,Bwd_Fwd_Packet_Ratio,Behaviour Ratio,Temporal / Behaviour
timestep_10_feature_56,0.0005407572,10,56,Avg_Fwd_Bytes_RollingStd5,Rolling Std,Temporal / Behaviour
timestep_7_feature_64,0.0005383083,7,64,Avg_Bwd_Bytes_RollingStd5,Rolling Std,Temporal / Behaviour
timestep_7_feature_94,0.0005353785,7,94,Avg_Packet_Length_Std_PctChange5,Percentage Change,Temporal / Behaviour
timestep_7_feature_69,0.00053066347,7,69,Avg_Bytes_Per_Second_PctChange1,Percentage Change,Temporal / Behaviour
timestep_1_feature_78,0.0005304284,1,78,Avg_Packets_Per_Second_PctChange5,Percentage Change,Temporal / Behaviour
timestep_7_feature_71,0.0005296108,7,71,Avg_Bytes_Per_Second_RollingMean5,Rolling Mean,Temporal / Behaviour
timestep_8_feature_151,0.0005288765,8,151,Unique_Destination_Ports_RollingMean5,Rolling Mean,Temporal / Behaviour
timestep_2_feature_106,0.0005286789,2,106,Avg_Fwd_Packets_Per_Second_Slope5,Slope,Temporal / Behaviour
timestep_10_feature_41,0.00052265206,10,41,Avg_Fwd_Packets_ZScore5,Z-Score,Temporal / Behaviour
timestep_9_feature_121,0.00052086316,9,121,SYN_Count_ZScore5,Z-Score,Temporal / Behaviour
timestep_5_feature_159,0.0005190394,5,159,Bwd_Fwd_Packet_Ratio,Behaviour Ratio,Temporal / Behaviour
timestep_2_feature_112,0.0005179241,2,112,Avg_Bwd_Packets_Per_Second_RollingStd5,Rolling Std,Temporal / Behaviour
timestep_8_feature_131,0.0005140761,8,131,PSH_Count_Diff1,Difference,Temporal / Behaviour
timestep_9_feature_140,0.0005135432,9,140,ACK_Count_Diff5,Difference,Temporal / Behaviour
timestep_10_feature_138,0.0005128691,10,138,PSH_Count_Slope5,Slope,Temporal / Behaviour
timestep_5_feature_80,0.0005061984,5,80,Avg_Packets_Per_Second_RollingStd5,Rolling Std,Temporal / Behaviour
timestep_7_feature_133,0.0005039796,7,133,PSH_Count_PctChange1,Percentage Change,Temporal / Behaviour
timestep_6_feature_96,0.0004929788,6,96,Avg_Packet_Length_Std_RollingStd5,Rolling Std,Temporal / Behaviour
timestep_10_feature_21,0.00049218646,10,21,Flow_Count_PctChange1,Percentage Change,Temporal / Behaviour
timestep_10_feature_113,0.0004895841,10,113,Avg_Bwd_Packets_Per_Second_ZScore5,Z-Score,Temporal / Behaviour
timestep_3_feature_56,0.000488161,3,56,Avg_Fwd_Bytes_RollingStd5,Rolling Std,Temporal / Behaviour
timestep_2_feature_142,0.00048543583,2,142,ACK_Count_PctChange5,Percentage Change,Temporal / Behaviour
timestep_8_feature_92,0.0004748686,8,92,Avg_Packet_Length_Std_Diff5,Difference,Temporal / Behaviour
timestep_4_feature_126,0.00047481182,4,126,RST_Count_PctChange5,Percentage Change,Temporal / Behaviour
timestep_1_feature_52,0.00047303777,1,52,Avg_Fwd_Bytes_Diff5,Difference,Temporal / Behaviour
timestep_2_feature_92,0.00046810473,2,92,Avg_Packet_Length_Std_Diff5,Difference,Temporal / Behaviour
timestep_6_feature_103,0.00046602625,6,103,Avg_Fwd_Packets_Per_Second_RollingMean5,Rolling Mean,Temporal / Behaviour
timestep_7_feature_83,0.00046497973,7,83,Avg_Packet_Length_Diff1,Difference,Temporal / Behaviour
timestep_10_feature_132,0.00046424364,10,132,PSH_Count_Diff5,Difference,Temporal / Behaviour
timestep_10_feature_146,0.00046281732,10,146,ACK_Count_Slope5,Slope,Temporal / Behaviour
timestep_3_feature_33,0.00046217284,3,33,Avg_Flow_Duration_ZScore5,Z-Score,Temporal / Behaviour
timestep_10_feature_150,0.0004612009,10,150,Unique_Destination_Ports_PctChange5,Percentage Change,Temporal / Behaviour
timestep_2_feature_159,0.00045898542,2,159,Bwd_Fwd_Packet_Ratio,Behaviour Ratio,Temporal / Behaviour
timestep_9_feature_106,0.0004583494,9,106,Avg_Fwd_Packets_Per_Second_Slope5,Slope,Temporal / Behaviour
timestep_5_feature_127,0.00045792907,5,127,RST_Count_RollingMean5,Rolling Mean,Temporal / Behaviour
timestep_10_feature_114,0.00045582108,10,114,Avg_Bwd_Packets_Per_Second_Slope5,Slope,Temporal / Behaviour
timestep_6_feature_159,0.00045472392,6,159,Bwd_Fwd_Packet_Ratio,Behaviour Ratio,Temporal / Behaviour
timestep_3_feature_100,0.0004542498,3,100,Avg_Fwd_Packets_Per_Second_Diff5,Difference,Temporal / Behaviour
timestep_4_feature_94,0.00045337842,4,94,Avg_Packet_Length_Std_PctChange5,Percentage Change,Temporal / Behaviour
timestep_2_feature_58,0.00045287996,2,58,Avg_Fwd_Bytes_Slope5,Slope,Temporal / Behaviour
timestep_3_feature_121,0.00045068306,3,121,SYN_Count_ZScore5,Z-Score,Temporal / Behaviour
timestep_9_feature_145,0.000449567,9,145,ACK_Count_ZScore5,Z-Score,Temporal / Behaviour
timestep_10_feature_109,0.00044610092,10,109,Avg_Bwd_Packets_Per_Second_PctChange1,Percentage Change,Temporal / Behaviour
timestep_2_feature_24,0.00044607345,2,24,Flow_Count_RollingStd5,Rolling Std,Temporal / Behaviour
timestep_6_feature_143,0.00044558235,6,143,ACK_Count_RollingMean5,Rolling Mean,Temporal / Behaviour
timestep_2_feature_136,0.0004449896,2,136,PSH_Count_RollingStd5,Rolling Std,Temporal / Behaviour
timestep_1_feature_94,0.0004449824,1,94,Avg_Packet_Length_Std_PctChange5,Percentage Change,Temporal / Behaviour
timestep_10_feature_29,0.00043890916,10,29,Avg_Flow_Duration_PctChange1,Percentage Change,Temporal / Behaviour
timestep_8_feature_63,0.0004382172,8,63,Avg_Bwd_Bytes_RollingMean5,Rolling Mean,Temporal / Behaviour
timestep_3_feature_63,0.0004379328,3,63,Avg_Bwd_Bytes_RollingMean5,Rolling Mean,Temporal / Behaviour
timestep_9_feature_42,0.00043374984,9,42,Avg_Fwd_Packets_Slope5,Slope,Temporal / Behaviour
timestep_8_feature_77,0.00043174234,8,77,Avg_Packets_Per_Second_PctChange1,Percentage Change,Temporal / Behaviour
timestep_9_feature_151,0.00042839695,9,151,Unique_Destination_Ports_RollingMean5,Rolling Mean,Temporal / Behaviour
timestep_4_feature_134,0.00042818967,4,134,PSH_Count_PctChange5,Percentage Change,Temporal / Behaviour
timestep_6_feature_137,0.00042766778,6,137,PSH_Count_ZScore5,Z-Score,Temporal / Behaviour
timestep_3_feature_60,0.0004273269,3,60,Avg_Bwd_Bytes_Diff5,Difference,Temporal / Behaviour
timestep_3_feature_24,0.00042516267,3,24,Flow_Count_RollingStd5,Rolling Std,Temporal / Behaviour
timestep_3_feature_92,0.00042154887,3,92,Avg_Packet_Length_Std_Diff5,Difference,Temporal / Behaviour
timestep_4_feature_111,0.0004187631,4,111,Avg_Bwd_Packets_Per_Second_RollingMean5,Rolling Mean,Temporal / Behaviour
timestep_3_feature_74,0.00041333956,3,74,Avg_Bytes_Per_Second_Slope5,Slope,Temporal / Behaviour
timestep_7_feature_108,0.00041184752,7,108,Avg_Bwd_Packets_Per_Second_Diff5,Difference,Temporal / Behaviour
timestep_7_feature_145,0.00040916528,7,145,ACK_Count_ZScore5,Z-Score,Temporal / Behaviour
timestep_10_feature_124,0.00040707362,10,124,RST_Count_Diff5,Difference,Temporal / Behaviour
timestep_8_feature_159,0.0004046054,8,159,Bwd_Fwd_Packet_Ratio,Behaviour Ratio,Temporal / Behaviour
timestep_6_feature_40,0.00040451894,6,40,Avg_Fwd_Packets_RollingStd5,Rolling Std,Temporal / Behaviour
timestep_7_feature_63,0.00040259026,7,63,Avg_Bwd_Bytes_RollingMean5,Rolling Mean,Temporal / Behaviour
timestep_6_feature_32,0.00040255042,6,32,Avg_Flow_Duration_RollingStd5,Rolling Std,Temporal / Behaviour
timestep_2_feature_124,0.0004021463,2,124,RST_Count_Diff5,Difference,Temporal / Behaviour
timestep_3_feature_144,0.00040018818,3,144,ACK_Count_RollingStd5,Rolling Std,Temporal / Behaviour
timestep_8_feature_132,0.00039512326,8,132,PSH_Count_Diff5,Difference,Temporal / Behaviour
timestep_9_feature_102,0.0003946839,9,102,Avg_Fwd_Packets_Per_Second_PctChange5,Percentage Change,Temporal / Behaviour
timestep_4_feature_27,0.00039224813,4,27,Avg_Flow_Duration_Diff1,Difference,Temporal / Behaviour
timestep_5_feature_56,0.00039051494,5,56,Avg_Fwd_Bytes_RollingStd5,Rolling Std,Temporal / Behaviour
timestep_2_feature_103,0.00038571106,2,103,Avg_Fwd_Packets_Per_Second_RollingMean5,Rolling Mean,Temporal / Behaviour
timestep_1_feature_113,0.0003823267,1,113,Avg_Bwd_Packets_Per_Second_ZScore5,Z-Score,Temporal / Behaviour
timestep_3_feature_111,0.00038078902,3,111,Avg_Bwd_Packets_Per_Second_RollingMean5,Rolling Mean,Temporal / Behaviour
timestep_5_feature_62,0.0003762325,5,62,Avg_Bwd_Bytes_PctChange5,Percentage Change,Temporal / Behaviour
timestep_6_feature_108,0.00037416012,6,108,Avg_Bwd_Packets_Per_Second_Diff5,Difference,Temporal / Behaviour
timestep_5_feature_94,0.00037164055,5,94,Avg_Packet_Length_Std_PctChange5,Percentage Change,Temporal / Behaviour
timestep_6_feature_51,0.00037070282,6,51,Avg_Fwd_Bytes_Diff1,Difference,Temporal / Behaviour
timestep_8_feature_112,0.00037053903,8,112,Avg_Bwd_Packets_Per_Second_RollingStd5,Rolling Std,Temporal / Behaviour
timestep_3_feature_112,0.00037039228,3,112,Avg_Bwd_Packets_Per_Second_RollingStd5,Rolling Std,Temporal / Behaviour
timestep_10_feature_67,0.00036951117,10,67,Avg_Bytes_Per_Second_Diff1,Difference,Temporal / Behaviour
timestep_10_feature_61,0.00036872772,10,61,Avg_Bwd_Bytes_PctChange1,Percentage Change,Temporal / Behaviour
timestep_4_feature_56,0.0003657488,4,56,Avg_Fwd_Bytes_RollingStd5,Rolling Std,Temporal / Behaviour
timestep_9_feature_90,0.00036465784,9,90,Avg_Packet_Length_Slope5,Slope,Temporal / Behaviour
timestep_4_feature_41,0.00036425007,4,41,Avg_Fwd_Packets_ZScore5,Z-Score,Temporal / Behaviour
timestep_10_feature_126,0.0003641314,10,126,RST_Count_PctChange5,Percentage Change,Temporal / Behaviour
timestep_10_feature_79,0.00036294607,10,79,Avg_Packets_Per_Second_RollingMean5,Rolling Mean,Temporal / Behaviour
timestep_4_feature_57,0.00036146247,4,57,Avg_Fwd_Bytes_ZScore5,Z-Score,Temporal / Behaviour
timestep_10_feature_143,0.000360689,10,143,ACK_Count_RollingMean5,Rolling Mean,Temporal / Behaviour
timestep_10_feature_81,0.00036049876,10,81,Avg_Packets_Per_Second_ZScore5,Z-Score,Temporal / Behaviour
timestep_6_feature_55,0.0003604036,6,55,Avg_Fwd_Bytes_RollingMean5,Rolling Mean,Temporal / Behaviour
timestep_2_feature_72,0.0003600343,2,72,Avg_Bytes_Per_Second_RollingStd5,Rolling Std,Temporal / Behaviour
timestep_7_feature_149,0.00035919846,7,149,Unique_Destination_Ports_PctChange1,Percentage Change,Temporal / Behaviour
timestep_7_feature_132,0.00035778127,7,132,PSH_Count_Diff5,Difference,Temporal / Behaviour
timestep_3_feature_152,0.00035615743,3,152,Unique_Destination_Ports_RollingStd5,Rolling Std,Temporal / Behaviour
timestep_8_feature_55,0.00035085462,8,55,Avg_Fwd_Bytes_RollingMean5,Rolling Mean,Temporal / Behaviour
timestep_2_feature_55,0.0003501925,2,55,Avg_Fwd_Bytes_RollingMean5,Rolling Mean,Temporal / Behaviour
timestep_7_feature_151,0.00035005537,7,151,Unique_Destination_Ports_RollingMean5,Rolling Mean,Temporal / Behaviour
timestep_1_feature_143,0.0003499281,1,143,ACK_Count_RollingMean5,Rolling Mean,Temporal / Behaviour
timestep_5_feature_151,0.00034989932,5,151,Unique_Destination_Ports_RollingMean5,Rolling Mean,Temporal / Behaviour
timestep_5_feature_50,0.00034632214,5,50,Avg_Bwd_Packets_Slope5,Slope,Temporal / Behaviour
timestep_10_feature_129,0.00034531273,10,129,RST_Count_ZScore5,Z-Score,Temporal / Behaviour
timestep_5_feature_22,0.00033515922,5,22,Flow_Count_PctChange5,Percentage Change,Temporal / Behaviour
timestep_8_feature_61,0.0003327973,8,61,Avg_Bwd_Bytes_PctChange1,Percentage Change,Temporal / Behaviour
timestep_2_feature_152,0.0003314563,2,152,Unique_Destination_Ports_RollingStd5,Rolling Std,Temporal / Behaviour
timestep_3_feature_129,0.0003310577,3,129,RST_Count_ZScore5,Z-Score,Temporal / Behaviour
timestep_3_feature_51,0.000329826,3,51,Avg_Fwd_Bytes_Diff1,Difference,Temporal / Behaviour
timestep_7_feature_111,0.00032925615,7,111,Avg_Bwd_Packets_Per_Second_RollingMean5,Rolling Mean,Temporal / Behaviour
timestep_8_feature_129,0.0003278897,8,129,RST_Count_ZScore5,Z-Score,Temporal / Behaviour
timestep_9_feature_20,0.00032716175,9,20,Flow_Count_Diff5,Difference,Temporal / Behaviour
timestep_4_feature_25,0.00032347837,4,25,Flow_Count_ZScore5,Z-Score,Temporal / Behaviour
timestep_8_feature_149,0.00032053865,8,149,Unique_Destination_Ports_PctChange1,Percentage Change,Temporal / Behaviour
timestep_7_feature_130,0.0003202854,7,130,RST_Count_Slope5,Slope,Temporal / Behaviour
timestep_1_feature_153,0.00031639254,1,153,Unique_Destination_Ports_ZScore5,Z-Score,Temporal / Behaviour
timestep_2_feature_78,0.0003138581,2,78,Avg_Packets_Per_Second_PctChange5,Percentage Change,Temporal / Behaviour
timestep_8_feature_120,0.000309071,8,120,SYN_Count_RollingStd5,Rolling Std,Temporal / Behaviour
timestep_5_feature_115,0.00030471975,5,115,SYN_Count_Diff1,Difference,Temporal / Behaviour
timestep_3_feature_132,0.0003029685,3,132,PSH_Count_Diff5,Difference,Temporal / Behaviour
timestep_3_feature_136,0.00030182305,3,136,PSH_Count_RollingStd5,Rolling Std,Temporal / Behaviour
timestep_6_feature_124,0.00029893802,6,124,RST_Count_Diff5,Difference,Temporal / Behaviour
timestep_6_feature_136,0.00029569352,6,136,PSH_Count_RollingStd5,Rolling Std,Temporal / Behaviour
timestep_8_feature_118,0.00029446578,8,118,SYN_Count_PctChange5,Percentage Change,Temporal / Behaviour
timestep_6_feature_28,0.00029387526,6,28,Avg_Flow_Duration_Diff5,Difference,Temporal / Behaviour
timestep_7_feature_105,0.0002900802,7,105,Avg_Fwd_Packets_Per_Second_ZScore5,Z-Score,Temporal / Behaviour
timestep_1_feature_149,0.0002876066,1,149,Unique_Destination_Ports_PctChange1,Percentage Change,Temporal / Behaviour
timestep_6_feature_104,0.0002847588,6,104,Avg_Fwd_Packets_Per_Second_RollingStd5,Rolling Std,Temporal / Behaviour
timestep_4_feature_149,0.00028378793,4,149,Unique_Destination_Ports_PctChange1,Percentage Change,Temporal / Behaviour
timestep_1_feature_117,0.00027801126,1,117,SYN_Count_PctChange1,Percentage Change,Temporal / Behaviour
timestep_2_feature_149,0.0002764604,2,149,Unique_Destination_Ports_PctChange1,Percentage Change,Temporal / Behaviour
timestep_1_feature_72,0.00027571,1,72,Avg_Bytes_Per_Second_RollingStd5,Rolling Std,Temporal / Behaviour
timestep_8_feature_64,0.00027155445,8,64,Avg_Bwd_Bytes_RollingStd5,Rolling Std,Temporal / Behaviour
timestep_1_feature_133,0.0002656532,1,133,PSH_Count_PctChange1,Percentage Change,Temporal / Behaviour
timestep_5_feature_67,0.00026564058,5,67,Avg_Bytes_Per_Second_Diff1,Difference,Temporal / Behaviour
timestep_5_feature_132,0.00025847793,5,132,PSH_Count_Diff5,Difference,Temporal / Behaviour
timestep_7_feature_26,0.00025517546,7,26,Flow_Count_Slope5,Slope,Temporal / Behaviour
timestep_8_feature_58,0.00025471952,8,58,Avg_Fwd_Bytes_Slope5,Slope,Temporal / Behaviour
timestep_3_feature_122,0.00025417714,3,122,SYN_Count_Slope5,Slope,Temporal / Behaviour
timestep_5_feature_141,0.00025367425,5,141,ACK_Count_PctChange1,Percentage Change,Temporal / Behaviour
timestep_1_feature_100,0.0002535021,1,100,Avg_Fwd_Packets_Per_Second_Diff5,Difference,Temporal / Behaviour
timestep_7_feature_115,0.00025178987,7,115,SYN_Count_Diff1,Difference,Temporal / Behaviour
timestep_3_feature_55,0.00024739522,3,55,Avg_Fwd_Bytes_RollingMean5,Rolling Mean,Temporal / Behaviour
timestep_7_feature_104,0.00024698972,7,104,Avg_Fwd_Packets_Per_Second_RollingStd5,Rolling Std,Temporal / Behaviour
timestep_5_feature_60,0.0002469676,5,60,Avg_Bwd_Bytes_Diff5,Difference,Temporal / Behaviour
timestep_6_feature_95,0.00024465495,6,95,Avg_Packet_Length_Std_RollingMean5,Rolling Mean,Temporal / Behaviour
timestep_8_feature_103,0.00024386108,8,103,Avg_Fwd_Packets_Per_Second_RollingMean5,Rolling Mean,Temporal / Behaviour
timestep_3_feature_148,0.000242985,3,148,Unique_Destination_Ports_Diff5,Difference,Temporal / Behaviour
timestep_8_feature_52,0.00024166981,8,52,Avg_Fwd_Bytes_Diff5,Difference,Temporal / Behaviour
timestep_7_feature_136,0.00024153935,7,136,PSH_Count_RollingStd5,Rolling Std,Temporal / Behaviour
timestep_1_feature_40,0.0002366896,1,40,Avg_Fwd_Packets_RollingStd5,Rolling Std,Temporal / Behaviour
timestep_6_feature_151,0.00023632155,6,151,Unique_Destination_Ports_RollingMean5,Rolling Mean,Temporal / Behaviour
timestep_4_feature_95,0.00023449471,4,95,Avg_Packet_Length_Std_RollingMean5,Rolling Mean,Temporal / Behaviour
timestep_2_feature_94,0.00023027604,2,94,Avg_Packet_Length_Std_PctChange5,Percentage Change,Temporal / Behaviour
timestep_3_feature_41,0.0002194342,3,41,Avg_Fwd_Packets_ZScore5,Z-Score,Temporal / Behaviour
timestep_9_feature_67,0.00021844068,9,67,Avg_Bytes_Per_Second_Diff1,Difference,Temporal / Behaviour
timestep_1_feature_108,0.00021707709,1,108,Avg_Bwd_Packets_Per_Second_Diff5,Difference,Temporal / Behaviour
timestep_6_feature_83,0.00021500922,6,83,Avg_Packet_Length_Diff1,Difference,Temporal / Behaviour
timestep_4_feature_78,0.00021419725,4,78,Avg_Packets_Per_Second_PctChange5,Percentage Change,Temporal / Behaviour
timestep_4_feature_127,0.00021284525,4,127,RST_Count_RollingMean5,Rolling Mean,Temporal / Behaviour
timestep_5_feature_78,0.00020958413,5,78,Avg_Packets_Per_Second_PctChange5,Percentage Change,Temporal / Behaviour
timestep_5_feature_98,0.00020953924,5,98,Avg_Packet_Length_Std_Slope5,Slope,Temporal / Behaviour
timestep_3_feature_64,0.00020871802,3,64,Avg_Bwd_Bytes_RollingStd5,Rolling Std,Temporal / Behaviour
timestep_6_feature_61,0.00020541399,6,61,Avg_Bwd_Bytes_PctChange1,Percentage Change,Temporal / Behaviour
timestep_8_feature_32,0.00020452033,8,32,Avg_Flow_Duration_RollingStd5,Rolling Std,Temporal / Behaviour
timestep_1_feature_50,0.00020106128,1,50,Avg_Bwd_Packets_Slope5,Slope,Temporal / Behaviour
timestep_6_feature_56,0.00019996343,6,56,Avg_Fwd_Bytes_RollingStd5,Rolling Std,Temporal / Behaviour
timestep_8_feature_134,0.00019983556,8,134,PSH_Count_PctChange5,Percentage Change,Temporal / Behaviour
timestep_4_feature_136,0.00019970197,4,136,PSH_Count_RollingStd5,Rolling Std,Temporal / Behaviour
timestep_10_feature_77,0.00018967947,10,77,Avg_Packets_Per_Second_PctChange1,Percentage Change,Temporal / Behaviour
timestep_1_feature_105,0.00018865278,1,105,Avg_Fwd_Packets_Per_Second_ZScore5,Z-Score,Temporal / Behaviour
timestep_8_feature_41,0.00018757206,8,41,Avg_Fwd_Packets_ZScore5,Z-Score,Temporal / Behaviour
timestep_9_feature_160,0.000182505,9,160,Bwd_Fwd_Byte_Ratio,Behaviour Ratio,Temporal / Behaviour
timestep_1_feature_104,0.0001809269,1,104,Avg_Fwd_Packets_Per_Second_RollingStd5,Rolling Std,Temporal / Behaviour
timestep_2_feature_132,0.00017961294,2,132,PSH_Count_Diff5,Difference,Temporal / Behaviour
timestep_9_feature_98,0.00017791375,9,98,Avg_Packet_Length_Std_Slope5,Slope,Temporal / Behaviour
timestep_9_feature_22,0.00017704777,9,22,Flow_Count_PctChange5,Percentage Change,Temporal / Behaviour
timestep_2_feature_70,0.00017527392,2,70,Avg_Bytes_Per_Second_PctChange5,Percentage Change,Temporal / Behaviour
timestep_8_feature_110,0.00017140397,8,110,Avg_Bwd_Packets_Per_Second_PctChange5,Percentage Change,Temporal / Behaviour
timestep_1_feature_51,0.00017123536,1,51,Avg_Fwd_Bytes_Diff1,Difference,Temporal / Behaviour
timestep_4_feature_51,0.00016833942,4,51,Avg_Fwd_Bytes_Diff1,Difference,Temporal / Behaviour
timestep_6_feature_41,0.00016033727,6,41,Avg_Fwd_Packets_ZScore5,Z-Score,Temporal / Behaviour
timestep_9_feature_50,0.00015873689,9,50,Avg_Bwd_Packets_Slope5,Slope,Temporal / Behaviour
timestep_5_feature_108,0.00015838066,5,108,Avg_Bwd_Packets_Per_Second_Diff5,Difference,Temporal / Behaviour
timestep_5_feature_126,0.00015730964,5,126,RST_Count_PctChange5,Percentage Change,Temporal / Behaviour
timestep_4_feature_116,0.00015328312,4,116,SYN_Count_Diff5,Difference,Temporal / Behaviour
timestep_4_feature_104,0.00014701491,4,104,Avg_Fwd_Packets_Per_Second_RollingStd5,Rolling Std,Temporal / Behaviour
timestep_4_feature_73,0.00014588442,4,73,Avg_Bytes_Per_Second_ZScore5,Z-Score,Temporal / Behaviour
timestep_1_feature_76,0.00014430098,1,76,Avg_Packets_Per_Second_Diff5,Difference,Temporal / Behaviour
timestep_1_feature_132,0.00014266644,1,132,PSH_Count_Diff5,Difference,Temporal / Behaviour
timestep_2_feature_75,0.00014011886,2,75,Avg_Packets_Per_Second_Diff1,Difference,Temporal / Behaviour
timestep_3_feature_134,0.00013842365,3,134,PSH_Count_PctChange5,Percentage Change,Temporal / Behaviour
timestep_8_feature_85,0.00013672422,8,85,Avg_Packet_Length_PctChange1,Percentage Change,Temporal / Behaviour
timestep_3_feature_106,0.0001357778,3,106,Avg_Fwd_Packets_Per_Second_Slope5,Slope,Temporal / Behaviour
timestep_4_feature_62,0.00013556513,4,62,Avg_Bwd_Bytes_PctChange5,Percentage Change,Temporal / Behaviour
timestep_5_feature_152,0.00013550595,5,152,Unique_Destination_Ports_RollingStd5,Rolling Std,Temporal / Behaviour
timestep_4_feature_44,0.00013470594,4,44,Avg_Bwd_Packets_Diff5,Difference,Temporal / Behaviour
timestep_10_feature_153,0.00013377934,10,153,Unique_Destination_Ports_ZScore5,Z-Score,Temporal / Behaviour
timestep_9_feature_19,0.00013199761,9,19,Flow_Count_Diff1,Difference,Temporal / Behaviour
timestep_9_feature_130,0.00012512386,9,130,RST_Count_Slope5,Slope,Temporal / Behaviour
timestep_9_feature_153,0.00012457276,9,153,Unique_Destination_Ports_ZScore5,Z-Score,Temporal / Behaviour
timestep_10_feature_66,0.00012429692,10,66,Avg_Bwd_Bytes_Slope5,Slope,Temporal / Behaviour
timestep_4_feature_142,0.00011883971,4,142,ACK_Count_PctChange5,Percentage Change,Temporal / Behaviour
timestep_9_feature_60,0.000113943985,9,60,Avg_Bwd_Bytes_Diff5,Difference,Temporal / Behaviour
timestep_2_feature_137,0.00010927065,2,137,PSH_Count_ZScore5,Z-Score,Temporal / Behaviour
timestep_10_feature_80,0.00010258383,10,80,Avg_Packets_Per_Second_RollingStd5,Rolling Std,Temporal / Behaviour
timestep_3_feature_102,0.00010118305,3,102,Avg_Fwd_Packets_Per_Second_PctChange5,Percentage Change,Temporal / Behaviour
timestep_9_feature_44,0.000100328325,9,44,Avg_Bwd_Packets_Diff5,Difference,Temporal / Behaviour
timestep_3_feature_94,9.838151e-05,3,94,Avg_Packet_Length_Std_PctChange5,Percentage Change,Temporal / Behaviour
timestep_5_feature_90,9.3858594e-05,5,90,Avg_Packet_Length_Slope5,Slope,Temporal / Behaviour
timestep_5_feature_150,8.975049e-05,5,150,Unique_Destination_Ports_PctChange5,Percentage Change,Temporal / Behaviour
timestep_7_feature_56,8.8917535e-05,7,56,Avg_Fwd_Bytes_RollingStd5,Rolling Std,Temporal / Behaviour
timestep_6_feature_37,7.459782e-05,6,37,Avg_Fwd_Packets_PctChange1,Percentage Change,Temporal / Behaviour
timestep_10_feature_145,7.067411e-05,10,145,ACK_Count_ZScore5,Z-Score,Temporal / Behaviour
timestep_6_feature_122,6.883891e-05,6,122,SYN_Count_Slope5,Slope,Temporal / Behaviour
timestep_3_feature_117,6.506281e-05,3,117,SYN_Count_PctChange1,Percentage Change,Temporal / Behaviour
timestep_1_feature_53,5.6740966e-05,1,53,Avg_Fwd_Bytes_PctChange1,Percentage Change,Temporal / Behaviour
timestep_2_feature_25,5.2099487e-05,2,25,Flow_Count_ZScore5,Z-Score,Temporal / Behaviour
timestep_5_feature_43,4.4214277e-05,5,43,Avg_Bwd_Packets_Diff1,Difference,Temporal / Behaviour
timestep_4_feature_154,3.625166e-05,4,154,Unique_Destination_Ports_Slope5,Slope,Temporal / Behaviour
timestep_1_feature_150,3.5883833e-05,1,150,Unique_Destination_Ports_PctChange5,Percentage Change,Temporal / Behaviour
timestep_6_feature_73,3.257038e-05,6,73,Avg_Bytes_Per_Second_ZScore5,Z-Score,Temporal / Behaviour
timestep_8_feature_21,2.7134509e-05,8,21,Flow_Count_PctChange1,Percentage Change,Temporal / Behaviour
timestep_1_feature_118,1.5501364e-05,1,118,SYN_Count_PctChange5,Percentage Change,Temporal / Behaviour
timestep_9_feature_61,1.676118e-06,9,61,Avg_Bwd_Bytes_PctChange1,Percentage Change,Temporal / Behaviour
timestep_4_feature_125,0.0,4,125,RST_Count_PctChange1,Percentage Change,Temporal / Behaviour
timestep_4_feature_129,0.0,4,129,RST_Count_ZScore5,Z-Score,Temporal / Behaviour
timestep_4_feature_130,0.0,4,130,RST_Count_Slope5,Slope,Temporal / Behaviour
timestep_4_feature_131,0.0,4,131,PSH_Count_Diff1,Difference,Temporal / Behaviour
timestep_4_feature_132,0.0,4,132,PSH_Count_Diff5,Difference,Temporal / Behaviour
timestep_4_feature_133,0.0,4,133,PSH_Count_PctChange1,Percentage Change,Temporal / Behaviour
timestep_4_feature_137,0.0,4,137,PSH_Count_ZScore5,Z-Score,Temporal / Behaviour
timestep_4_feature_113,0.0,4,113,Avg_Bwd_Packets_Per_Second_ZScore5,Z-Score,Temporal / Behaviour
timestep_2_feature_133,0.0,2,133,PSH_Count_PctChange1,Percentage Change,Temporal / Behaviour
timestep_2_feature_134,0.0,2,134,PSH_Count_PctChange5,Percentage Change,Temporal / Behaviour
timestep_5_feature_33,0.0,5,33,Avg_Flow_Duration_ZScore5,Z-Score,Temporal / Behaviour
timestep_5_feature_35,0.0,5,35,Avg_Fwd_Packets_Diff1,Difference,Temporal / Behaviour
timestep_5_feature_37,0.0,5,37,Avg_Fwd_Packets_PctChange1,Percentage Change,Temporal / Behaviour
timestep_2_feature_102,0.0,2,102,Avg_Fwd_Packets_Per_Second_PctChange5,Percentage Change,Temporal / Behaviour
timestep_5_feature_49,0.0,5,49,Avg_Bwd_Packets_ZScore5,Z-Score,Temporal / Behaviour
timestep_5_feature_51,0.0,5,51,Avg_Fwd_Bytes_Diff1,Difference,Temporal / Behaviour
timestep_5_feature_52,0.0,5,52,Avg_Fwd_Bytes_Diff5,Difference,Temporal / Behaviour
timestep_5_feature_54,0.0,5,54,Avg_Fwd_Bytes_PctChange5,Percentage Change,Temporal / Behaviour
timestep_5_feature_57,0.0,5,57,Avg_Fwd_Bytes_ZScore5,Z-Score,Temporal / Behaviour
timestep_5_feature_58,0.0,5,58,Avg_Fwd_Bytes_Slope5,Slope,Temporal / Behaviour
timestep_5_feature_59,0.0,5,59,Avg_Bwd_Bytes_Diff1,Difference,Temporal / Behaviour
timestep_5_feature_61,0.0,5,61,Avg_Bwd_Bytes_PctChange1,Percentage Change,Temporal / Behaviour
timestep_5_feature_63,0.0,5,63,Avg_Bwd_Bytes_RollingMean5,Rolling Mean,Temporal / Behaviour
timestep_5_feature_65,0.0,5,65,Avg_Bwd_Bytes_ZScore5,Z-Score,Temporal / Behaviour
timestep_5_feature_27,0.0,5,27,Avg_Flow_Duration_Diff1,Difference,Temporal / Behaviour
timestep_5_feature_28,0.0,5,28,Avg_Flow_Duration_Diff5,Difference,Temporal / Behaviour
timestep_5_feature_29,0.0,5,29,Avg_Flow_Duration_PctChange1,Percentage Change,Temporal / Behaviour
timestep_5_feature_30,0.0,5,30,Avg_Flow_Duration_PctChange5,Percentage Change,Temporal / Behaviour
timestep_5_feature_82,0.0,5,82,Avg_Packets_Per_Second_Slope5,Slope,Temporal / Behaviour
timestep_5_feature_83,0.0,5,83,Avg_Packet_Length_Diff1,Difference,Temporal / Behaviour
timestep_5_feature_85,0.0,5,85,Avg_Packet_Length_PctChange1,Percentage Change,Temporal / Behaviour
timestep_5_feature_66,0.0,5,66,Avg_Bwd_Bytes_Slope5,Slope,Temporal / Behaviour
timestep_5_feature_68,0.0,5,68,Avg_Bytes_Per_Second_Diff5,Difference,Temporal / Behaviour
timestep_5_feature_69,0.0,5,69,Avg_Bytes_Per_Second_PctChange1,Percentage Change,Temporal / Behaviour
timestep_5_feature_70,0.0,5,70,Avg_Bytes_Per_Second_PctChange5,Percentage Change,Temporal / Behaviour
timestep_5_feature_74,0.0,5,74,Avg_Bytes_Per_Second_Slope5,Slope,Temporal / Behaviour
timestep_5_feature_75,0.0,5,75,Avg_Packets_Per_Second_Diff1,Difference,Temporal / Behaviour
timestep_5_feature_76,0.0,5,76,Avg_Packets_Per_Second_Diff5,Difference,Temporal / Behaviour
timestep_5_feature_77,0.0,5,77,Avg_Packets_Per_Second_PctChange1,Percentage Change,Temporal / Behaviour
timestep_5_feature_79,0.0,5,79,Avg_Packets_Per_Second_RollingMean5,Rolling Mean,Temporal / Behaviour
timestep_2_feature_100,0.0,2,100,Avg_Fwd_Packets_Per_Second_Diff5,Difference,Temporal / Behaviour
timestep_2_feature_101,0.0,2,101,Avg_Fwd_Packets_Per_Second_PctChange1,Percentage Change,Temporal / Behaviour
timestep_5_feature_93,0.0,5,93,Avg_Packet_Length_Std_PctChange1,Percentage Change,Temporal / Behaviour
timestep_5_feature_97,0.0,5,97,Avg_Packet_Length_Std_ZScore5,Z-Score,Temporal / Behaviour
timestep_5_feature_99,0.0,5,99,Avg_Fwd_Packets_Per_Second_Diff1,Difference,Temporal / Behaviour
timestep_5_feature_101,0.0,5,101,Avg_Fwd_Packets_Per_Second_PctChange1,Percentage Change,Temporal / Behaviour
timestep_5_feature_105,0.0,5,105,Avg_Fwd_Packets_Per_Second_ZScore5,Z-Score,Temporal / Behaviour
timestep_5_feature_106,0.0,5,106,Avg_Fwd_Packets_Per_Second_Slope5,Slope,Temporal / Behaviour
timestep_2_feature_105,0.0,2,105,Avg_Fwd_Packets_Per_Second_ZScore5,Z-Score,Temporal / Behaviour
timestep_2_feature_107,0.0,2,107,Avg_Bwd_Packets_Per_Second_Diff1,Difference,Temporal / Behaviour
timestep_2_feature_108,0.0,2,108,Avg_Bwd_Packets_Per_Second_Diff5,Difference,Temporal / Behaviour
timestep_2_feature_109,0.0,2,109,Avg_Bwd_Packets_Per_Second_PctChange1,Percentage Change,Temporal / Behaviour
timestep_2_feature_113,0.0,2,113,Avg_Bwd_Packets_Per_Second_ZScore5,Z-Score,Temporal / Behaviour
timestep_2_feature_114,0.0,2,114,Avg_Bwd_Packets_Per_Second_Slope5,Slope,Temporal / Behaviour
timestep_2_feature_115,0.0,2,115,SYN_Count_Diff1,Difference,Temporal / Behaviour
timestep_5_feature_81,0.0,5,81,Avg_Packets_Per_Second_ZScore5,Z-Score,Temporal / Behaviour
timestep_5_feature_86,0.0,5,86,Avg_Packet_Length_PctChange5,Percentage Change,Temporal / Behaviour
timestep_5_feature_89,0.0,5,89,Avg_Packet_Length_ZScore5,Z-Score,Temporal / Behaviour
timestep_2_feature_138,0.0,2,138,PSH_Count_Slope5,Slope,Temporal / Behaviour
timestep_2_feature_139,0.0,2,139,ACK_Count_Diff1,Difference,Temporal / Behaviour
timestep_2_feature_141,0.0,2,141,ACK_Count_PctChange1,Percentage Change,Temporal / Behaviour
timestep_2_feature_145,0.0,2,145,ACK_Count_ZScore5,Z-Score,Temporal / Behaviour
timestep_2_feature_146,0.0,2,146,ACK_Count_Slope5,Slope,Temporal / Behaviour
timestep_4_feature_114,0.0,4,114,Avg_Bwd_Packets_Per_Second_Slope5,Slope,Temporal / Behaviour
timestep_4_feature_115,0.0,4,115,SYN_Count_Diff1,Difference,Temporal / Behaviour
timestep_4_feature_117,0.0,4,117,SYN_Count_PctChange1,Percentage Change,Temporal / Behaviour
timestep_4_feature_93,0.0,4,93,Avg_Packet_Length_Std_PctChange1,Percentage Change,Temporal / Behaviour
timestep_4_feature_97,0.0,4,97,Avg_Packet_Length_Std_ZScore5,Z-Score,Temporal / Behaviour
timestep_5_feature_139,0.0,5,139,ACK_Count_Diff1,Difference,Temporal / Behaviour
timestep_5_feature_140,0.0,5,140,ACK_Count_Diff5,Difference,Temporal / Behaviour
timestep_5_feature_144,0.0,5,144,ACK_Count_RollingStd5,Rolling Std,Temporal / Behaviour
timestep_5_feature_107,0.0,5,107,Avg_Bwd_Packets_Per_Second_Diff1,Difference,Temporal / Behaviour
timestep_5_feature_109,0.0,5,109,Avg_Bwd_Packets_Per_Second_PctChange1,Percentage Change,Temporal / Behaviour
timestep_5_feature_110,0.0,5,110,Avg_Bwd_Packets_Per_Second_PctChange5,Percentage Change,Temporal / Behaviour
timestep_5_feature_113,0.0,5,113,Avg_Bwd_Packets_Per_Second_ZScore5,Z-Score,Temporal / Behaviour
timestep_5_feature_114,0.0,5,114,Avg_Bwd_Packets_Per_Second_Slope5,Slope,Temporal / Behaviour
timestep_5_feature_117,0.0,5,117,SYN_Count_PctChange1,Percentage Change,Temporal / Behaviour
timestep_5_feature_118,0.0,5,118,SYN_Count_PctChange5,Percentage Change,Temporal / Behaviour
timestep_5_feature_121,0.0,5,121,SYN_Count_ZScore5,Z-Score,Temporal / Behaviour
timestep_5_feature_123,0.0,5,123,RST_Count_Diff1,Difference,Temporal / Behaviour
timestep_5_feature_125,0.0,5,125,RST_Count_PctChange1,Percentage Change,Temporal / Behaviour
timestep_2_feature_97,0.0,2,97,Avg_Packet_Length_Std_ZScore5,Z-Score,Temporal / Behaviour
timestep_2_feature_98,0.0,2,98,Avg_Packet_Length_Std_Slope5,Slope,Temporal / Behaviour
timestep_2_feature_99,0.0,2,99,Avg_Fwd_Packets_Per_Second_Diff1,Difference,Temporal / Behaviour
timestep_5_feature_145,0.0,5,145,ACK_Count_ZScore5,Z-Score,Temporal / Behaviour
timestep_5_feature_147,0.0,5,147,Unique_Destination_Ports_Diff1,Difference,Temporal / Behaviour
timestep_5_feature_148,0.0,5,148,Unique_Destination_Ports_Diff5,Difference,Temporal / Behaviour
timestep_5_feature_149,0.0,5,149,Unique_Destination_Ports_PctChange1,Percentage Change,Temporal / Behaviour
timestep_5_feature_129,0.0,5,129,RST_Count_ZScore5,Z-Score,Temporal / Behaviour
timestep_5_feature_131,0.0,5,131,PSH_Count_Diff1,Difference,Temporal / Behaviour
timestep_5_feature_133,0.0,5,133,PSH_Count_PctChange1,Percentage Change,Temporal / Behaviour
timestep_5_feature_134,0.0,5,134,PSH_Count_PctChange5,Percentage Change,Temporal / Behaviour
timestep_5_feature_137,0.0,5,137,PSH_Count_ZScore5,Z-Score,Temporal / Behaviour
timestep_5_feature_138,0.0,5,138,PSH_Count_Slope5,Slope,Temporal / Behaviour
timestep_4_feature_99,0.0,4,99,Avg_Fwd_Packets_Per_Second_Diff1,Difference,Temporal / Behaviour
timestep_4_feature_100,0.0,4,100,Avg_Fwd_Packets_Per_Second_Diff5,Difference,Temporal / Behaviour
timestep_4_feature_101,0.0,4,101,Avg_Fwd_Packets_Per_Second_PctChange1,Percentage Change,Temporal / Behaviour
timestep_4_feature_102,0.0,4,102,Avg_Fwd_Packets_Per_Second_PctChange5,Percentage Change,Temporal / Behaviour
timestep_4_feature_105,0.0,4,105,Avg_Fwd_Packets_Per_Second_ZScore5,Z-Score,Temporal / Behaviour
timestep_4_feature_106,0.0,4,106,Avg_Fwd_Packets_Per_Second_Slope5,Slope,Temporal / Behaviour
timestep_4_feature_107,0.0,4,107,Avg_Bwd_Packets_Per_Second_Diff1,Difference,Temporal / Behaviour
timestep_4_feature_108,0.0,4,108,Avg_Bwd_Packets_Per_Second_Diff5,Difference,Temporal / Behaviour
timestep_4_feature_110,0.0,4,110,Avg_Bwd_Packets_Per_Second_PctChange5,Percentage Change,Temporal / Behaviour
timestep_4_feature_74,0.0,4,74,Avg_Bytes_Per_Second_Slope5,Slope,Temporal / Behaviour
timestep_4_feature_75,0.0,4,75,Avg_Packets_Per_Second_Diff1,Difference,Temporal / Behaviour
timestep_4_feature_76,0.0,4,76,Avg_Packets_Per_Second_Diff5,Difference,Temporal / Behaviour
timestep_2_feature_91,0.0,2,91,Avg_Packet_Length_Std_Diff1,Difference,Temporal / Behaviour
timestep_2_feature_93,0.0,2,93,Avg_Packet_Length_Std_PctChange1,Percentage Change,Temporal / Behaviour
timestep_6_feature_33,0.0,6,33,Avg_Flow_Duration_ZScore5,Z-Score,Temporal / Behaviour
timestep_5_feature_153,0.0,5,153,Unique_Destination_Ports_ZScore5,Z-Score,Temporal / Behaviour
timestep_5_feature_154,0.0,5,154,Unique_Destination_Ports_Slope5,Slope,Temporal / Behaviour
timestep_5_feature_160,0.0,5,160,Bwd_Fwd_Byte_Ratio,Behaviour Ratio,Temporal / Behaviour
timestep_2_feature_85,0.0,2,85,Avg_Packet_Length_PctChange1,Percentage Change,Temporal / Behaviour
timestep_2_feature_86,0.0,2,86,Avg_Packet_Length_PctChange5,Percentage Change,Temporal / Behaviour
timestep_2_feature_89,0.0,2,89,Avg_Packet_Length_ZScore5,Z-Score,Temporal / Behaviour
timestep_2_feature_90,0.0,2,90,Avg_Packet_Length_Slope5,Slope,Temporal / Behaviour
timestep_6_feature_46,0.0,6,46,Avg_Bwd_Packets_PctChange5,Percentage Change,Temporal / Behaviour
timestep_2_feature_68,0.0,2,68,Avg_Bytes_Per_Second_Diff5,Difference,Temporal / Behaviour
timestep_2_feature_69,0.0,2,69,Avg_Bytes_Per_Second_PctChange1,Percentage Change,Temporal / Behaviour
timestep_6_feature_19,0.0,6,19,Flow_Count_Diff1,Difference,Temporal / Behaviour
timestep_6_feature_20,0.0,6,20,Flow_Count_Diff5,Difference,Temporal / Behaviour
timestep_6_feature_21,0.0,6,21,Flow_Count_PctChange1,Percentage Change,Temporal / Behaviour
timestep_6_feature_25,0.0,6,25,Flow_Count_ZScore5,Z-Score,Temporal / Behaviour
timestep_6_feature_26,0.0,6,26,Flow_Count_Slope5,Slope,Temporal / Behaviour
timestep_6_feature_27,0.0,6,27,Avg_Flow_Duration_Diff1,Difference,Temporal / Behaviour
timestep_6_feature_29,0.0,6,29,Avg_Flow_Duration_PctChange1,Percentage Change,Temporal / Behaviour
timestep_6_feature_30,0.0,6,30,Avg_Flow_Duration_PctChange5,Percentage Change,Temporal / Behaviour
timestep_2_feature_82,0.0,2,82,Avg_Packets_Per_Second_Slope5,Slope,Temporal / Behaviour
timestep_2_feature_83,0.0,2,83,Avg_Packet_Length_Diff1,Difference,Temporal / Behaviour
timestep_6_feature_49,0.0,6,49,Avg_Bwd_Packets_ZScore5,Z-Score,Temporal / Behaviour
timestep_6_feature_50,0.0,6,50,Avg_Bwd_Packets_Slope5,Slope,Temporal / Behaviour
timestep_6_feature_52,0.0,6,52,Avg_Fwd_Bytes_Diff5,Difference,Temporal / Behaviour
timestep_6_feature_53,0.0,6,53,Avg_Fwd_Bytes_PctChange1,Percentage Change,Temporal / Behaviour
timestep_6_feature_34,0.0,6,34,Avg_Flow_Duration_Slope5,Slope,Temporal / Behaviour
timestep_6_feature_35,0.0,6,35,Avg_Fwd_Packets_Diff1,Difference,Temporal / Behaviour
timestep_6_feature_36,0.0,6,36,Avg_Fwd_Packets_Diff5,Difference,Temporal / Behaviour
timestep_6_feature_38,0.0,6,38,Avg_Fwd_Packets_PctChange5,Percentage Change,Temporal / Behaviour
timestep_5_feature_92,0.0,5,92,Avg_Packet_Length_Std_Diff5,Difference,Temporal / Behaviour
timestep_6_feature_42,0.0,6,42,Avg_Fwd_Packets_Slope5,Slope,Temporal / Behaviour
timestep_6_feature_43,0.0,6,43,Avg_Bwd_Packets_Diff1,Difference,Temporal / Behaviour
timestep_6_feature_44,0.0,6,44,Avg_Bwd_Packets_Diff5,Difference,Temporal / Behaviour
timestep_6_feature_45,0.0,6,45,Avg_Bwd_Packets_PctChange1,Percentage Change,Temporal / Behaviour
timestep_6_feature_62,0.0,6,62,Avg_Bwd_Bytes_PctChange5,Percentage Change,Temporal / Behaviour
timestep_6_feature_63,0.0,6,63,Avg_Bwd_Bytes_RollingMean5,Rolling Mean,Temporal / Behaviour
timestep_6_feature_65,0.0,6,65,Avg_Bwd_Bytes_ZScore5,Z-Score,Temporal / Behaviour
timestep_6_feature_66,0.0,6,66,Avg_Bwd_Bytes_Slope5,Slope,Temporal / Behaviour
timestep_6_feature_67,0.0,6,67,Avg_Bytes_Per_Second_Diff1,Difference,Temporal / Behaviour
timestep_6_feature_68,0.0,6,68,Avg_Bytes_Per_Second_Diff5,Difference,Temporal / Behaviour
timestep_6_feature_69,0.0,6,69,Avg_Bytes_Per_Second_PctChange1,Percentage Change,Temporal / Behaviour
timestep_6_feature_70,0.0,6,70,Avg_Bytes_Per_Second_PctChange5,Percentage Change,Temporal / Behaviour
timestep_2_feature_73,0.0,2,73,Avg_Bytes_Per_Second_ZScore5,Z-Score,Temporal / Behaviour
timestep_2_feature_74,0.0,2,74,Avg_Bytes_Per_Second_Slope5,Slope,Temporal / Behaviour
timestep_2_feature_76,0.0,2,76,Avg_Packets_Per_Second_Diff5,Difference,Temporal / Behaviour
timestep_2_feature_77,0.0,2,77,Avg_Packets_Per_Second_PctChange1,Percentage Change,Temporal / Behaviour
timestep_2_feature_79,0.0,2,79,Avg_Packets_Per_Second_RollingMean5,Rolling Mean,Temporal / Behaviour
timestep_2_feature_81,0.0,2,81,Avg_Packets_Per_Second_ZScore5,Z-Score,Temporal / Behaviour
timestep_4_feature_58,0.0,4,58,Avg_Fwd_Bytes_Slope5,Slope,Temporal / Behaviour
timestep_6_feature_77,0.0,6,77,Avg_Packets_Per_Second_PctChange1,Percentage Change,Temporal / Behaviour
timestep_6_feature_78,0.0,6,78,Avg_Packets_Per_Second_PctChange5,Percentage Change,Temporal / Behaviour
timestep_6_feature_81,0.0,6,81,Avg_Packets_Per_Second_ZScore5,Z-Score,Temporal / Behaviour
timestep_6_feature_82,0.0,6,82,Avg_Packets_Per_Second_Slope5,Slope,Temporal / Behaviour
timestep_6_feature_84,0.0,6,84,Avg_Packet_Length_Diff5,Difference,Temporal / Behaviour
timestep_6_feature_85,0.0,6,85,Avg_Packet_Length_PctChange1,Percentage Change,Temporal / Behaviour
timestep_6_feature_86,0.0,6,86,Avg_Packet_Length_PctChange5,Percentage Change,Temporal / Behaviour
timestep_6_feature_89,0.0,6,89,Avg_Packet_Length_ZScore5,Z-Score,Temporal / Behaviour
timestep_6_feature_90,0.0,6,90,Avg_Packet_Length_Slope5,Slope,Temporal / Behaviour
timestep_6_feature_57,0.0,6,57,Avg_Fwd_Bytes_ZScore5,Z-Score,Temporal / Behaviour
timestep_6_feature_58,0.0,6,58,Avg_Fwd_Bytes_Slope5,Slope,Temporal / Behaviour
timestep_6_feature_59,0.0,6,59,Avg_Bwd_Bytes_Diff1,Difference,Temporal / Behaviour
timestep_6_feature_60,0.0,6,60,Avg_Bwd_Bytes_Diff5,Difference,Temporal / Behaviour
timestep_6_feature_74,0.0,6,74,Avg_Bytes_Per_Second_Slope5,Slope,Temporal / Behaviour
timestep_6_feature_75,0.0,6,75,Avg_Packets_Per_Second_Diff1,Difference,Temporal / Behaviour
timestep_6_feature_76,0.0,6,76,Avg_Packets_Per_Second_Diff5,Difference,Temporal / Behaviour
timestep_4_feature_77,0.0,4,77,Avg_Packets_Per_Second_PctChange1,Percentage Change,Temporal / Behaviour
timestep_4_feature_79,0.0,4,79,Avg_Packets_Per_Second_RollingMean5,Rolling Mean,Temporal / Behaviour
timestep_4_feature_81,0.0,4,81,Avg_Packets_Per_Second_ZScore5,Z-Score,Temporal / Behaviour
timestep_4_feature_82,0.0,4,82,Avg_Packets_Per_Second_Slope5,Slope,Temporal / Behaviour
timestep_4_feature_83,0.0,4,83,Avg_Packet_Length_Diff1,Difference,Temporal / Behaviour
timestep_4_feature_84,0.0,4,84,Avg_Packet_Length_Diff5,Difference,Temporal / Behaviour
timestep_4_feature_85,0.0,4,85,Avg_Packet_Length_PctChange1,Percentage Change,Temporal / Behaviour
timestep_4_feature_86,0.0,4,86,Avg_Packet_Length_PctChange5,Percentage Change,Temporal / Behaviour
timestep_4_feature_88,0.0,4,88,Avg_Packet_Length_RollingStd5,Rolling Std,Temporal / Behaviour
timestep_4_feature_89,0.0,4,89,Avg_Packet_Length_ZScore5,Z-Score,Temporal / Behaviour
timestep_4_feature_91,0.0,4,91,Avg_Packet_Length_Std_Diff1,Difference,Temporal / Behaviour
timestep_4_feature_53,0.0,4,53,Avg_Fwd_Bytes_PctChange1,Percentage Change,Temporal / Behaviour
timestep_6_feature_123,0.0,6,123,RST_Count_Diff1,Difference,Temporal / Behaviour
timestep_6_feature_125,0.0,6,125,RST_Count_PctChange1,Percentage Change,Temporal / Behaviour
timestep_6_feature_127,0.0,6,127,RST_Count_RollingMean5,Rolling Mean,Temporal / Behaviour
timestep_6_feature_91,0.0,6,91,Avg_Packet_Length_Std_Diff1,Difference,Temporal / Behaviour
timestep_6_feature_92,0.0,6,92,Avg_Packet_Length_Std_Diff5,Difference,Temporal / Behaviour
timestep_6_feature_93,0.0,6,93,Avg_Packet_Length_Std_PctChange1,Percentage Change,Temporal / Behaviour
timestep_6_feature_94,0.0,6,94,Avg_Packet_Length_Std_PctChange5,Percentage Change,Temporal / Behaviour
timestep_6_feature_98,0.0,6,98,Avg_Packet_Length_Std_Slope5,Slope,Temporal / Behaviour
timestep_6_feature_99,0.0,6,99,Avg_Fwd_Packets_Per_Second_Diff1,Difference,Temporal / Behaviour
timestep_6_feature_100,0.0,6,100,Avg_Fwd_Packets_Per_Second_Diff5,Difference,Temporal / Behaviour
timestep_6_feature_101,0.0,6,101,Avg_Fwd_Packets_Per_Second_PctChange1,Percentage Change,Temporal / Behaviour
timestep_6_feature_102,0.0,6,102,Avg_Fwd_Packets_Per_Second_PctChange5,Percentage Change,Temporal / Behaviour
timestep_6_feature_105,0.0,6,105,Avg_Fwd_Packets_Per_Second_ZScore5,Z-Score,Temporal / Behaviour
timestep_2_feature_61,0.0,2,61,Avg_Bwd_Bytes_PctChange1,Percentage Change,Temporal / Behaviour
timestep_2_feature_62,0.0,2,62,Avg_Bwd_Bytes_PctChange5,Percentage Change,Temporal / Behaviour
timestep_2_feature_65,0.0,2,65,Avg_Bwd_Bytes_ZScore5,Z-Score,Temporal / Behaviour
timestep_2_feature_66,0.0,2,66,Avg_Bwd_Bytes_Slope5,Slope,Temporal / Behaviour
timestep_2_feature_67,0.0,2,67,Avg_Bytes_Per_Second_Diff1,Difference,Temporal / Behaviour
timestep_6_feature_130,0.0,6,130,RST_Count_Slope5,Slope,Temporal / Behaviour
timestep_6_feature_131,0.0,6,131,PSH_Count_Diff1,Difference,Temporal / Behaviour
timestep_6_feature_107,0.0,6,107,Avg_Bwd_Packets_Per_Second_Diff1,Difference,Temporal / Behaviour
timestep_6_feature_109,0.0,6,109,Avg_Bwd_Packets_Per_Second_PctChange1,Percentage Change,Temporal / Behaviour
timestep_6_feature_110,0.0,6,110,Avg_Bwd_Packets_Per_Second_PctChange5,Percentage Change,Temporal / Behaviour
timestep_6_feature_113,0.0,6,113,Avg_Bwd_Packets_Per_Second_ZScore5,Z-Score,Temporal / Behaviour
timestep_6_feature_114,0.0,6,114,Avg_Bwd_Packets_Per_Second_Slope5,Slope,Temporal / Behaviour
timestep_6_feature_116,0.0,6,116,SYN_Count_Diff5,Difference,Temporal / Behaviour
timestep_6_feature_117,0.0,6,117,SYN_Count_PctChange1,Percentage Change,Temporal / Behaviour
timestep_6_feature_118,0.0,6,118,SYN_Count_PctChange5,Percentage Change,Temporal / Behaviour
timestep_6_feature_121,0.0,6,121,SYN_Count_ZScore5,Z-Score,Temporal / Behaviour
timestep_2_feature_57,0.0,2,57,Avg_Fwd_Bytes_ZScore5,Z-Score,Temporal / Behaviour
timestep_4_feature_59,0.0,4,59,Avg_Bwd_Bytes_Diff1,Difference,Temporal / Behaviour
timestep_4_feature_60,0.0,4,60,Avg_Bwd_Bytes_Diff5,Difference,Temporal / Behaviour
timestep_4_feature_61,0.0,4,61,Avg_Bwd_Bytes_PctChange1,Percentage Change,Temporal / Behaviour
timestep_4_feature_63,0.0,4,63,Avg_Bwd_Bytes_RollingMean5,Rolling Mean,Temporal / Behaviour
timestep_4_feature_66,0.0,4,66,Avg_Bwd_Bytes_Slope5,Slope,Temporal / Behaviour
timestep_4_feature_67,0.0,4,67,Avg_Bytes_Per_Second_Diff1,Difference,Temporal / Behaviour
timestep_4_feature_68,0.0,4,68,Avg_Bytes_Per_Second_Diff5,Difference,Temporal / Behaviour
timestep_4_feature_69,0.0,4,69,Avg_Bytes_Per_Second_PctChange1,Percentage Change,Temporal / Behaviour
timestep_4_feature_70,0.0,4,70,Avg_Bytes_Per_Second_PctChange5,Percentage Change,Temporal / Behaviour
timestep_4_feature_45,0.0,4,45,Avg_Bwd_Packets_PctChange1,Percentage Change,Temporal / Behaviour
timestep_4_feature_46,0.0,4,46,Avg_Bwd_Packets_PctChange5,Percentage Change,Temporal / Behaviour
timestep_2_feature_148,0.0,2,148,Unique_Destination_Ports_Diff5,Difference,Temporal / Behaviour
timestep_2_feature_59,0.0,2,59,Avg_Bwd_Bytes_Diff1,Difference,Temporal / Behaviour
timestep_6_feature_133,0.0,6,133,PSH_Count_PctChange1,Percentage Change,Temporal / Behaviour
timestep_6_feature_134,0.0,6,134,PSH_Count_PctChange5,Percentage Change,Temporal / Behaviour
timestep_6_feature_138,0.0,6,138,PSH_Count_Slope5,Slope,Temporal / Behaviour
timestep_6_feature_139,0.0,6,139,ACK_Count_Diff1,Difference,Temporal / Behaviour
timestep_6_feature_140,0.0,6,140,ACK_Count_Diff5,Difference,Temporal / Behaviour
timestep_6_feature_141,0.0,6,141,ACK_Count_PctChange1,Percentage Change,Temporal / Behaviour
timestep_6_feature_142,0.0,6,142,ACK_Count_PctChange5,Percentage Change,Temporal / Behaviour
timestep_6_feature_145,0.0,6,145,ACK_Count_ZScore5,Z-Score,Temporal / Behaviour
timestep_6_feature_146,0.0,6,146,ACK_Count_Slope5,Slope,Temporal / Behaviour
timestep_6_feature_147,0.0,6,147,Unique_Destination_Ports_Diff1,Difference,Temporal / Behaviour
timestep_6_feature_148,0.0,6,148,Unique_Destination_Ports_Diff5,Difference,Temporal / Behaviour
timestep_6_feature_149,0.0,6,149,Unique_Destination_Ports_PctChange1,Percentage Change,Temporal / Behaviour
timestep_2_feature_53,0.0,2,53,Avg_Fwd_Bytes_PctChange1,Percentage Change,Temporal / Behaviour
timestep_7_feature_21,0.0,7,21,Flow_Count_PctChange1,Percentage Change,Temporal / Behaviour
timestep_7_feature_22,0.0,7,22,Flow_Count_PctChange5,Percentage Change,Temporal / Behaviour
timestep_7_feature_23,0.0,7,23,Flow_Count_RollingMean5,Rolling Mean,Temporal / Behaviour
timestep_7_feature_25,0.0,7,25,Flow_Count_ZScore5,Z-Score,Temporal / Behaviour
timestep_7_feature_27,0.0,7,27,Avg_Flow_Duration_Diff1,Difference,Temporal / Behaviour
timestep_7_feature_28,0.0,7,28,Avg_Flow_Duration_Diff5,Difference,Temporal / Behaviour
timestep_7_feature_29,0.0,7,29,Avg_Flow_Duration_PctChange1,Percentage Change,Temporal / Behaviour
timestep_7_feature_30,0.0,7,30,Avg_Flow_Duration_PctChange5,Percentage Change,Temporal / Behaviour
timestep_6_feature_153,0.0,6,153,Unique_Destination_Ports_ZScore5,Z-Score,Temporal / Behaviour
timestep_6_feature_160,0.0,6,160,Bwd_Fwd_Byte_Ratio,Behaviour Ratio,Temporal / Behaviour
timestep_2_feature_150,0.0,2,150,Unique_Destination_Ports_PctChange5,Percentage Change,Temporal / Behaviour
timestep_2_feature_153,0.0,2,153,Unique_Destination_Ports_ZScore5,Z-Score,Temporal / Behaviour
timestep_2_feature_154,0.0,2,154,Unique_Destination_Ports_Slope5,Slope,Temporal / Behaviour
timestep_4_feature_50,0.0,4,50,Avg_Bwd_Packets_Slope5,Slope,Temporal / Behaviour
timestep_4_feature_28,0.0,4,28,Avg_Flow_Duration_Diff5,Difference,Temporal / Behaviour
timestep_4_feature_29,0.0,4,29,Avg_Flow_Duration_PctChange1,Percentage Change,Temporal / Behaviour
timestep_4_feature_30,0.0,4,30,Avg_Flow_Duration_PctChange5,Percentage Change,Temporal / Behaviour
timestep_7_feature_19,0.0,7,19,Flow_Count_Diff1,Difference,Temporal / Behaviour
timestep_7_feature_20,0.0,7,20,Flow_Count_Diff5,Difference,Temporal / Behaviour
timestep_7_feature_52,0.0,7,52,Avg_Fwd_Bytes_Diff5,Difference,Temporal / Behaviour
timestep_7_feature_53,0.0,7,53,Avg_Fwd_Bytes_PctChange1,Percentage Change,Temporal / Behaviour
timestep_2_feature_36,0.0,2,36,Avg_Fwd_Packets_Diff5,Difference,Temporal / Behaviour
timestep_2_feature_37,0.0,2,37,Avg_Fwd_Packets_PctChange1,Percentage Change,Temporal / Behaviour
timestep_2_feature_38,0.0,2,38,Avg_Fwd_Packets_PctChange5,Percentage Change,Temporal / Behaviour
timestep_2_feature_41,0.0,2,41,Avg_Fwd_Packets_ZScore5,Z-Score,Temporal / Behaviour
timestep_2_feature_42,0.0,2,42,Avg_Fwd_Packets_Slope5,Slope,Temporal / Behaviour
timestep_2_feature_43,0.0,2,43,Avg_Bwd_Packets_Diff1,Difference,Temporal / Behaviour
timestep_2_feature_44,0.0,2,44,Avg_Bwd_Packets_Diff5,Difference,Temporal / Behaviour
timestep_2_feature_46,0.0,2,46,Avg_Bwd_Packets_PctChange5,Percentage Change,Temporal / Behaviour
timestep_2_feature_49,0.0,2,49,Avg_Bwd_Packets_ZScore5,Z-Score,Temporal / Behaviour
timestep_2_feature_50,0.0,2,50,Avg_Bwd_Packets_Slope5,Slope,Temporal / Behaviour
timestep_2_feature_51,0.0,2,51,Avg_Fwd_Bytes_Diff1,Difference,Temporal / Behaviour
timestep_7_feature_34,0.0,7,34,Avg_Flow_Duration_Slope5,Slope,Temporal / Behaviour
timestep_7_feature_67,0.0,7,67,Avg_Bytes_Per_Second_Diff1,Difference,Temporal / Behaviour
timestep_7_feature_68,0.0,7,68,Avg_Bytes_Per_Second_Diff5,Difference,Temporal / Behaviour
timestep_7_feature_70,0.0,7,70,Avg_Bytes_Per_Second_PctChange5,Percentage Change,Temporal / Behaviour
timestep_7_feature_73,0.0,7,73,Avg_Bytes_Per_Second_ZScore5,Z-Score,Temporal / Behaviour
timestep_7_feature_35,0.0,7,35,Avg_Fwd_Packets_Diff1,Difference,Temporal / Behaviour
timestep_7_feature_36,0.0,7,36,Avg_Fwd_Packets_Diff5,Difference,Temporal / Behaviour
timestep_7_feature_37,0.0,7,37,Avg_Fwd_Packets_PctChange1,Percentage Change,Temporal / Behaviour
timestep_7_feature_38,0.0,7,38,Avg_Fwd_Packets_PctChange5,Percentage Change,Temporal / Behaviour
timestep_7_feature_41,0.0,7,41,Avg_Fwd_Packets_ZScore5,Z-Score,Temporal / Behaviour
timestep_7_feature_43,0.0,7,43,Avg_Bwd_Packets_Diff1,Difference,Temporal / Behaviour
timestep_7_feature_44,0.0,7,44,Avg_Bwd_Packets_Diff5,Difference,Temporal / Behaviour
timestep_7_feature_45,0.0,7,45,Avg_Bwd_Packets_PctChange1,Percentage Change,Temporal / Behaviour
timestep_7_feature_46,0.0,7,46,Avg_Bwd_Packets_PctChange5,Percentage Change,Temporal / Behaviour
timestep_7_feature_49,0.0,7,49,Avg_Bwd_Packets_ZScore5,Z-Score,Temporal / Behaviour
timestep_7_feature_50,0.0,7,50,Avg_Bwd_Packets_Slope5,Slope,Temporal / Behaviour
timestep_7_feature_51,0.0,7,51,Avg_Fwd_Bytes_Diff1,Difference,Temporal / Behaviour
timestep_7_feature_79,0.0,7,79,Avg_Packets_Per_Second_RollingMean5,Rolling Mean,Temporal / Behaviour
timestep_7_feature_81,0.0,7,81,Avg_Packets_Per_Second_ZScore5,Z-Score,Temporal / Behaviour
timestep_7_feature_82,0.0,7,82,Avg_Packets_Per_Second_Slope5,Slope,Temporal / Behaviour
timestep_7_feature_84,0.0,7,84,Avg_Packet_Length_Diff5,Difference,Temporal / Behaviour
timestep_7_feature_86,0.0,7,86,Avg_Packet_Length_PctChange5,Percentage Change,Temporal / Behaviour
timestep_7_feature_89,0.0,7,89,Avg_Packet_Length_ZScore5,Z-Score,Temporal / Behaviour
timestep_7_feature_90,0.0,7,90,Avg_Packet_Length_Slope5,Slope,Temporal / Behaviour
timestep_7_feature_91,0.0,7,91,Avg_Packet_Length_Std_Diff1,Difference,Temporal / Behaviour
timestep_7_feature_57,0.0,7,57,Avg_Fwd_Bytes_ZScore5,Z-Score,Temporal / Behaviour
timestep_7_feature_58,0.0,7,58,Avg_Fwd_Bytes_Slope5,Slope,Temporal / Behaviour
timestep_7_feature_59,0.0,7,59,Avg_Bwd_Bytes_Diff1,Difference,Temporal / Behaviour
timestep_7_feature_60,0.0,7,60,Avg_Bwd_Bytes_Diff5,Difference,Temporal / Behaviour
timestep_7_feature_61,0.0,7,61,Avg_Bwd_Bytes_PctChange1,Percentage Change,Temporal / Behaviour
timestep_7_feature_62,0.0,7,62,Avg_Bwd_Bytes_PctChange5,Percentage Change,Temporal / Behaviour
timestep_7_feature_65,0.0,7,65,Avg_Bwd_Bytes_ZScore5,Z-Score,Temporal / Behaviour
timestep_7_feature_66,0.0,7,66,Avg_Bwd_Bytes_Slope5,Slope,Temporal / Behaviour
timestep_7_feature_75,0.0,7,75,Avg_Packets_Per_Second_Diff1,Difference,Temporal / Behaviour
timestep_7_feature_76,0.0,7,76,Avg_Packets_Per_Second_Diff5,Difference,Temporal / Behaviour
timestep_7_feature_77,0.0,7,77,Avg_Packets_Per_Second_PctChange1,Percentage Change,Temporal / Behaviour
timestep_4_feature_33,0.0,4,33,Avg_Flow_Duration_ZScore5,Z-Score,Temporal / Behaviour
timestep_4_feature_34,0.0,4,34,Avg_Flow_Duration_Slope5,Slope,Temporal / Behaviour
timestep_4_feature_35,0.0,4,35,Avg_Fwd_Packets_Diff1,Difference,Temporal / Behaviour
timestep_4_feature_36,0.0,4,36,Avg_Fwd_Packets_Diff5,Difference,Temporal / Behaviour
timestep_4_feature_37,0.0,4,37,Avg_Fwd_Packets_PctChange1,Percentage Change,Temporal / Behaviour
timestep_4_feature_38,0.0,4,38,Avg_Fwd_Packets_PctChange5,Percentage Change,Temporal / Behaviour
timestep_4_feature_42,0.0,4,42,Avg_Fwd_Packets_Slope5,Slope,Temporal / Behaviour
timestep_4_feature_43,0.0,4,43,Avg_Bwd_Packets_Diff1,Difference,Temporal / Behaviour
timestep_7_feature_78,0.0,7,78,Avg_Packets_Per_Second_PctChange5,Percentage Change,Temporal / Behaviour
timestep_2_feature_35,0.0,2,35,Avg_Fwd_Packets_Diff1,Difference,Temporal / Behaviour
timestep_7_feature_113,0.0,7,113,Avg_Bwd_Packets_Per_Second_ZScore5,Z-Score,Temporal / Behaviour
timestep_7_feature_92,0.0,7,92,Avg_Packet_Length_Std_Diff5,Difference,Temporal / Behaviour
timestep_7_feature_93,0.0,7,93,Avg_Packet_Length_Std_PctChange1,Percentage Change,Temporal / Behaviour
timestep_7_feature_97,0.0,7,97,Avg_Packet_Length_Std_ZScore5,Z-Score,Temporal / Behaviour
timestep_7_feature_98,0.0,7,98,Avg_Packet_Length_Std_Slope5,Slope,Temporal / Behaviour
timestep_7_feature_99,0.0,7,99,Avg_Fwd_Packets_Per_Second_Diff1,Difference,Temporal / Behaviour
timestep_7_feature_100,0.0,7,100,Avg_Fwd_Packets_Per_Second_Diff5,Difference,Temporal / Behaviour
timestep_7_feature_101,0.0,7,101,Avg_Fwd_Packets_Per_Second_PctChange1,Percentage Change,Temporal / Behaviour
timestep_7_feature_102,0.0,7,102,Avg_Fwd_Packets_Per_Second_PctChange5,Percentage Change,Temporal / Behaviour
timestep_7_feature_103,0.0,7,103,Avg_Fwd_Packets_Per_Second_RollingMean5,Rolling Mean,Temporal / Behaviour
timestep_7_feature_106,0.0,7,106,Avg_Fwd_Packets_Per_Second_Slope5,Slope,Temporal / Behaviour
timestep_7_feature_107,0.0,7,107,Avg_Bwd_Packets_Per_Second_Diff1,Difference,Temporal / Behaviour
timestep_7_feature_109,0.0,7,109,Avg_Bwd_Packets_Per_Second_PctChange1,Percentage Change,Temporal / Behaviour
timestep_7_feature_74,0.0,7,74,Avg_Bytes_Per_Second_Slope5,Slope,Temporal / Behaviour
timestep_7_feature_125,0.0,7,125,RST_Count_PctChange1,Percentage Change,Temporal / Behaviour
timestep_7_feature_127,0.0,7,127,RST_Count_RollingMean5,Rolling Mean,Temporal / Behaviour
timestep_7_feature_129,0.0,7,129,RST_Count_ZScore5,Z-Score,Temporal / Behaviour
timestep_7_feature_131,0.0,7,131,PSH_Count_Diff1,Difference,Temporal / Behaviour
timestep_7_feature_110,0.0,7,110,Avg_Bwd_Packets_Per_Second_PctChange5,Percentage Change,Temporal / Behaviour
timestep_2_feature_20,0.0,2,20,Flow_Count_Diff5,Difference,Temporal / Behaviour
timestep_2_feature_21,0.0,2,21,Flow_Count_PctChange1,Percentage Change,Temporal / Behaviour
timestep_2_feature_22,0.0,2,22,Flow_Count_PctChange5,Percentage Change,Temporal / Behaviour
timestep_2_feature_26,0.0,2,26,Flow_Count_Slope5,Slope,Temporal / Behaviour
timestep_2_feature_27,0.0,2,27,Avg_Flow_Duration_Diff1,Difference,Temporal / Behaviour
timestep_2_feature_28,0.0,2,28,Avg_Flow_Duration_Diff5,Difference,Temporal / Behaviour
timestep_2_feature_29,0.0,2,29,Avg_Flow_Duration_PctChange1,Percentage Change,Temporal / Behaviour
timestep_2_feature_30,0.0,2,30,Avg_Flow_Duration_PctChange5,Percentage Change,Temporal / Behaviour
timestep_2_feature_33,0.0,2,33,Avg_Flow_Duration_ZScore5,Z-Score,Temporal / Behaviour
timestep_2_feature_34,0.0,2,34,Avg_Flow_Duration_Slope5,Slope,Temporal / Behaviour
timestep_7_feature_139,0.0,7,139,ACK_Count_Diff1,Difference,Temporal / Behaviour
timestep_7_feature_140,0.0,7,140,ACK_Count_Diff5,Difference,Temporal / Behaviour
timestep_7_feature_141,0.0,7,141,ACK_Count_PctChange1,Percentage Change,Temporal / Behaviour
timestep_7_feature_142,0.0,7,142,ACK_Count_PctChange5,Percentage Change,Temporal / Behaviour
timestep_7_feature_144,0.0,7,144,ACK_Count_RollingStd5,Rolling Std,Temporal / Behaviour
timestep_7_feature_146,0.0,7,146,ACK_Count_Slope5,Slope,Temporal / Behaviour
timestep_7_feature_147,0.0,7,147,Unique_Destination_Ports_Diff1,Difference,Temporal / Behaviour
timestep_7_feature_150,0.0,7,150,Unique_Destination_Ports_PctChange5,Percentage Change,Temporal / Behaviour
timestep_7_feature_114,0.0,7,114,Avg_Bwd_Packets_Per_Second_Slope5,Slope,Temporal / Behaviour
timestep_7_feature_116,0.0,7,116,SYN_Count_Diff5,Difference,Temporal / Behaviour
timestep_7_feature_117,0.0,7,117,SYN_Count_PctChange1,Percentage Change,Temporal / Behaviour
timestep_7_feature_118,0.0,7,118,SYN_Count_PctChange5,Percentage Change,Temporal / Behaviour
timestep_7_feature_121,0.0,7,121,SYN_Count_ZScore5,Z-Score,Temporal / Behaviour
timestep_7_feature_122,0.0,7,122,SYN_Count_Slope5,Slope,Temporal / Behaviour
timestep_7_feature_123,0.0,7,123,RST_Count_Diff1,Difference,Temporal / Behaviour
timestep_7_feature_134,0.0,7,134,PSH_Count_PctChange5,Percentage Change,Temporal / Behaviour
timestep_7_feature_137,0.0,7,137,PSH_Count_ZScore5,Z-Score,Temporal / Behaviour
timestep_4_feature_19,0.0,4,19,Flow_Count_Diff1,Difference,Temporal / Behaviour
timestep_4_feature_20,0.0,4,20,Flow_Count_Diff5,Difference,Temporal / Behaviour
timestep_4_feature_21,0.0,4,21,Flow_Count_PctChange1,Percentage Change,Temporal / Behaviour
timestep_4_feature_22,0.0,4,22,Flow_Count_PctChange5,Percentage Change,Temporal / Behaviour
timestep_4_feature_24,0.0,4,24,Flow_Count_RollingStd5,Rolling Std,Temporal / Behaviour
timestep_4_feature_26,0.0,4,26,Flow_Count_Slope5,Slope,Temporal / Behaviour
timestep_3_feature_153,0.0,3,153,Unique_Destination_Ports_ZScore5,Z-Score,Temporal / Behaviour
timestep_3_feature_154,0.0,3,154,Unique_Destination_Ports_Slope5,Slope,Temporal / Behaviour
timestep_7_feature_138,0.0,7,138,PSH_Count_Slope5,Slope,Temporal / Behaviour
timestep_1_feature_35,0.0,1,35,Avg_Fwd_Packets_Diff1,Difference,Temporal / Behaviour
timestep_2_feature_19,0.0,2,19,Flow_Count_Diff1,Difference,Temporal / Behaviour
timestep_7_feature_153,0.0,7,153,Unique_Destination_Ports_ZScore5,Z-Score,Temporal / Behaviour
timestep_7_feature_154,0.0,7,154,Unique_Destination_Ports_Slope5,Slope,Temporal / Behaviour
timestep_7_feature_160,0.0,7,160,Bwd_Fwd_Byte_Ratio,Behaviour Ratio,Temporal / Behaviour
timestep_1_feature_34,0.0,1,34,Avg_Flow_Duration_Slope5,Slope,Temporal / Behaviour
timestep_1_feature_33,0.0,1,33,Avg_Flow_Duration_ZScore5,Z-Score,Temporal / Behaviour
timestep_1_feature_30,0.0,1,30,Avg_Flow_Duration_PctChange5,Percentage Change,Temporal / Behaviour
timestep_1_feature_29,0.0,1,29,Avg_Flow_Duration_PctChange1,Percentage Change,Temporal / Behaviour
timestep_1_feature_28,0.0,1,28,Avg_Flow_Duration_Diff5,Difference,Temporal / Behaviour
timestep_8_feature_27,0.0,8,27,Avg_Flow_Duration_Diff1,Difference,Temporal / Behaviour
timestep_8_feature_28,0.0,8,28,Avg_Flow_Duration_Diff5,Difference,Temporal / Behaviour
timestep_8_feature_29,0.0,8,29,Avg_Flow_Duration_PctChange1,Percentage Change,Temporal / Behaviour
timestep_8_feature_30,0.0,8,30,Avg_Flow_Duration_PctChange5,Percentage Change,Temporal / Behaviour
timestep_1_feature_27,0.0,1,27,Avg_Flow_Duration_Diff1,Difference,Temporal / Behaviour
timestep_8_feature_33,0.0,8,33,Avg_Flow_Duration_ZScore5,Z-Score,Temporal / Behaviour
timestep_8_feature_34,0.0,8,34,Avg_Flow_Duration_Slope5,Slope,Temporal / Behaviour
timestep_8_feature_35,0.0,8,35,Avg_Fwd_Packets_Diff1,Difference,Temporal / Behaviour
timestep_8_feature_36,0.0,8,36,Avg_Fwd_Packets_Diff5,Difference,Temporal / Behaviour
timestep_1_feature_26,0.0,1,26,Flow_Count_Slope5,Slope,Temporal / Behaviour
timestep_8_feature_44,0.0,8,44,Avg_Bwd_Packets_Diff5,Difference,Temporal / Behaviour
timestep_8_feature_45,0.0,8,45,Avg_Bwd_Packets_PctChange1,Percentage Change,Temporal / Behaviour
timestep_8_feature_46,0.0,8,46,Avg_Bwd_Packets_PctChange5,Percentage Change,Temporal / Behaviour
timestep_8_feature_49,0.0,8,49,Avg_Bwd_Packets_ZScore5,Z-Score,Temporal / Behaviour
timestep_8_feature_50,0.0,8,50,Avg_Bwd_Packets_Slope5,Slope,Temporal / Behaviour
timestep_8_feature_53,0.0,8,53,Avg_Fwd_Bytes_PctChange1,Percentage Change,Temporal / Behaviour
timestep_8_feature_57,0.0,8,57,Avg_Fwd_Bytes_ZScore5,Z-Score,Temporal / Behaviour
timestep_8_feature_19,0.0,8,19,Flow_Count_Diff1,Difference,Temporal / Behaviour
timestep_8_feature_20,0.0,8,20,Flow_Count_Diff5,Difference,Temporal / Behaviour
timestep_8_feature_22,0.0,8,22,Flow_Count_PctChange5,Percentage Change,Temporal / Behaviour
timestep_8_feature_26,0.0,8,26,Flow_Count_Slope5,Slope,Temporal / Behaviour
timestep_8_feature_37,0.0,8,37,Avg_Fwd_Packets_PctChange1,Percentage Change,Temporal / Behaviour
timestep_8_feature_38,0.0,8,38,Avg_Fwd_Packets_PctChange5,Percentage Change,Temporal / Behaviour
timestep_10_feature_130,0.0,10,130,RST_Count_Slope5,Slope,Temporal / Behaviour
timestep_3_feature_160,0.0,3,160,Bwd_Fwd_Byte_Ratio,Behaviour Ratio,Temporal / Behaviour
timestep_8_feature_42,0.0,8,42,Avg_Fwd_Packets_Slope5,Slope,Temporal / Behaviour
timestep_8_feature_43,0.0,8,43,Avg_Bwd_Packets_Diff1,Difference,Temporal / Behaviour
timestep_8_feature_88,0.0,8,88,Avg_Packet_Length_RollingStd5,Rolling Std,Temporal / Behaviour
timestep_8_feature_89,0.0,8,89,Avg_Packet_Length_ZScore5,Z-Score,Temporal / Behaviour
timestep_8_feature_90,0.0,8,90,Avg_Packet_Length_Slope5,Slope,Temporal / Behaviour
timestep_8_feature_91,0.0,8,91,Avg_Packet_Length_Std_Diff1,Difference,Temporal / Behaviour
timestep_8_feature_59,0.0,8,59,Avg_Bwd_Bytes_Diff1,Difference,Temporal / Behaviour
timestep_8_feature_60,0.0,8,60,Avg_Bwd_Bytes_Diff5,Difference,Temporal / Behaviour
timestep_8_feature_62,0.0,8,62,Avg_Bwd_Bytes_PctChange5,Percentage Change,Temporal / Behaviour
timestep_10_feature_131,0.0,10,131,PSH_Count_Diff1,Difference,Temporal / Behaviour
timestep_8_feature_65,0.0,8,65,Avg_Bwd_Bytes_ZScore5,Z-Score,Temporal / Behaviour
timestep_8_feature_66,0.0,8,66,Avg_Bwd_Bytes_Slope5,Slope,Temporal / Behaviour
timestep_8_feature_68,0.0,8,68,Avg_Bytes_Per_Second_Diff5,Difference,Temporal / Behaviour
timestep_8_feature_69,0.0,8,69,Avg_Bytes_Per_Second_PctChange1,Percentage Change,Temporal / Behaviour
timestep_8_feature_70,0.0,8,70,Avg_Bytes_Per_Second_PctChange5,Percentage Change,Temporal / Behaviour
timestep_8_feature_73,0.0,8,73,Avg_Bytes_Per_Second_ZScore5,Z-Score,Temporal / Behaviour
timestep_8_feature_74,0.0,8,74,Avg_Bytes_Per_Second_Slope5,Slope,Temporal / Behaviour
timestep_8_feature_75,0.0,8,75,Avg_Packets_Per_Second_Diff1,Difference,Temporal / Behaviour
timestep_10_feature_139,0.0,10,139,ACK_Count_Diff1,Difference,Temporal / Behaviour
timestep_3_feature_149,0.0,3,149,Unique_Destination_Ports_PctChange1,Percentage Change,Temporal / Behaviour
timestep_3_feature_150,0.0,3,150,Unique_Destination_Ports_PctChange5,Percentage Change,Temporal / Behaviour
timestep_3_feature_131,0.0,3,131,PSH_Count_Diff1,Difference,Temporal / Behaviour
timestep_3_feature_133,0.0,3,133,PSH_Count_PctChange1,Percentage Change,Temporal / Behaviour
timestep_8_feature_82,0.0,8,82,Avg_Packets_Per_Second_Slope5,Slope,Temporal / Behaviour
timestep_8_feature_83,0.0,8,83,Avg_Packet_Length_Diff1,Difference,Temporal / Behaviour
timestep_8_feature_84,0.0,8,84,Avg_Packet_Length_Diff5,Difference,Temporal / Behaviour
timestep_10_feature_160,0.0,10,160,Bwd_Fwd_Byte_Ratio,Behaviour Ratio,Temporal / Behaviour
timestep_8_feature_86,0.0,8,86,Avg_Packet_Length_PctChange5,Percentage Change,Temporal / Behaviour
timestep_8_feature_114,0.0,8,114,Avg_Bwd_Packets_Per_Second_Slope5,Slope,Temporal / Behaviour
timestep_8_feature_115,0.0,8,115,SYN_Count_Diff1,Difference,Temporal / Behaviour
timestep_8_feature_116,0.0,8,116,SYN_Count_Diff5,Difference,Temporal / Behaviour
timestep_8_feature_117,0.0,8,117,SYN_Count_PctChange1,Percentage Change,Temporal / Behaviour
timestep_8_feature_93,0.0,8,93,Avg_Packet_Length_Std_PctChange1,Percentage Change,Temporal / Behaviour
timestep_1_feature_154,0.0,1,154,Unique_Destination_Ports_Slope5,Slope,Temporal / Behaviour
timestep_1_feature_160,0.0,1,160,Bwd_Fwd_Byte_Ratio,Behaviour Ratio,Temporal / Behaviour
timestep_8_feature_94,0.0,8,94,Avg_Packet_Length_Std_PctChange5,Percentage Change,Temporal / Behaviour
timestep_8_feature_97,0.0,8,97,Avg_Packet_Length_Std_ZScore5,Z-Score,Temporal / Behaviour
timestep_8_feature_76,0.0,8,76,Avg_Packets_Per_Second_Diff5,Difference,Temporal / Behaviour
timestep_8_feature_78,0.0,8,78,Avg_Packets_Per_Second_PctChange5,Percentage Change,Temporal / Behaviour
timestep_8_feature_79,0.0,8,79,Avg_Packets_Per_Second_RollingMean5,Rolling Mean,Temporal / Behaviour
timestep_10_feature_97,0.0,10,97,Avg_Packet_Length_Std_ZScore5,Z-Score,Temporal / Behaviour
timestep_8_feature_105,0.0,8,105,Avg_Fwd_Packets_Per_Second_ZScore5,Z-Score,Temporal / Behaviour
timestep_10_feature_98,0.0,10,98,Avg_Packet_Length_Std_Slope5,Slope,Temporal / Behaviour
timestep_3_feature_137,0.0,3,137,PSH_Count_ZScore5,Z-Score,Temporal / Behaviour
timestep_3_feature_138,0.0,3,138,PSH_Count_Slope5,Slope,Temporal / Behaviour
timestep_3_feature_139,0.0,3,139,ACK_Count_Diff1,Difference,Temporal / Behaviour
timestep_3_feature_140,0.0,3,140,ACK_Count_Diff5,Difference,Temporal / Behaviour
timestep_3_feature_141,0.0,3,141,ACK_Count_PctChange1,Percentage Change,Temporal / Behaviour
timestep_3_feature_142,0.0,3,142,ACK_Count_PctChange5,Percentage Change,Temporal / Behaviour
timestep_3_feature_146,0.0,3,146,ACK_Count_Slope5,Slope,Temporal / Behaviour
timestep_3_feature_109,0.0,3,109,Avg_Bwd_Packets_Per_Second_PctChange1,Percentage Change,Temporal / Behaviour
timestep_8_feature_106,0.0,8,106,Avg_Fwd_Packets_Per_Second_Slope5,Slope,Temporal / Behaviour
timestep_8_feature_107,0.0,8,107,Avg_Bwd_Packets_Per_Second_Diff1,Difference,Temporal / Behaviour
timestep_8_feature_109,0.0,8,109,Avg_Bwd_Packets_Per_Second_PctChange1,Percentage Change,Temporal / Behaviour
timestep_10_feature_99,0.0,10,99,Avg_Fwd_Packets_Per_Second_Diff1,Difference,Temporal / Behaviour
timestep_8_feature_113,0.0,8,113,Avg_Bwd_Packets_Per_Second_ZScore5,Z-Score,Temporal / Behaviour
timestep_1_feature_145,0.0,1,145,ACK_Count_ZScore5,Z-Score,Temporal / Behaviour
timestep_1_feature_146,0.0,1,146,ACK_Count_Slope5,Slope,Temporal / Behaviour
timestep_1_feature_147,0.0,1,147,Unique_Destination_Ports_Diff1,Difference,Temporal / Behaviour
timestep_8_feature_142,0.0,8,142,ACK_Count_PctChange5,Percentage Change,Temporal / Behaviour
timestep_8_feature_144,0.0,8,144,ACK_Count_RollingStd5,Rolling Std,Temporal / Behaviour
timestep_8_feature_121,0.0,8,121,SYN_Count_ZScore5,Z-Score,Temporal / Behaviour
timestep_8_feature_122,0.0,8,122,SYN_Count_Slope5,Slope,Temporal / Behaviour
timestep_8_feature_123,0.0,8,123,RST_Count_Diff1,Difference,Temporal / Behaviour
timestep_8_feature_125,0.0,8,125,RST_Count_PctChange1,Percentage Change,Temporal / Behaviour
timestep_8_feature_133,0.0,8,133,PSH_Count_PctChange1,Percentage Change,Temporal / Behaviour
timestep_10_feature_100,0.0,10,100,Avg_Fwd_Packets_Per_Second_Diff5,Difference,Temporal / Behaviour
timestep_8_feature_137,0.0,8,137,PSH_Count_ZScore5,Z-Score,Temporal / Behaviour
timestep_8_feature_138,0.0,8,138,PSH_Count_Slope5,Slope,Temporal / Behaviour
timestep_8_feature_139,0.0,8,139,ACK_Count_Diff1,Difference,Temporal / Behaviour
timestep_8_feature_101,0.0,8,101,Avg_Fwd_Packets_Per_Second_PctChange1,Percentage Change,Temporal / Behaviour
timestep_8_feature_102,0.0,8,102,Avg_Fwd_Packets_Per_Second_PctChange5,Percentage Change,Temporal / Behaviour
timestep_1_feature_134,0.0,1,134,PSH_Count_PctChange5,Percentage Change,Temporal / Behaviour
timestep_3_feature_113,0.0,3,113,Avg_Bwd_Packets_Per_Second_ZScore5,Z-Score,Temporal / Behaviour
timestep_3_feature_114,0.0,3,114,Avg_Bwd_Packets_Per_Second_Slope5,Slope,Temporal / Behaviour
timestep_3_feature_116,0.0,3,116,SYN_Count_Diff5,Difference,Temporal / Behaviour
timestep_4_feature_121,0.0,4,121,SYN_Count_ZScore5,Z-Score,Temporal / Behaviour
timestep_3_feature_123,0.0,3,123,RST_Count_Diff1,Difference,Temporal / Behaviour
timestep_3_feature_125,0.0,3,125,RST_Count_PctChange1,Percentage Change,Temporal / Behaviour
timestep_3_feature_127,0.0,3,127,RST_Count_RollingMean5,Rolling Mean,Temporal / Behaviour
timestep_3_feature_90,0.0,3,90,Avg_Packet_Length_Slope5,Slope,Temporal / Behaviour
timestep_3_feature_91,0.0,3,91,Avg_Packet_Length_Std_Diff1,Difference,Temporal / Behaviour
timestep_3_feature_93,0.0,3,93,Avg_Packet_Length_Std_PctChange1,Percentage Change,Temporal / Behaviour
timestep_1_feature_137,0.0,1,137,PSH_Count_ZScore5,Z-Score,Temporal / Behaviour
timestep_1_feature_138,0.0,1,138,PSH_Count_Slope5,Slope,Temporal / Behaviour
timestep_1_feature_141,0.0,1,141,ACK_Count_PctChange1,Percentage Change,Temporal / Behaviour
timestep_1_feature_142,0.0,1,142,ACK_Count_PctChange5,Percentage Change,Temporal / Behaviour
timestep_1_feature_130,0.0,1,130,RST_Count_Slope5,Slope,Temporal / Behaviour
timestep_1_feature_131,0.0,1,131,PSH_Count_Diff1,Difference,Temporal / Behaviour
timestep_8_feature_145,0.0,8,145,ACK_Count_ZScore5,Z-Score,Temporal / Behaviour
timestep_8_feature_146,0.0,8,146,ACK_Count_Slope5,Slope,Temporal / Behaviour
timestep_8_feature_147,0.0,8,147,Unique_Destination_Ports_Diff1,Difference,Temporal / Behaviour
timestep_8_feature_148,0.0,8,148,Unique_Destination_Ports_Diff5,Difference,Temporal / Behaviour
timestep_8_feature_150,0.0,8,150,Unique_Destination_Ports_PctChange5,Percentage Change,Temporal / Behaviour
timestep_8_feature_153,0.0,8,153,Unique_Destination_Ports_ZScore5,Z-Score,Temporal / Behaviour
timestep_8_feature_154,0.0,8,154,Unique_Destination_Ports_Slope5,Slope,Temporal / Behaviour
timestep_8_feature_160,0.0,8,160,Bwd_Fwd_Byte_Ratio,Behaviour Ratio,Temporal / Behaviour
timestep_8_feature_140,0.0,8,140,ACK_Count_Diff5,Difference,Temporal / Behaviour
timestep_8_feature_141,0.0,8,141,ACK_Count_PctChange1,Percentage Change,Temporal / Behaviour
timestep_4_feature_138,0.0,4,138,PSH_Count_Slope5,Slope,Temporal / Behaviour
timestep_9_feature_28,0.0,9,28,Avg_Flow_Duration_Diff5,Difference,Temporal / Behaviour
timestep_9_feature_29,0.0,9,29,Avg_Flow_Duration_PctChange1,Percentage Change,Temporal / Behaviour
timestep_9_feature_30,0.0,9,30,Avg_Flow_Duration_PctChange5,Percentage Change,Temporal / Behaviour
timestep_9_feature_33,0.0,9,33,Avg_Flow_Duration_ZScore5,Z-Score,Temporal / Behaviour
timestep_9_feature_34,0.0,9,34,Avg_Flow_Duration_Slope5,Slope,Temporal / Behaviour
timestep_9_feature_35,0.0,9,35,Avg_Fwd_Packets_Diff1,Difference,Temporal / Behaviour
timestep_9_feature_36,0.0,9,36,Avg_Fwd_Packets_Diff5,Difference,Temporal / Behaviour
timestep_9_feature_37,0.0,9,37,Avg_Fwd_Packets_PctChange1,Percentage Change,Temporal / Behaviour
timestep_9_feature_38,0.0,9,38,Avg_Fwd_Packets_PctChange5,Percentage Change,Temporal / Behaviour
timestep_4_feature_139,0.0,4,139,ACK_Count_Diff1,Difference,Temporal / Behaviour
timestep_4_feature_140,0.0,4,140,ACK_Count_Diff5,Difference,Temporal / Behaviour
timestep_4_feature_145,0.0,4,145,ACK_Count_ZScore5,Z-Score,Temporal / Behaviour
timestep_4_feature_146,0.0,4,146,ACK_Count_Slope5,Slope,Temporal / Behaviour
timestep_1_feature_122,0.0,1,122,SYN_Count_Slope5,Slope,Temporal / Behaviour
timestep_1_feature_129,0.0,1,129,RST_Count_ZScore5,Z-Score,Temporal / Behaviour
timestep_9_feature_45,0.0,9,45,Avg_Bwd_Packets_PctChange1,Percentage Change,Temporal / Behaviour
timestep_9_feature_46,0.0,9,46,Avg_Bwd_Packets_PctChange5,Percentage Change,Temporal / Behaviour
timestep_9_feature_49,0.0,9,49,Avg_Bwd_Packets_ZScore5,Z-Score,Temporal / Behaviour
timestep_4_feature_148,0.0,4,148,Unique_Destination_Ports_Diff5,Difference,Temporal / Behaviour
timestep_9_feature_51,0.0,9,51,Avg_Fwd_Bytes_Diff1,Difference,Temporal / Behaviour
timestep_9_feature_53,0.0,9,53,Avg_Fwd_Bytes_PctChange1,Percentage Change,Temporal / Behaviour
timestep_9_feature_58,0.0,9,58,Avg_Fwd_Bytes_Slope5,Slope,Temporal / Behaviour
timestep_9_feature_59,0.0,9,59,Avg_Bwd_Bytes_Diff1,Difference,Temporal / Behaviour
timestep_4_feature_150,0.0,4,150,Unique_Destination_Ports_PctChange5,Percentage Change,Temporal / Behaviour
timestep_4_feature_160,0.0,4,160,Bwd_Fwd_Byte_Ratio,Behaviour Ratio,Temporal / Behaviour
timestep_2_feature_116,0.0,2,116,SYN_Count_Diff5,Difference,Temporal / Behaviour
timestep_9_feature_25,0.0,9,25,Flow_Count_ZScore5,Z-Score,Temporal / Behaviour
timestep_9_feature_26,0.0,9,26,Flow_Count_Slope5,Slope,Temporal / Behaviour
timestep_9_feature_27,0.0,9,27,Avg_Flow_Duration_Diff1,Difference,Temporal / Behaviour
timestep_9_feature_41,0.0,9,41,Avg_Fwd_Packets_ZScore5,Z-Score,Temporal / Behaviour
timestep_9_feature_43,0.0,9,43,Avg_Bwd_Packets_Diff1,Difference,Temporal / Behaviour
timestep_4_feature_118,0.0,4,118,SYN_Count_PctChange5,Percentage Change,Temporal / Behaviour
timestep_5_feature_19,0.0,5,19,Flow_Count_Diff1,Difference,Temporal / Behaviour
timestep_3_feature_98,0.0,3,98,Avg_Packet_Length_Std_Slope5,Slope,Temporal / Behaviour
timestep_3_feature_99,0.0,3,99,Avg_Fwd_Packets_Per_Second_Diff1,Difference,Temporal / Behaviour
timestep_3_feature_101,0.0,3,101,Avg_Fwd_Packets_Per_Second_PctChange1,Percentage Change,Temporal / Behaviour
timestep_5_feature_20,0.0,5,20,Flow_Count_Diff5,Difference,Temporal / Behaviour
timestep_3_feature_103,0.0,3,103,Avg_Fwd_Packets_Per_Second_RollingMean5,Rolling Mean,Temporal / Behaviour
timestep_5_feature_21,0.0,5,21,Flow_Count_PctChange1,Percentage Change,Temporal / Behaviour
timestep_5_feature_25,0.0,5,25,Flow_Count_ZScore5,Z-Score,Temporal / Behaviour
timestep_3_feature_107,0.0,3,107,Avg_Bwd_Packets_Per_Second_Diff1,Difference,Temporal / Behaviour
timestep_3_feature_108,0.0,3,108,Avg_Bwd_Packets_Per_Second_Diff5,Difference,Temporal / Behaviour
timestep_3_feature_22,0.0,3,22,Flow_Count_PctChange5,Percentage Change,Temporal / Behaviour
timestep_3_feature_25,0.0,3,25,Flow_Count_ZScore5,Z-Score,Temporal / Behaviour
timestep_3_feature_26,0.0,3,26,Flow_Count_Slope5,Slope,Temporal / Behaviour
timestep_9_feature_78,0.0,9,78,Avg_Packets_Per_Second_PctChange5,Percentage Change,Temporal / Behaviour
timestep_9_feature_81,0.0,9,81,Avg_Packets_Per_Second_ZScore5,Z-Score,Temporal / Behaviour
timestep_9_feature_82,0.0,9,82,Avg_Packets_Per_Second_Slope5,Slope,Temporal / Behaviour
timestep_9_feature_62,0.0,9,62,Avg_Bwd_Bytes_PctChange5,Percentage Change,Temporal / Behaviour
timestep_9_feature_65,0.0,9,65,Avg_Bwd_Bytes_ZScore5,Z-Score,Temporal / Behaviour
timestep_5_feature_26,0.0,5,26,Flow_Count_Slope5,Slope,Temporal / Behaviour
timestep_9_feature_68,0.0,9,68,Avg_Bytes_Per_Second_Diff5,Difference,Temporal / Behaviour
timestep_9_feature_69,0.0,9,69,Avg_Bytes_Per_Second_PctChange1,Percentage Change,Temporal / Behaviour
timestep_9_feature_70,0.0,9,70,Avg_Bytes_Per_Second_PctChange5,Percentage Change,Temporal / Behaviour
timestep_9_feature_73,0.0,9,73,Avg_Bytes_Per_Second_ZScore5,Z-Score,Temporal / Behaviour
timestep_9_feature_74,0.0,9,74,Avg_Bytes_Per_Second_Slope5,Slope,Temporal / Behaviour
timestep_9_feature_75,0.0,9,75,Avg_Packets_Per_Second_Diff1,Difference,Temporal / Behaviour
timestep_1_feature_101,0.0,1,101,Avg_Fwd_Packets_Per_Second_PctChange1,Percentage Change,Temporal / Behaviour
timestep_1_feature_102,0.0,1,102,Avg_Fwd_Packets_Per_Second_PctChange5,Percentage Change,Temporal / Behaviour
timestep_2_feature_117,0.0,2,117,SYN_Count_PctChange1,Percentage Change,Temporal / Behaviour
timestep_2_feature_118,0.0,2,118,SYN_Count_PctChange5,Percentage Change,Temporal / Behaviour
timestep_9_feature_92,0.0,9,92,Avg_Packet_Length_Std_Diff5,Difference,Temporal / Behaviour
timestep_9_feature_93,0.0,9,93,Avg_Packet_Length_Std_PctChange1,Percentage Change,Temporal / Behaviour
timestep_9_feature_94,0.0,9,94,Avg_Packet_Length_Std_PctChange5,Percentage Change,Temporal / Behaviour
timestep_9_feature_97,0.0,9,97,Avg_Packet_Length_Std_ZScore5,Z-Score,Temporal / Behaviour
timestep_2_feature_121,0.0,2,121,SYN_Count_ZScore5,Z-Score,Temporal / Behaviour
timestep_9_feature_99,0.0,9,99,Avg_Fwd_Packets_Per_Second_Diff1,Difference,Temporal / Behaviour
timestep_9_feature_100,0.0,9,100,Avg_Fwd_Packets_Per_Second_Diff5,Difference,Temporal / Behaviour
timestep_1_feature_106,0.0,1,106,Avg_Fwd_Packets_Per_Second_Slope5,Slope,Temporal / Behaviour
timestep_1_feature_107,0.0,1,107,Avg_Bwd_Packets_Per_Second_Diff1,Difference,Temporal / Behaviour
timestep_2_feature_122,0.0,2,122,SYN_Count_Slope5,Slope,Temporal / Behaviour
timestep_1_feature_109,0.0,1,109,Avg_Bwd_Packets_Per_Second_PctChange1,Percentage Change,Temporal / Behaviour
timestep_1_feature_111,0.0,1,111,Avg_Bwd_Packets_Per_Second_RollingMean5,Rolling Mean,Temporal / Behaviour
timestep_1_feature_114,0.0,1,114,Avg_Bwd_Packets_Per_Second_Slope5,Slope,Temporal / Behaviour
timestep_1_feature_115,0.0,1,115,SYN_Count_Diff1,Difference,Temporal / Behaviour
timestep_1_feature_116,0.0,1,116,SYN_Count_Diff5,Difference,Temporal / Behaviour
timestep_9_feature_77,0.0,9,77,Avg_Packets_Per_Second_PctChange1,Percentage Change,Temporal / Behaviour
timestep_3_feature_70,0.0,3,70,Avg_Bytes_Per_Second_PctChange5,Percentage Change,Temporal / Behaviour
timestep_9_feature_107,0.0,9,107,Avg_Bwd_Packets_Per_Second_Diff1,Difference,Temporal / Behaviour
timestep_9_feature_108,0.0,9,108,Avg_Bwd_Packets_Per_Second_Diff5,Difference,Temporal / Behaviour
timestep_9_feature_109,0.0,9,109,Avg_Bwd_Packets_Per_Second_PctChange1,Percentage Change,Temporal / Behaviour
timestep_9_feature_110,0.0,9,110,Avg_Bwd_Packets_Per_Second_PctChange5,Percentage Change,Temporal / Behaviour
timestep_9_feature_113,0.0,9,113,Avg_Bwd_Packets_Per_Second_ZScore5,Z-Score,Temporal / Behaviour
timestep_9_feature_115,0.0,9,115,SYN_Count_Diff1,Difference,Temporal / Behaviour
timestep_9_feature_116,0.0,9,116,SYN_Count_Diff5,Difference,Temporal / Behaviour
timestep_9_feature_117,0.0,9,117,SYN_Count_PctChange1,Percentage Change,Temporal / Behaviour
timestep_9_feature_118,0.0,9,118,SYN_Count_PctChange5,Percentage Change,Temporal / Behaviour
timestep_9_feature_83,0.0,9,83,Avg_Packet_Length_Diff1,Difference,Temporal / Behaviour
timestep_9_feature_84,0.0,9,84,Avg_Packet_Length_Diff5,Difference,Temporal / Behaviour
timestep_9_feature_85,0.0,9,85,Avg_Packet_Length_PctChange1,Percentage Change,Temporal / Behaviour
timestep_9_feature_86,0.0,9,86,Avg_Packet_Length_PctChange5,Percentage Change,Temporal / Behaviour
timestep_9_feature_89,0.0,9,89,Avg_Packet_Length_ZScore5,Z-Score,Temporal / Behaviour
timestep_9_feature_91,0.0,9,91,Avg_Packet_Length_Std_Diff1,Difference,Temporal / Behaviour
timestep_9_feature_101,0.0,9,101,Avg_Fwd_Packets_Per_Second_PctChange1,Percentage Change,Temporal / Behaviour
timestep_9_feature_103,0.0,9,103,Avg_Fwd_Packets_Per_Second_RollingMean5,Rolling Mean,Temporal / Behaviour
timestep_9_feature_105,0.0,9,105,Avg_Fwd_Packets_Per_Second_ZScore5,Z-Score,Temporal / Behaviour
timestep_3_feature_27,0.0,3,27,Avg_Flow_Duration_Diff1,Difference,Temporal / Behaviour
timestep_3_feature_28,0.0,3,28,Avg_Flow_Duration_Diff5,Difference,Temporal / Behaviour
timestep_3_feature_29,0.0,3,29,Avg_Flow_Duration_PctChange1,Percentage Change,Temporal / Behaviour
timestep_3_feature_30,0.0,3,30,Avg_Flow_Duration_PctChange5,Percentage Change,Temporal / Behaviour
timestep_3_feature_34,0.0,3,34,Avg_Flow_Duration_Slope5,Slope,Temporal / Behaviour
timestep_3_feature_83,0.0,3,83,Avg_Packet_Length_Diff1,Difference,Temporal / Behaviour
timestep_3_feature_84,0.0,3,84,Avg_Packet_Length_Diff5,Difference,Temporal / Behaviour
timestep_3_feature_85,0.0,3,85,Avg_Packet_Length_PctChange1,Percentage Change,Temporal / Behaviour
timestep_3_feature_86,0.0,3,86,Avg_Packet_Length_PctChange5,Percentage Change,Temporal / Behaviour
timestep_3_feature_89,0.0,3,89,Avg_Packet_Length_ZScore5,Z-Score,Temporal / Behaviour
timestep_3_feature_67,0.0,3,67,Avg_Bytes_Per_Second_Diff1,Difference,Temporal / Behaviour
timestep_3_feature_68,0.0,3,68,Avg_Bytes_Per_Second_Diff5,Difference,Temporal / Behaviour
timestep_3_feature_69,0.0,3,69,Avg_Bytes_Per_Second_PctChange1,Percentage Change,Temporal / Behaviour
timestep_9_feature_141,0.0,9,141,ACK_Count_PctChange1,Percentage Change,Temporal / Behaviour
timestep_9_feature_142,0.0,9,142,ACK_Count_PctChange5,Percentage Change,Temporal / Behaviour
timestep_9_feature_143,0.0,9,143,ACK_Count_RollingMean5,Rolling Mean,Temporal / Behaviour
timestep_9_feature_146,0.0,9,146,ACK_Count_Slope5,Slope,Temporal / Behaviour
timestep_9_feature_122,0.0,9,122,SYN_Count_Slope5,Slope,Temporal / Behaviour
timestep_9_feature_123,0.0,9,123,RST_Count_Diff1,Difference,Temporal / Behaviour
timestep_1_feature_85,0.0,1,85,Avg_Packet_Length_PctChange1,Percentage Change,Temporal / Behaviour
timestep_1_feature_89,0.0,1,89,Avg_Packet_Length_ZScore5,Z-Score,Temporal / Behaviour
timestep_1_feature_90,0.0,1,90,Avg_Packet_Length_Slope5,Slope,Temporal / Behaviour
timestep_1_feature_92,0.0,1,92,Avg_Packet_Length_Std_Diff5,Difference,Temporal / Behaviour
timestep_1_feature_93,0.0,1,93,Avg_Packet_Length_Std_PctChange1,Percentage Change,Temporal / Behaviour
timestep_1_feature_97,0.0,1,97,Avg_Packet_Length_Std_ZScore5,Z-Score,Temporal / Behaviour
timestep_1_feature_98,0.0,1,98,Avg_Packet_Length_Std_Slope5,Slope,Temporal / Behaviour
timestep_1_feature_99,0.0,1,99,Avg_Fwd_Packets_Per_Second_Diff1,Difference,Temporal / Behaviour
timestep_2_feature_123,0.0,2,123,RST_Count_Diff1,Difference,Temporal / Behaviour
timestep_9_feature_125,0.0,9,125,RST_Count_PctChange1,Percentage Change,Temporal / Behaviour
timestep_2_feature_125,0.0,2,125,RST_Count_PctChange1,Percentage Change,Temporal / Behaviour
timestep_1_feature_70,0.0,1,70,Avg_Bytes_Per_Second_PctChange5,Percentage Change,Temporal / Behaviour
timestep_2_feature_129,0.0,2,129,RST_Count_ZScore5,Z-Score,Temporal / Behaviour
timestep_9_feature_129,0.0,9,129,RST_Count_ZScore5,Z-Score,Temporal / Behaviour
timestep_2_feature_130,0.0,2,130,RST_Count_Slope5,Slope,Temporal / Behaviour
timestep_9_feature_131,0.0,9,131,PSH_Count_Diff1,Difference,Temporal / Behaviour
timestep_9_feature_132,0.0,9,132,PSH_Count_Diff5,Difference,Temporal / Behaviour
timestep_9_feature_133,0.0,9,133,PSH_Count_PctChange1,Percentage Change,Temporal / Behaviour
timestep_9_feature_134,0.0,9,134,PSH_Count_PctChange5,Percentage Change,Temporal / Behaviour
timestep_9_feature_137,0.0,9,137,PSH_Count_ZScore5,Z-Score,Temporal / Behaviour
timestep_9_feature_138,0.0,9,138,PSH_Count_Slope5,Slope,Temporal / Behaviour
timestep_9_feature_139,0.0,9,139,ACK_Count_Diff1,Difference,Temporal / Behaviour
timestep_9_feature_149,0.0,9,149,Unique_Destination_Ports_PctChange1,Percentage Change,Temporal / Behaviour
timestep_2_feature_131,0.0,2,131,PSH_Count_Diff1,Difference,Temporal / Behaviour
timestep_3_feature_73,0.0,3,73,Avg_Bytes_Per_Second_ZScore5,Z-Score,Temporal / Behaviour
timestep_3_feature_75,0.0,3,75,Avg_Packets_Per_Second_Diff1,Difference,Temporal / Behaviour
timestep_3_feature_76,0.0,3,76,Avg_Packets_Per_Second_Diff5,Difference,Temporal / Behaviour
timestep_3_feature_77,0.0,3,77,Avg_Packets_Per_Second_PctChange1,Percentage Change,Temporal / Behaviour
timestep_3_feature_78,0.0,3,78,Avg_Packets_Per_Second_PctChange5,Percentage Change,Temporal / Behaviour
timestep_3_feature_79,0.0,3,79,Avg_Packets_Per_Second_RollingMean5,Rolling Mean,Temporal / Behaviour
timestep_3_feature_81,0.0,3,81,Avg_Packets_Per_Second_ZScore5,Z-Score,Temporal / Behaviour
timestep_3_feature_19,0.0,3,19,Flow_Count_Diff1,Difference,Temporal / Behaviour
timestep_3_feature_20,0.0,3,20,Flow_Count_Diff5,Difference,Temporal / Behaviour
timestep_3_feature_21,0.0,3,21,Flow_Count_PctChange1,Percentage Change,Temporal / Behaviour
timestep_3_feature_50,0.0,3,50,Avg_Bwd_Packets_Slope5,Slope,Temporal / Behaviour
timestep_3_feature_52,0.0,3,52,Avg_Fwd_Bytes_Diff5,Difference,Temporal / Behaviour
timestep_3_feature_53,0.0,3,53,Avg_Fwd_Bytes_PctChange1,Percentage Change,Temporal / Behaviour
timestep_9_feature_154,0.0,9,154,Unique_Destination_Ports_Slope5,Slope,Temporal / Behaviour
timestep_1_feature_73,0.0,1,73,Avg_Bytes_Per_Second_ZScore5,Z-Score,Temporal / Behaviour
timestep_1_feature_74,0.0,1,74,Avg_Bytes_Per_Second_Slope5,Slope,Temporal / Behaviour
timestep_1_feature_75,0.0,1,75,Avg_Packets_Per_Second_Diff1,Difference,Temporal / Behaviour
timestep_3_feature_105,0.0,3,105,Avg_Fwd_Packets_Per_Second_ZScore5,Z-Score,Temporal / Behaviour
timestep_1_feature_79,0.0,1,79,Avg_Packets_Per_Second_RollingMean5,Rolling Mean,Temporal / Behaviour
timestep_1_feature_80,0.0,1,80,Avg_Packets_Per_Second_RollingStd5,Rolling Std,Temporal / Behaviour
timestep_1_feature_81,0.0,1,81,Avg_Packets_Per_Second_ZScore5,Z-Score,Temporal / Behaviour
timestep_1_feature_82,0.0,1,82,Avg_Packets_Per_Second_Slope5,Slope,Temporal / Behaviour
timestep_1_feature_83,0.0,1,83,Avg_Packet_Length_Diff1,Difference,Temporal / Behaviour
timestep_1_feature_84,0.0,1,84,Avg_Packet_Length_Diff5,Difference,Temporal / Behaviour
timestep_10_feature_19,0.0,10,19,Flow_Count_Diff1,Difference,Temporal / Behaviour
timestep_10_feature_20,0.0,10,20,Flow_Count_Diff5,Difference,Temporal / Behaviour
timestep_9_feature_148,0.0,9,148,Unique_Destination_Ports_Diff5,Difference,Temporal / Behaviour
timestep_10_feature_46,0.0,10,46,Avg_Bwd_Packets_PctChange5,Percentage Change,Temporal / Behaviour
timestep_10_feature_49,0.0,10,49,Avg_Bwd_Packets_ZScore5,Z-Score,Temporal / Behaviour
timestep_10_feature_51,0.0,10,51,Avg_Fwd_Bytes_Diff1,Difference,Temporal / Behaviour
timestep_10_feature_52,0.0,10,52,Avg_Fwd_Bytes_Diff5,Difference,Temporal / Behaviour
timestep_10_feature_26,0.0,10,26,Flow_Count_Slope5,Slope,Temporal / Behaviour
timestep_10_feature_27,0.0,10,27,Avg_Flow_Duration_Diff1,Difference,Temporal / Behaviour
timestep_1_feature_57,0.0,1,57,Avg_Fwd_Bytes_ZScore5,Z-Score,Temporal / Behaviour
timestep_1_feature_58,0.0,1,58,Avg_Fwd_Bytes_Slope5,Slope,Temporal / Behaviour
timestep_1_feature_59,0.0,1,59,Avg_Bwd_Bytes_Diff1,Difference,Temporal / Behaviour
timestep_1_feature_60,0.0,1,60,Avg_Bwd_Bytes_Diff5,Difference,Temporal / Behaviour
timestep_1_feature_61,0.0,1,61,Avg_Bwd_Bytes_PctChange1,Percentage Change,Temporal / Behaviour
timestep_1_feature_62,0.0,1,62,Avg_Bwd_Bytes_PctChange5,Percentage Change,Temporal / Behaviour
timestep_1_feature_65,0.0,1,65,Avg_Bwd_Bytes_ZScore5,Z-Score,Temporal / Behaviour
timestep_1_feature_67,0.0,1,67,Avg_Bytes_Per_Second_Diff1,Difference,Temporal / Behaviour
timestep_1_feature_68,0.0,1,68,Avg_Bytes_Per_Second_Diff5,Difference,Temporal / Behaviour
timestep_5_feature_38,0.0,5,38,Avg_Fwd_Packets_PctChange5,Percentage Change,Temporal / Behaviour
timestep_3_feature_57,0.0,3,57,Avg_Fwd_Bytes_ZScore5,Z-Score,Temporal / Behaviour
timestep_3_feature_59,0.0,3,59,Avg_Bwd_Bytes_Diff1,Difference,Temporal / Behaviour
timestep_3_feature_61,0.0,3,61,Avg_Bwd_Bytes_PctChange1,Percentage Change,Temporal / Behaviour
timestep_3_feature_62,0.0,3,62,Avg_Bwd_Bytes_PctChange5,Percentage Change,Temporal / Behaviour
timestep_5_feature_41,0.0,5,41,Avg_Fwd_Packets_ZScore5,Z-Score,Temporal / Behaviour
timestep_3_feature_65,0.0,3,65,Avg_Bwd_Bytes_ZScore5,Z-Score,Temporal / Behaviour
timestep_3_feature_66,0.0,3,66,Avg_Bwd_Bytes_Slope5,Slope,Temporal / Behaviour
timestep_5_feature_42,0.0,5,42,Avg_Fwd_Packets_Slope5,Slope,Temporal / Behaviour
timestep_10_feature_154,0.0,10,154,Unique_Destination_Ports_Slope5,Slope,Temporal / Behaviour
timestep_10_feature_37,0.0,10,37,Avg_Fwd_Packets_PctChange1,Percentage Change,Temporal / Behaviour
timestep_10_feature_42,0.0,10,42,Avg_Fwd_Packets_Slope5,Slope,Temporal / Behaviour
timestep_10_feature_43,0.0,10,43,Avg_Bwd_Packets_Diff1,Difference,Temporal / Behaviour
timestep_10_feature_44,0.0,10,44,Avg_Bwd_Packets_Diff5,Difference,Temporal / Behaviour
timestep_10_feature_45,0.0,10,45,Avg_Bwd_Packets_PctChange1,Percentage Change,Temporal / Behaviour
timestep_10_feature_89,0.0,10,89,Avg_Packet_Length_ZScore5,Z-Score,Temporal / Behaviour
timestep_10_feature_90,0.0,10,90,Avg_Packet_Length_Slope5,Slope,Temporal / Behaviour
timestep_10_feature_91,0.0,10,91,Avg_Packet_Length_Std_Diff1,Difference,Temporal / Behaviour
timestep_10_feature_53,0.0,10,53,Avg_Fwd_Bytes_PctChange1,Percentage Change,Temporal / Behaviour
timestep_10_feature_54,0.0,10,54,Avg_Fwd_Bytes_PctChange5,Percentage Change,Temporal / Behaviour
timestep_10_feature_57,0.0,10,57,Avg_Fwd_Bytes_ZScore5,Z-Score,Temporal / Behaviour
timestep_10_feature_58,0.0,10,58,Avg_Fwd_Bytes_Slope5,Slope,Temporal / Behaviour
timestep_10_feature_59,0.0,10,59,Avg_Bwd_Bytes_Diff1,Difference,Temporal / Behaviour
timestep_10_feature_60,0.0,10,60,Avg_Bwd_Bytes_Diff5,Difference,Temporal / Behaviour
timestep_10_feature_62,0.0,10,62,Avg_Bwd_Bytes_PctChange5,Percentage Change,Temporal / Behaviour
timestep_10_feature_65,0.0,10,65,Avg_Bwd_Bytes_ZScore5,Z-Score,Temporal / Behaviour
timestep_5_feature_44,0.0,5,44,Avg_Bwd_Packets_Diff5,Difference,Temporal / Behaviour
timestep_10_feature_68,0.0,10,68,Avg_Bytes_Per_Second_Diff5,Difference,Temporal / Behaviour
timestep_10_feature_70,0.0,10,70,Avg_Bytes_Per_Second_PctChange5,Percentage Change,Temporal / Behaviour
timestep_10_feature_30,0.0,10,30,Avg_Flow_Duration_PctChange5,Percentage Change,Temporal / Behaviour
timestep_10_feature_33,0.0,10,33,Avg_Flow_Duration_ZScore5,Z-Score,Temporal / Behaviour
timestep_1_feature_49,0.0,1,49,Avg_Bwd_Packets_ZScore5,Z-Score,Temporal / Behaviour
timestep_5_feature_45,0.0,5,45,Avg_Bwd_Packets_PctChange1,Percentage Change,Temporal / Behaviour
timestep_5_feature_46,0.0,5,46,Avg_Bwd_Packets_PctChange5,Percentage Change,Temporal / Behaviour
timestep_10_feature_92,0.0,10,92,Avg_Packet_Length_Std_Diff5,Difference,Temporal / Behaviour
timestep_10_feature_93,0.0,10,93,Avg_Packet_Length_Std_PctChange1,Percentage Change,Temporal / Behaviour
timestep_10_feature_94,0.0,10,94,Avg_Packet_Length_Std_PctChange5,Percentage Change,Temporal / Behaviour
timestep_10_feature_74,0.0,10,74,Avg_Bytes_Per_Second_Slope5,Slope,Temporal / Behaviour
timestep_10_feature_75,0.0,10,75,Avg_Packets_Per_Second_Diff1,Difference,Temporal / Behaviour
timestep_10_feature_76,0.0,10,76,Avg_Packets_Per_Second_Diff5,Difference,Temporal / Behaviour
timestep_10_feature_78,0.0,10,78,Avg_Packets_Per_Second_PctChange5,Percentage Change,Temporal / Behaviour
timestep_10_feature_82,0.0,10,82,Avg_Packets_Per_Second_Slope5,Slope,Temporal / Behaviour
timestep_10_feature_83,0.0,10,83,Avg_Packet_Length_Diff1,Difference,Temporal / Behaviour
timestep_10_feature_85,0.0,10,85,Avg_Packet_Length_PctChange1,Percentage Change,Temporal / Behaviour
timestep_10_feature_86,0.0,10,86,Avg_Packet_Length_PctChange5,Percentage Change,Temporal / Behaviour
timestep_10_feature_105,0.0,10,105,Avg_Fwd_Packets_Per_Second_ZScore5,Z-Score,Temporal / Behaviour
timestep_10_feature_106,0.0,10,106,Avg_Fwd_Packets_Per_Second_Slope5,Slope,Temporal / Behaviour
timestep_10_feature_107,0.0,10,107,Avg_Bwd_Packets_Per_Second_Diff1,Difference,Temporal / Behaviour
timestep_10_feature_108,0.0,10,108,Avg_Bwd_Packets_Per_Second_Diff5,Difference,Temporal / Behaviour
timestep_10_feature_110,0.0,10,110,Avg_Bwd_Packets_Per_Second_PctChange5,Percentage Change,Temporal / Behaviour
timestep_10_feature_115,0.0,10,115,SYN_Count_Diff1,Difference,Temporal / Behaviour
timestep_10_feature_116,0.0,10,116,SYN_Count_Diff5,Difference,Temporal / Behaviour
timestep_1_feature_37,0.0,1,37,Avg_Fwd_Packets_PctChange1,Percentage Change,Temporal / Behaviour
timestep_1_feature_38,0.0,1,38,Avg_Fwd_Packets_PctChange5,Percentage Change,Temporal / Behaviour
timestep_1_feature_41,0.0,1,41,Avg_Fwd_Packets_ZScore5,Z-Score,Temporal / Behaviour
timestep_1_feature_42,0.0,1,42,Avg_Fwd_Packets_Slope5,Slope,Temporal / Behaviour
timestep_1_feature_43,0.0,1,43,Avg_Bwd_Packets_Diff1,Difference,Temporal / Behaviour
timestep_1_feature_44,0.0,1,44,Avg_Bwd_Packets_Diff5,Difference,Temporal / Behaviour
timestep_1_feature_45,0.0,1,45,Avg_Bwd_Packets_PctChange1,Percentage Change,Temporal / Behaviour
timestep_1_feature_46,0.0,1,46,Avg_Bwd_Packets_PctChange5,Percentage Change,Temporal / Behaviour
timestep_10_feature_102,0.0,10,102,Avg_Fwd_Packets_Per_Second_PctChange5,Percentage Change,Temporal / Behaviour
timestep_4_feature_122,0.0,4,122,SYN_Count_Slope5,Slope,Temporal / Behaviour
timestep_4_feature_123,0.0,4,123,RST_Count_Diff1,Difference,Temporal / Behaviour
timestep_1_feature_19,0.0,1,19,Flow_Count_Diff1,Difference,Temporal / Behaviour
timestep_1_feature_20,0.0,1,20,Flow_Count_Diff5,Difference,Temporal / Behaviour
timestep_10_feature_141,0.0,10,141,ACK_Count_PctChange1,Percentage Change,Temporal / Behaviour
timestep_10_feature_144,0.0,10,144,ACK_Count_RollingStd5,Rolling Std,Temporal / Behaviour
timestep_10_feature_148,0.0,10,148,Unique_Destination_Ports_Diff5,Difference,Temporal / Behaviour
timestep_10_feature_149,0.0,10,149,Unique_Destination_Ports_PctChange1,Percentage Change,Temporal / Behaviour
timestep_1_feature_21,0.0,1,21,Flow_Count_PctChange1,Percentage Change,Temporal / Behaviour
timestep_1_feature_22,0.0,1,22,Flow_Count_PctChange5,Percentage Change,Temporal / Behaviour
timestep_1_feature_25,0.0,1,25,Flow_Count_ZScore5,Z-Score,Temporal / Behaviour
timestep_3_feature_36,0.0,3,36,Avg_Fwd_Packets_Diff5,Difference,Temporal / Behaviour
timestep_3_feature_35,0.0,3,35,Avg_Fwd_Packets_Diff1,Difference,Temporal / Behaviour
timestep_3_feature_37,0.0,3,37,Avg_Fwd_Packets_PctChange1,Percentage Change,Temporal / Behaviour
timestep_3_feature_38,0.0,3,38,Avg_Fwd_Packets_PctChange5,Percentage Change,Temporal / Behaviour
timestep_3_feature_42,0.0,3,42,Avg_Fwd_Packets_Slope5,Slope,Temporal / Behaviour
timestep_3_feature_43,0.0,3,43,Avg_Bwd_Packets_Diff1,Difference,Temporal / Behaviour
timestep_3_feature_44,0.0,3,44,Avg_Bwd_Packets_Diff5,Difference,Temporal / Behaviour
timestep_3_feature_45,0.0,3,45,Avg_Bwd_Packets_PctChange1,Percentage Change,Temporal / Behaviour
timestep_3_feature_46,0.0,3,46,Avg_Bwd_Packets_PctChange5,Percentage Change,Temporal / Behaviour
timestep_3_feature_49,0.0,3,49,Avg_Bwd_Packets_ZScore5,Z-Score,Temporal / Behaviour
timestep_10_feature_117,0.0,10,117,SYN_Count_PctChange1,Percentage Change,Temporal / Behaviour
timestep_10_feature_118,0.0,10,118,SYN_Count_PctChange5,Percentage Change,Temporal / Behaviour
timestep_10_feature_122,0.0,10,122,SYN_Count_Slope5,Slope,Temporal / Behaviour
timestep_10_feature_123,0.0,10,123,RST_Count_Diff1,Difference,Temporal / Behaviour
timestep_10_feature_101,0.0,10,101,Avg_Fwd_Packets_Per_Second_PctChange1,Percentage Change,Temporal / Behaviour
timestep_1_feature_77,0.0,1,77,Avg_Packets_Per_Second_PctChange1,Percentage Change,Temporal / Behaviour
